/*******************************************************************************
 * Size: 18 px
 * Bpp: 4
 * Opts: lv_font_conv@1.5.3, SimHei, size=18, bpp=4, ASCII plus TiRTC UTF-8 glyph subset
 ******************************************************************************/

#ifdef LV_LVGL_H_INCLUDE_SIMPLE
#include "lvgl.h"
#else
#include "third_party/lvgl/lvgl/lvgl.h"
#endif

#ifndef LV_FONT_TIRTC_S3_18
#define LV_FONT_TIRTC_S3_18 1
#endif

#if LV_FONT_TIRTC_S3_18

/*-----------------
 *    BITMAPS
 *----------------*/

/*Store the image of the glyphs*/
static LV_ATTRIBUTE_LARGE_CONST const uint8_t glyph_bitmap[] = {
    /* U+0020 " " */

    /* U+0021 "!" */
    0x9f, 0x51, 0x1, 0x0, 0x3f, 0x80, 0x88, 0x0,
    0x60, 0x62, 0x2, 0x1, 0x38, 0x80, 0x80, 0xb,
    0x80, 0x4c, 0x6f, 0x10, 0x2,

    /* U+0022 "\"" */
    0xbd, 0xe, 0xa2, 0x60, 0x22, 0x1, 0x0, 0x38,
    0x44, 0xc, 0x60,

    /* U+0023 "#" */
    0x0, 0x17, 0x80, 0x2d, 0x80, 0x26, 0x20, 0x3,
    0x10, 0x4, 0x4c, 0x0, 0x26, 0x1, 0x17, 0x8,
    0x88, 0x2, 0xbe, 0x75, 0xed, 0xd, 0x79, 0xb3,
    0x6b, 0x71, 0xb5, 0x34, 0x1d, 0x4e, 0x54, 0x21,
    0x22, 0x39, 0x61, 0x10, 0x2f, 0x43, 0x35, 0x5b,
    0x5e, 0x5c, 0x6a, 0x82, 0xf4, 0xa7, 0xa4, 0xaa,
    0xb, 0x52, 0x2, 0x60, 0x0, 0x90, 0x5, 0xc4,
    0x4, 0x2, 0x0,

    /* U+0024 "$" */
    0x0, 0x85, 0x80, 0x3c, 0x76, 0x1, 0xcd, 0x85,
    0xc8, 0x0, 0x59, 0x41, 0x2b, 0x10, 0xe3, 0x83,
    0xe0, 0x70, 0x70, 0x8, 0x9c, 0x81, 0xd, 0x0,
    0x10, 0x81, 0x27, 0x26, 0x20, 0x10, 0xe3, 0x8f,
    0x98, 0x6, 0xa1, 0xc, 0x20, 0x31, 0x3, 0xd0,
    0xa0, 0xc9, 0x0, 0x18, 0x90, 0x9, 0x80, 0x42,
    0x41, 0x29, 0x7, 0x61, 0x60, 0xee, 0x51, 0x6b,
    0x30, 0x4, 0x69, 0x6a, 0x0, 0x7f, 0x0,

    /* U+0025 "%" */
    0x0, 0xff, 0x5f, 0x20, 0x1, 0xcc, 0x19, 0xe6,
    0x0, 0x1a, 0x61, 0xca, 0x84, 0x9, 0xe0, 0x10,
    0x80, 0x5c, 0xa0, 0xf, 0x36, 0x22, 0x80, 0x26,
    0x5a, 0x9a, 0x90, 0x8, 0x7b, 0x8a, 0x29, 0xd0,
    0x1, 0xb, 0x6d, 0xd9, 0xc8, 0x2, 0xc5, 0x15,
    0x37, 0x0, 0x1e, 0x18, 0x7, 0xa9, 0x8c, 0x3,
    0x84, 0x0, 0x22, 0x52, 0x70, 0x7b, 0x0, 0x45,
    0xb9, 0x0,

    /* U+0026 "&" */
    0x0, 0x26, 0xf4, 0x0, 0x61, 0xb7, 0x67, 0x30,
    0x9, 0x42, 0xe0, 0x18, 0x2, 0x70, 0x1, 0x3,
    0x0, 0x46, 0xf, 0x26, 0x60, 0xc, 0x92, 0x18,
    0x1, 0x89, 0x42, 0x0, 0x30, 0xe3, 0x1f, 0x82,
    0xe0, 0x30, 0xc7, 0x9c, 0x69, 0x7, 0x80, 0xe,
    0x1d, 0x90, 0x3c, 0x8, 0x1d, 0x4, 0x81, 0x87,
    0x1d, 0xc8, 0x2e, 0xc3, 0x8b, 0x32, 0x7e, 0x77,
    0x0,

    /* U+0027 "'" */
    0xdb, 0x12, 0x7e, 0x12,

    /* U+0028 "(" */
    0x0, 0xfd, 0x84, 0x0, 0xb7, 0x20, 0x56, 0xb0,
    0x4, 0x40, 0x0, 0x80, 0xa0, 0xd, 0x50, 0x9,
    0x70, 0x2, 0x17, 0x0, 0x8c, 0x40, 0x22, 0x60,
    0x9, 0xc8, 0x2, 0xdd, 0x0, 0x4e, 0x82, 0x0,
    0x16, 0xb0, 0xa, 0x11, 0x80, 0x3, 0xb2, 0x40,
    0x3, 0xd2,

    /* U+0029 ")" */
    0x0, 0xe4, 0xa0, 0x9, 0x5d, 0xc0, 0x1, 0xf8,
    0x20, 0x1, 0x3c, 0x0, 0x52, 0xa2, 0x0, 0x14,
    0x70, 0x8, 0xf8, 0x2, 0xe2, 0x0, 0xfc, 0x26,
    0x1, 0x77, 0x0, 0x27, 0x40, 0x2, 0x19, 0x80,
    0x13, 0x0, 0x9, 0x15, 0x5, 0x7d, 0x0, 0x2e,
    0x8, 0x0,

    /* U+002A "*" */
    0x0, 0x8f, 0xc8, 0x3, 0x8, 0x8, 0x4, 0x20,
    0xde, 0xa6, 0x6, 0xbe, 0xce, 0x95, 0x40, 0xaa,
    0x22, 0x6, 0xb1, 0x41, 0x72, 0x88, 0x13, 0x84,
    0x7, 0x90, 0x1a, 0xdb, 0x3, 0x1a, 0xd9, 0xe6,
    0xc4, 0x6, 0xe5, 0xc5, 0x80, 0x39, 0x84, 0x2,
    0x36, 0x30, 0x8,

    /* U+002B "+" */
    0x0, 0x86, 0x40, 0x3e, 0x26, 0x0, 0xff, 0xe5,
    0x57, 0xfb, 0x3, 0xfe, 0x7b, 0xcc, 0x50, 0x66,
    0x4c, 0x26, 0x66, 0x3, 0x38, 0x40, 0x3f, 0xf8,
    0xc0,

    /* U+002C "," */
    0x5a, 0x1d, 0x50, 0x83, 0x15, 0xa0,

    /* U+002D "-" */
    0x0, 0xfe, 0xaf, 0xff, 0x9a, 0xf3, 0x3e, 0x70,

    /* U+002E "." */
    0x6a, 0xf, 0x50,

    /* U+002F "/" */
    0x0, 0xff, 0xe2, 0x51, 0x80, 0x78, 0x98, 0xc0,
    0x3d, 0x10, 0x0, 0xf1, 0x8a, 0x0, 0x7a, 0x20,
    0x1, 0xe3, 0x3, 0x0, 0xf7, 0xc8, 0x7, 0x91,
    0x88, 0x3, 0xd1, 0x0, 0xf, 0x2a, 0x88, 0x3,
    0xd3, 0x0, 0x1e, 0x65, 0x10, 0xf, 0x5c, 0x0,
    0x79, 0x94, 0x40, 0x3c, 0xb2, 0x1, 0xf0,

    /* U+0030 "0" */
    0x0, 0x1e, 0x7e, 0x10, 0x4, 0x78, 0x2e, 0x3e,
    0x1, 0x40, 0xe4, 0x61, 0x38, 0xa, 0x48, 0x80,
    0xad, 0x81, 0x2, 0x0, 0x5a, 0x60, 0xc0, 0x40,
    0x11, 0x0, 0xc, 0x3, 0xf1, 0x80, 0x7e, 0x10,
    0x30, 0x8, 0xc0, 0xa, 0x8, 0x1, 0x79, 0x0,
    0x95, 0x0, 0x4e, 0xa0, 0x8, 0x39, 0x3a, 0x1a,
    0x0, 0x2c, 0x36, 0x2d, 0x10, 0x4, 0xfd, 0x7c,
    0xa0, 0x0,

    /* U+0031 "1" */
    0x0, 0xb5, 0x40, 0x16, 0x40, 0xb, 0x50, 0x2,
    0xbe, 0x0, 0x13, 0xc, 0x0, 0x20, 0x1f, 0xfd,
    0xb0,

    /* U+0032 "2" */
    0x0, 0xff, 0x47, 0x7f, 0x30, 0x2, 0x1d, 0x25,
    0x65, 0x5, 0xe2, 0x9a, 0xc7, 0x8e, 0x1c, 0x2,
    0x56, 0x27, 0x0, 0xca, 0xa0, 0xe, 0x51, 0xa0,
    0xe, 0xb4, 0x30, 0xd, 0x23, 0x40, 0x19, 0x5a,
    0x84, 0x2, 0x2a, 0x65, 0x0, 0x87, 0xe, 0x40,
    0x36, 0x8d, 0xaa, 0xe1, 0x30, 0x8a, 0xac,

    /* U+0033 "3" */
    0x0, 0x84, 0xc4, 0x3, 0xa3, 0xb3, 0xa8, 0x2,
    0x67, 0xae, 0x85, 0x70, 0x4, 0x41, 0x45, 0xcf,
    0x0, 0x1a, 0xe0, 0x13, 0x80, 0x46, 0x1, 0x1a,
    0x68, 0x6, 0x3a, 0xc6, 0x60, 0x7, 0x8, 0x10,
    0x7, 0x1d, 0xe2, 0x48, 0x7, 0x8d, 0x5c, 0x6,
    0x44, 0x2, 0x30, 0x0, 0xb4, 0x80, 0x4e, 0x80,
    0x8, 0x7a, 0x7c, 0x19, 0x0, 0x3c, 0x3c, 0x3e,
    0x18, 0x0,

    /* U+0034 "4" */
    0x0, 0xe6, 0xf0, 0xf, 0xc, 0x80, 0x7d, 0x60,
    0x1f, 0x2a, 0x98, 0x3, 0xd6, 0xde, 0x1, 0xd2,
    0x12, 0x1, 0xc6, 0xd4, 0x1, 0xee, 0x54, 0x0,
    0xe7, 0x3b, 0x0, 0xf5, 0x8f, 0x7f, 0xa4, 0x3e,
    0xbb, 0x33, 0x38, 0x64, 0x11, 0x9e, 0xe0, 0x32,
    0x0, 0xfe,

    /* U+0035 "5" */
    0x2, 0xff, 0xe8, 0x0, 0x38, 0x55, 0x6b, 0x0,
    0x69, 0xaa, 0xe3, 0x0, 0x1a, 0x80, 0x7c, 0x8b,
    0xdf, 0x88, 0x0, 0x20, 0x19, 0x90, 0xd9, 0x80,
    0x23, 0x5d, 0xb0, 0x64, 0x9, 0xc0, 0x21, 0x74,
    0x0, 0xf8, 0x44, 0xd, 0x0, 0x18, 0x88, 0x2,
    0xe4, 0x0, 0x35, 0x40, 0x61, 0xc9, 0x96, 0xc,
    0x0, 0xe2, 0xb3, 0xb7, 0x88, 0x0,

    /* U+0036 "6" */
    0x0, 0xcd, 0xe6, 0x1, 0xc3, 0xa, 0x60, 0x1d,
    0x3, 0x60, 0x1c, 0x6d, 0x22, 0x1, 0xde, 0x24,
    0x80, 0x19, 0x8c, 0x6a, 0xf9, 0x0, 0x16, 0x3b,
    0xdc, 0x5b, 0x12, 0x24, 0x10, 0xc, 0x83, 0xb0,
    0x28, 0x4, 0x41, 0xce, 0xe, 0x1, 0x8, 0x79,
    0x87, 0x0, 0x4c, 0x8, 0x10, 0xb4, 0xd3, 0x8,
    0x60, 0xf4, 0xd2, 0xed, 0x60,

    /* U+0037 "7" */
    0x3f, 0xff, 0x90, 0xaa, 0xb9, 0x81, 0x85, 0x57,
    0xe2, 0x0, 0xe4, 0x38, 0x0, 0xf7, 0xa9, 0x0,
    0x71, 0x24, 0x80, 0x7a, 0xc8, 0xc0, 0x3c, 0xd4,
    0x1, 0xe5, 0x6, 0x0, 0xf7, 0x98, 0x80, 0x79,
    0x50, 0x3, 0xc6, 0x18, 0x1, 0xe4, 0x4, 0x0,
    0xc0,

    /* U+0038 "8" */
    0x0, 0x4f, 0x7e, 0x28, 0x5, 0x2f, 0x32, 0x7a,
    0x40, 0x3, 0x5b, 0xb5, 0x97, 0x0, 0x83, 0x0,
    0x42, 0x0, 0x12, 0x80, 0x1, 0x9b, 0x0, 0x1c,
    0xbd, 0xb8, 0xcc, 0x0, 0x28, 0xaa, 0x9, 0x8,
    0x14, 0xca, 0xe7, 0x9e, 0x81, 0x1, 0x80, 0x2a,
    0x40, 0x10, 0xe, 0x10, 0x1, 0x2, 0x80, 0x6,
    0x84, 0x14, 0x6b, 0x2f, 0x8a, 0x0, 0x18, 0x84,
    0x85, 0xc, 0x0,

    /* U+0039 "9" */
    0x0, 0x47, 0x7e, 0x18, 0x2, 0xdd, 0x18, 0xb0,
    0xd1, 0x13, 0x53, 0xe1, 0x18, 0xc, 0x0, 0x14,
    0x51, 0x20, 0xc, 0x20, 0x24, 0x20, 0x12, 0x22,
    0x82, 0x84, 0x54, 0x3c, 0x56, 0xbd, 0xc5, 0x34,
    0x4, 0xee, 0x38, 0x40, 0x6, 0x16, 0x44, 0x0,
    0x66, 0x18, 0x0, 0xe8, 0x53, 0x0, 0xce, 0x36,
    0x1, 0x0,

    /* U+003A ":" */
    0x7f, 0x22, 0x29, 0xad, 0x8, 0x7, 0xff, 0x1,
    0x68, 0x49, 0x4c,

    /* U+003B ";" */
    0x7f, 0x22, 0x29, 0xad, 0x8, 0x7, 0xff, 0x1,
    0x68, 0x49, 0x4d, 0xc8, 0x89, 0x40,

    /* U+003C "<" */
    0x0, 0xf9, 0xc0, 0x3e, 0xac, 0x0, 0xf5, 0xd,
    0x80, 0x75, 0xd, 0x80, 0x75, 0xd, 0x80, 0x75,
    0x85, 0x80, 0x75, 0x8d, 0x0, 0x71, 0x2f, 0x80,
    0x78, 0xb2, 0xd4, 0x3, 0xc5, 0x96, 0xc0, 0x1e,
    0x2c, 0x86, 0x0, 0xf1, 0x65, 0xb8, 0x7, 0x8b,
    0x2a, 0x0, 0x3c, 0x38, 0x82, 0x1, 0xe1, 0xc1,

    /* U+003D "=" */
    0xaf, 0xff, 0x9a, 0xf3, 0x3e, 0x71, 0x33, 0xf8,
    0x40, 0x3f, 0xf8, 0xd5, 0xff, 0xf3, 0x5e, 0x67,
    0xce,

    /* U+003E ">" */
    0x17, 0x0, 0xfd, 0x50, 0x1, 0xe1, 0xc5, 0x80,
    0xf, 0xe, 0x24, 0x0, 0x78, 0x75, 0x20, 0x3,
    0xc3, 0xa9, 0x20, 0x1e, 0x1c, 0x59, 0x0, 0xfa,
    0xd0, 0x40, 0x39, 0xeb, 0x4, 0x3, 0x45, 0x60,
    0x80, 0x68, 0x5c, 0x10, 0xd, 0x29, 0x82, 0x1,
    0xa9, 0x70, 0x40, 0x31, 0x8e, 0x0, 0x78, 0xec,
    0x3, 0xe0,

    /* U+003F "?" */
    0x0, 0x36, 0xfe, 0x20, 0x1, 0x65, 0xa0, 0x6c,
    0x82, 0xa, 0xdf, 0xc2, 0x80, 0x90, 0x0, 0x60,
    0x41, 0xb0, 0x0, 0x50, 0xd0, 0x21, 0x1, 0x91,
    0x70, 0xd, 0xa7, 0x80, 0x19, 0xe, 0x88, 0x3,
    0x10, 0xa0, 0x7, 0x37, 0x0, 0x7f, 0xf0, 0x9f,
    0x40, 0x3d, 0xe4, 0x1, 0x0,

    /* U+0040 "@" */
    0x0, 0x15, 0x4d, 0x38, 0x4, 0x51, 0x53, 0x42,
    0xc0, 0x9, 0xa2, 0xca, 0xdd, 0x1, 0x98, 0x3f,
    0xc6, 0x58, 0x6b, 0x8a, 0xc6, 0x1e, 0x4d, 0xed,
    0xdc, 0x5, 0x21, 0x30, 0x35, 0x70, 0x25, 0x10,
    0x8, 0x4c, 0x46, 0x22, 0x9, 0x8a, 0x38, 0x85,
    0xa6, 0xbc, 0xd6, 0x97, 0xc8, 0x2f, 0xbf, 0xde,
    0x7a, 0x80, 0x31, 0xc0, 0x27, 0x0, 0x98, 0xaa,
    0x69, 0x0, 0x0,

    /* U+0041 "A" */
    0x0, 0x9b, 0xd0, 0x3, 0xd8, 0x18, 0x1, 0xe4,
    0x5, 0x0, 0xe3, 0x15, 0x21, 0x0, 0xc8, 0x12,
    0x8, 0x1, 0xac, 0xcc, 0x3e, 0x1, 0x8d, 0x1,
    0x50, 0x2, 0x40, 0xe2, 0x31, 0x20, 0x6, 0x84,
    0xeb, 0x82, 0x80, 0x10, 0xaa, 0xa0, 0xc0, 0x12,
    0x45, 0x59, 0x10, 0xe, 0x1a, 0x1, 0x68, 0x1e,
    0x2, 0x0, 0x48, 0x16,

    /* U+0042 "B" */
    0x3f, 0xfd, 0xac, 0x1, 0x96, 0x20, 0x32, 0xa0,
    0x16, 0x3b, 0xb0, 0x64, 0x3, 0xe5, 0x20, 0xf,
    0x98, 0xc0, 0x21, 0x22, 0x41, 0x58, 0x5, 0x1b,
    0xa7, 0x66, 0x0, 0x4d, 0x54, 0x66, 0x40, 0x5,
    0xea, 0xa9, 0x67, 0x20, 0xf, 0x70, 0x30, 0x7,
    0xb4, 0x18, 0x1, 0x8e, 0xeb, 0x53, 0x20, 0x2,
    0xc4, 0x19, 0xf4, 0x0,

    /* U+0043 "C" */
    0x0, 0x15, 0xff, 0x38, 0x4, 0x38, 0xb0, 0x91,
    0x0, 0x4, 0xe, 0x3d, 0x2b, 0x80, 0x19, 0x48,
    0x1, 0xe0, 0x64, 0x1a, 0x1, 0x32, 0x3, 0x1,
    0x0, 0x47, 0x66, 0x20, 0x1f, 0xfc, 0x33, 0x11,
    0x1, 0x80, 0x49, 0x88, 0xa1, 0xe0, 0x11, 0x3,
    0x9, 0xb8, 0x80, 0x34, 0x4c, 0x3c, 0x71, 0xed,
    0x20, 0x0, 0x78, 0x30, 0xb2, 0xc0,

    /* U+0044 "D" */
    0x3f, 0xfb, 0x60, 0x40, 0x32, 0xc3, 0x3e, 0x8,
    0x5, 0x8f, 0x72, 0x52, 0x1, 0xe6, 0x26, 0x0,
    0xf9, 0x4, 0x40, 0x1e, 0x10, 0x30, 0xf, 0x78,
    0x8, 0x7, 0xe1, 0x0, 0xf7, 0x1, 0x80, 0x79,
    0x8, 0x40, 0x39, 0x8a, 0x80, 0x2c, 0x7a, 0x93,
    0x70, 0x9, 0x61, 0xe3, 0x0, 0x0,

    /* U+0045 "E" */
    0xf, 0xff, 0x68, 0x4, 0x71, 0x1c, 0x1, 0x2b,
    0xbe, 0x50, 0xf, 0xfe, 0x49, 0x91, 0x60, 0xc,
    0xbb, 0xb9, 0x80, 0x24, 0xaa, 0xce, 0x1, 0x12,
    0xae, 0x10, 0xf, 0xfe, 0x4a, 0xbb, 0xf0, 0x80,
    0xe, 0x23, 0x8c,

    /* U+0046 "F" */
    0x2f, 0xff, 0x8c, 0x0, 0x91, 0x1c, 0x40, 0xc,
    0x77, 0xe1, 0x0, 0xff, 0xe4, 0x78, 0x8e, 0x0,
    0xcf, 0xdd, 0x60, 0x6, 0x5b, 0xbb, 0x80, 0x36,
    0xa2, 0x46, 0x1, 0xff, 0xda,

    /* U+0047 "G" */
    0x0, 0x1e, 0x7e, 0xa8, 0x4, 0x58, 0x30, 0x34,
    0x80, 0x8, 0x1c, 0x7c, 0x2f, 0x0, 0x2a, 0x8,
    0x1, 0x14, 0xc, 0x34, 0x2, 0x8c, 0x7, 0x2,
    0x1, 0x23, 0x0, 0x8, 0x5, 0x1b, 0xb0, 0x7,
    0x5d, 0x30, 0x0, 0x40, 0xc0, 0x97, 0xc0, 0xa,
    0x1e, 0x1, 0x70, 0x0, 0x4d, 0x84, 0x0, 0xa0,
    0x17, 0x86, 0x3d, 0x90, 0x4, 0x76, 0x10, 0xf0,
    0x0,

    /* U+0048 "H" */
    0x3f, 0x60, 0xa, 0x7c, 0x3, 0xff, 0xb6, 0x24,
    0x51, 0x80, 0x68, 0xdd, 0x94, 0x3, 0x35, 0x54,
    0x80, 0x1b, 0xd5, 0x62, 0x0, 0xff, 0xed, 0x0,

    /* U+0049 "I" */
    0x6f, 0x30, 0xf, 0xfe, 0xc0,

    /* U+004A "J" */
    0x0, 0xf5, 0xf0, 0x7, 0xff, 0x94, 0x40, 0x3c,
    0x3d, 0x0, 0x18, 0xc4, 0x4, 0x2, 0x60, 0x1,
    0x20, 0x0, 0x49, 0xc2, 0xcb, 0x6b, 0xc2, 0x41,
    0xa0, 0xd4, 0xec, 0xc0,

    /* U+004B "K" */
    0x3f, 0x60, 0x0, 0xf6, 0x80, 0x7a, 0xc7, 0x80,
    0x39, 0x96, 0xc, 0x3, 0x14, 0xa3, 0x80, 0x77,
    0xd, 0x0, 0x75, 0x99, 0x8, 0x7, 0x11, 0xd,
    0x0, 0x38, 0xb0, 0x20, 0x3, 0xac, 0x5c, 0xd0,
    0x3, 0xd2, 0x10, 0x1, 0xe1, 0x73, 0x40, 0xf,
    0x48, 0x40, 0x7, 0x85, 0xcd, 0x40,

    /* U+004C "L" */
    0x2f, 0x70, 0xf, 0xff, 0xf8, 0x7, 0xff, 0x2f,
    0x1d, 0xf8, 0x40, 0x9, 0x11, 0xc6,

    /* U+004D "M" */
    0x5f, 0xe0, 0xb, 0xfc, 0x60, 0x1, 0x10, 0x18,
    0x7, 0x94, 0x14, 0x3, 0xc6, 0x1e, 0x1, 0xc9,
    0xc0, 0xa8, 0x1, 0x8d, 0x40, 0xcc, 0x1, 0xb4,
    0xc8, 0x34, 0x3, 0x38, 0x28, 0x30, 0x6, 0x20,
    0xa2, 0x10, 0xe, 0x32, 0x70, 0xf, 0x28, 0x68,
    0x7, 0xbc, 0xc, 0x3, 0xca, 0xa, 0x1, 0x0,

    /* U+004E "N" */
    0x4f, 0xa0, 0xa, 0x7c, 0x2, 0x51, 0x0, 0xfc,
    0xc0, 0x1f, 0xc, 0x80, 0x7c, 0xc2, 0x80, 0x1e,
    0xd2, 0xf0, 0xf, 0xad, 0x8, 0x3, 0xcc, 0x14,
    0x1, 0xf3, 0x30, 0x3, 0xeb, 0x17, 0x0, 0xf1,
    0x18, 0x80, 0x7d, 0x20, 0x1f, 0x94, 0x40, 0x0,

    /* U+004F "O" */
    0x0, 0x36, 0xfe, 0xa0, 0x4, 0xd2, 0x2e, 0x16,
    0x80, 0x8, 0x3c, 0x8c, 0xf, 0x3, 0x1b, 0x0,
    0xa, 0xa0, 0x28, 0x18, 0x5, 0xa0, 0x42, 0xe,
    0x1, 0x8, 0x30, 0x7, 0xff, 0x18, 0x41, 0xc0,
    0x21, 0x6, 0x50, 0x30, 0xb, 0x40, 0x8c, 0x68,
    0x0, 0x2a, 0x80, 0x8, 0x2c, 0x7c, 0x8, 0x0,
    0x34, 0x8c, 0x5, 0x98, 0x0,

    /* U+0050 "P" */
    0x1f, 0xfd, 0xd0, 0x1, 0x92, 0x20, 0xaf, 0x0,
    0x11, 0xbb, 0xad, 0x5c, 0x3, 0xec, 0x3, 0x0,
    0xf1, 0x80, 0x7e, 0xd0, 0x20, 0x0, 0x91, 0x19,
    0xd0, 0x40, 0xd, 0xba, 0x93, 0xa0, 0x9, 0x6a,
    0xf3, 0x2, 0x1, 0x12, 0xa1, 0x80, 0x7f, 0xf4,
    0x80,

    /* U+0051 "Q" */
    0x0, 0x36, 0xfe, 0xa0, 0x4, 0xd2, 0x2e, 0x16,
    0x80, 0x8, 0x3c, 0x8c, 0xf, 0x3, 0x1b, 0x0,
    0xa, 0xa0, 0x28, 0x18, 0x5, 0xa0, 0x42, 0xe,
    0x1, 0x8, 0x30, 0x7, 0xff, 0x8, 0x40, 0x21,
    0x7, 0x5, 0xde, 0x6, 0x50, 0x30, 0x1, 0xa8,
    0x11, 0x8d, 0x2, 0x91, 0x10, 0x1, 0x5, 0x8e,
    0x0, 0xd0, 0x3, 0x48, 0xc0, 0x8b, 0x0, 0x26,
    0xdf, 0xc8, 0xb0,

    /* U+0052 "R" */
    0x3f, 0xfd, 0xac, 0x1, 0x96, 0x1c, 0x26, 0x0,
    0x2c, 0x78, 0xd2, 0x70, 0xf, 0x90, 0x4, 0x3,
    0xc6, 0x2, 0x0, 0x12, 0x23, 0xaa, 0x80, 0x28,
    0xdd, 0x42, 0x58, 0x4, 0xd4, 0x83, 0x62, 0x1,
    0x7a, 0xf8, 0xb0, 0x7, 0x90, 0xec, 0x3, 0xe9,
    0x24, 0x0, 0xf2, 0x8c, 0x0, 0x7d, 0x26, 0x60,

    /* U+0053 "S" */
    0x0, 0x36, 0xfe, 0xa8, 0x4, 0xf2, 0xcc, 0x3a,
    0x20, 0x4, 0xa5, 0xcf, 0x85, 0x80, 0x4, 0x80,
    0x2, 0xfc, 0x0, 0x27, 0x20, 0x4, 0x38, 0x3,
    0x87, 0x64, 0x40, 0x31, 0xeb, 0x33, 0x9c, 0x3,
    0x14, 0xea, 0x44, 0x0, 0x4, 0x0, 0x2b, 0x37,
    0x5, 0xd4, 0x0, 0x90, 0x9, 0xc3, 0x40, 0x23,
    0x2, 0x22, 0xb5, 0x3d, 0xa3, 0x80, 0x29, 0x92,
    0x1a, 0x60, 0x0,

    /* U+0054 "T" */
    0x3f, 0xff, 0x80, 0xa2, 0xa, 0xf, 0x10, 0x1,
    0x77, 0x60, 0x5b, 0xb8, 0x3, 0xff, 0xfe, 0x1,
    0xff, 0xc4,

    /* U+0055 "U" */
    0x3f, 0x60, 0xa, 0x3c, 0x40, 0x3f, 0xff, 0x82,
    0x2, 0x1, 0x8, 0x9, 0x6, 0x0, 0x48, 0x20,
    0x6, 0x4a, 0x7c, 0x29, 0x0, 0x4b, 0x24, 0x14,
    0x38, 0x0,

    /* U+0056 "V" */
    0xbf, 0x0, 0xc7, 0xef, 0x80, 0x60, 0x12, 0x2,
    0xa8, 0x10, 0x2, 0xc1, 0x22, 0xe, 0x0, 0x48,
    0x80, 0x2, 0x20, 0x0, 0x61, 0xe0, 0xf, 0x3,
    0x4, 0x4, 0x0, 0x20, 0x20, 0x61, 0x8, 0x0,
    0x4b, 0x1, 0x14, 0x3, 0x22, 0xc, 0x30, 0x3,
    0x68, 0x40, 0x20, 0x6, 0x40, 0x44, 0x0, 0x78,
    0xc3, 0x0, 0x3d, 0x60, 0x80, 0x10,

    /* U+0057 "W" */
    0xda, 0x7, 0xf3, 0xf, 0x96, 0x60, 0x70, 0x30,
    0x3, 0x84, 0x40, 0x40, 0x44, 0x2, 0x28, 0x18,
    0xb8, 0x41, 0xb8, 0x0, 0x48, 0x4c, 0x4, 0x40,
    0x40, 0xc6, 0x30, 0x16, 0x3, 0x17, 0x2e, 0x10,
    0x20, 0xc2, 0x20, 0x19, 0x0, 0x5, 0x14, 0x5,
    0x18, 0x0, 0x41, 0xc0, 0x40, 0x40, 0x6, 0x2,
    0x6, 0xe, 0x0, 0x10, 0x30, 0x68, 0x10, 0x3,
    0x80, 0x80, 0x81, 0x80,

    /* U+0058 "X" */
    0x2f, 0x80, 0xb, 0x34, 0x9, 0x58, 0x0, 0x66,
    0x80, 0x4, 0xb, 0x4, 0x8a, 0x80, 0x9, 0x6c,
    0x96, 0x0, 0x34, 0x97, 0xb, 0x0, 0x63, 0x43,
    0x90, 0xf, 0x10, 0x10, 0x7, 0xb, 0x4, 0x80,
    0x74, 0x85, 0x1a, 0x0, 0x42, 0xee, 0x52, 0x80,
    0xa, 0x42, 0x42, 0xc, 0xc0, 0x6, 0x51, 0x5,
    0x18, 0x7, 0x19, 0x0, 0xa5, 0xc,

    /* U+0059 "Y" */
    0x7f, 0x20, 0x9, 0x7d, 0x18, 0x2c, 0x2, 0x92,
    0x41, 0x76, 0x0, 0x19, 0xa0, 0x1, 0x20, 0xe1,
    0x24, 0xa0, 0x1, 0x59, 0x25, 0xb0, 0xd, 0x3,
    0xe2, 0xc0, 0x18, 0x90, 0xa4, 0x3, 0xda, 0x8,
    0x1, 0xff, 0xe4,

    /* U+005A "Z" */
    0xf, 0xff, 0x80, 0x13, 0x11, 0x84, 0x80, 0xc,
    0xef, 0x18, 0xc0, 0x7, 0xa4, 0xd4, 0x3, 0x98,
    0xbc, 0x3, 0xd0, 0xa6, 0x1, 0xd0, 0x30, 0x1,
    0xc2, 0xee, 0x20, 0xe, 0xb1, 0x80, 0xe, 0x35,
    0x80, 0xf, 0x79, 0x30, 0x7, 0x21, 0xbb, 0xf8,
    0x44, 0xb, 0x11, 0xc6,

    /* U+005B "[" */
    0x0, 0xe7, 0xff, 0xc0, 0x79, 0x90, 0x39, 0x9c,
    0x1, 0xff, 0xf6, 0x4f, 0xf9, 0xb3, 0x30,

    /* U+005C "\\" */
    0x7, 0x10, 0xf, 0x63, 0x80, 0x7b, 0xa8, 0x3,
    0xca, 0x46, 0x1, 0xe6, 0xa0, 0xf, 0x53, 0x80,
    0x78, 0x88, 0xa0, 0x1e, 0xae, 0x0, 0xf3, 0xa0,
    0x80, 0x70, 0xab, 0x0, 0x7b, 0xa8, 0x3, 0xc8,
    0x66, 0x0, 0xf3, 0x50, 0x7, 0xa9, 0x80, 0x3c,
    0x48, 0xc0, 0x1e, 0xea,

    /* U+005D "]" */
    0x0, 0xf1, 0x7f, 0xe4, 0x2c, 0xc8, 0x2, 0x33,
    0x84, 0x3, 0xff, 0xfe, 0x1, 0x8b, 0xfe, 0x10,
    0x2c, 0xcc, 0x80,

    /* U+005E "^" */
    0x0, 0xe, 0xfc, 0x80, 0x6a, 0x9, 0x67, 0x0,
    0x4b, 0xe3, 0x64, 0xa8,

    /* U+005F "_" */
    0xee, 0xfd, 0x80,

    /* U+0060 "`" */
    0x48, 0x40, 0x2, 0xaa, 0x80, 0x3, 0xe1, 0x0,
    0x2, 0xd7, 0x20,

    /* U+0061 "a" */
    0x0, 0x3e, 0xfe, 0xa8, 0x4, 0xd0, 0x92, 0xf4,
    0x60, 0xe, 0x69, 0x6a, 0x4, 0x0, 0x44, 0x93,
    0x58, 0x78, 0x1, 0x37, 0x52, 0x1, 0xd4, 0x39,
    0xf6, 0x20, 0x2, 0x19, 0x30, 0x21, 0x0, 0x10,
    0x4a, 0x36, 0x0, 0x80, 0x2c, 0x6e, 0xd0, 0x68,
    0x0,

    /* U+0062 "b" */
    0x2f, 0x40, 0xf, 0xfe, 0x99, 0x67, 0xea, 0x0,
    0x52, 0xd2, 0x36, 0x60, 0x4, 0xa6, 0xd0, 0x90,
    0x7, 0x0, 0x5, 0x1c, 0x0, 0x20, 0x11, 0x18,
    0x0, 0x40, 0x22, 0x0, 0xb8, 0x2, 0x44, 0x0,
    0x12, 0x9b, 0x2, 0x40, 0x12, 0xd2, 0x36, 0x60,

    /* U+0063 "c" */
    0x0, 0x36, 0xfe, 0xa8, 0x4, 0xf2, 0xf2, 0xf4,
    0xa0, 0x8, 0x5a, 0x6a, 0x2e, 0x4, 0xe, 0x0,
    0xb6, 0xc0, 0x41, 0xc0, 0x3c, 0x20, 0xe0, 0x12,
    0xd0, 0x20, 0x70, 0x5, 0x2e, 0x0, 0x85, 0xa6,
    0xa3, 0xb0, 0x3, 0xcb, 0xcb, 0x53, 0x0,

    /* U+0064 "d" */
    0x0, 0xf5, 0x58, 0x7, 0xff, 0x3a, 0x3b, 0x90,
    0x1, 0x4b, 0xba, 0x59, 0x40, 0x59, 0x92, 0xf8,
    0x0, 0x50, 0xd0, 0x1, 0x18, 0x8, 0x38, 0x4,
    0xe0, 0x20, 0xe0, 0x13, 0x82, 0x86, 0x0, 0x4,
    0xc0, 0x55, 0xdc, 0x9a, 0x1, 0x53, 0x4d, 0xaa,
    0x0,

    /* U+0065 "e" */
    0x0, 0x2e, 0xfe, 0xa8, 0x4, 0xd4, 0xb4, 0x94,
    0xa0, 0x8, 0x78, 0x59, 0x29, 0x3, 0x17, 0xff,
    0x88, 0x80, 0xe1, 0x39, 0x9c, 0xe, 0x6, 0x78,
    0x44, 0x6, 0x3c, 0x1, 0x77, 0x0, 0x10, 0x96,
    0xd4, 0x70, 0x0, 0x69, 0x69, 0x7a, 0x50,

    /* U+0066 "f" */
    0x0, 0x86, 0xbb, 0xf0, 0x3, 0x42, 0x44, 0xa8,
    0x6, 0x57, 0x66, 0x48, 0x6, 0x10, 0xe, 0x3f,
    0xf1, 0x37, 0xf9, 0xc0, 0xf3, 0x4, 0xb9, 0x86,
    0x0, 0x19, 0x80, 0xce, 0x10, 0xf, 0xff, 0x58,

    /* U+0067 "g" */
    0x0, 0xff, 0x9f, 0xb9, 0x31, 0xec, 0xb, 0x13,
    0x6e, 0x96, 0x81, 0x86, 0xeb, 0x26, 0x84, 0x1e,
    0x66, 0x1b, 0x30, 0x9, 0x3, 0x38, 0x78, 0x2,
    0x99, 0x76, 0xe8, 0x80, 0x25, 0x1, 0x20, 0xe,
    0x58, 0x75, 0x51, 0x0, 0x5c, 0x33, 0x54, 0xdb,
    0x3, 0xaa, 0x7f, 0x6b, 0x20, 0x1b, 0xc7, 0x73,
    0xa, 0xc0,

    /* U+0068 "h" */
    0xf, 0x60, 0xf, 0xfe, 0xa3, 0x6f, 0xd8, 0x80,
    0x2a, 0xe6, 0x49, 0x0, 0x3, 0xf4, 0x65, 0x40,
    0x2, 0x90, 0x0, 0x8c, 0x1, 0xa0, 0x1f, 0x8,
    0x7, 0xff, 0x44,

    /* U+0069 "i" */
    0x5f, 0x10, 0x0, 0xaf, 0x80, 0x65, 0xf1, 0x0,
    0xff, 0xe6, 0x0,

    /* U+006A "j" */
    0x0, 0xde, 0xe0, 0x18, 0x40, 0x3b, 0x9c, 0x3,
    0xfd, 0xee, 0x1, 0xff, 0xe3, 0x14, 0x86, 0x90,
    0x40, 0x69, 0x4a, 0x20,

    /* U+006B "k" */
    0xf7, 0x0, 0xff, 0xeb, 0x3f, 0xa0, 0x6, 0x58,
    0x94, 0x0, 0x8e, 0xa1, 0x80, 0x2e, 0xd0, 0x40,
    0xc, 0xca, 0x9e, 0x1, 0x8e, 0xe0, 0xd4, 0x2,
    0xb0, 0x35, 0x80, 0xf, 0x41, 0x30, 0x7, 0x12,
    0xc0, 0x0,

    /* U+006C "l" */
    0x4f, 0x20, 0xf, 0xfe, 0xc0,

    /* U+006D "m" */
    0xbb, 0x4f, 0xca, 0xf6, 0x90, 0x20, 0xb3, 0x22,
    0xca, 0x80, 0xa3, 0x42, 0x14, 0x84, 0x18, 0x2,
    0x70, 0xf, 0xff, 0x20,

    /* U+006E "n" */
    0xf, 0x67, 0xef, 0xb1, 0x0, 0x5d, 0xb2, 0xd2,
    0x0, 0x5, 0xa4, 0x8a, 0x80, 0x6, 0x10, 0x1,
    0x18, 0x3, 0x80, 0x3e, 0x10, 0xf, 0xfe, 0x88,

    /* U+006F "o" */
    0x0, 0x2e, 0xfe, 0x20, 0x4, 0xd4, 0xd2, 0x16,
    0x80, 0x9, 0x4b, 0x6c, 0x29, 0x4, 0xe, 0x0,
    0xa8, 0x88, 0x20, 0xc0, 0x11, 0x0, 0x88, 0x18,
    0x2, 0x20, 0x14, 0xe, 0x0, 0xa8, 0x88, 0x12,
    0x96, 0xd8, 0x52, 0x0, 0x69, 0x69, 0x1b, 0x40,

    /* U+0070 "p" */
    0x2f, 0x7c, 0xfd, 0x40, 0xa, 0x12, 0xda, 0xcc,
    0x0, 0xb0, 0x96, 0x32, 0x0, 0xf0, 0x9, 0x10,
    0x0, 0x10, 0x8, 0xc0, 0x22, 0x0, 0x88, 0xc0,
    0x1a, 0x0, 0x14, 0x70, 0x2, 0x53, 0x68, 0x48,
    0x2, 0x5a, 0x46, 0xcc, 0x0, 0x59, 0xfa, 0x80,
    0x1f, 0xc0,

    /* U+0071 "q" */
    0x0, 0x4f, 0x7c, 0x55, 0x84, 0xb3, 0xca, 0xa8,
    0x5, 0x99, 0x2d, 0xe0, 0x5, 0xd, 0x0, 0x11,
    0x80, 0x83, 0x80, 0x4e, 0x2, 0xe, 0x1, 0x38,
    0x28, 0x68, 0x0, 0x8c, 0x5, 0x99, 0x2d, 0xe0,
    0x14, 0xbb, 0xa1, 0x54, 0x1, 0x47, 0x72, 0x0,
    0x3f, 0xc0,

    /* U+0072 "r" */
    0x2f, 0x33, 0x5f, 0x0, 0x49, 0x8e, 0xe0, 0xa,
    0x2b, 0x24, 0x2, 0x55, 0x0, 0x77, 0x0, 0x79,
    0xc0, 0x3f, 0xf9, 0xa0,

    /* U+0073 "s" */
    0x7, 0xdf, 0xd6, 0x6, 0x85, 0xb5, 0x94, 0xf2,
    0x84, 0x88, 0x7, 0x94, 0x20, 0x3a, 0x33, 0xb5,
    0xfd, 0x0, 0x23, 0xb6, 0x16, 0x2a, 0x0, 0x9c,
    0xc8, 0x8e, 0xe4, 0x73, 0xd8, 0x7a, 0xb9, 0x77,
    0x0,

    /* U+0074 "t" */
    0x0, 0xa0, 0x80, 0x38, 0x5d, 0x80, 0x3f, 0xe8,
    0xfe, 0xb, 0xff, 0x14, 0xe5, 0x84, 0x66, 0x8,
    0x4d, 0x40, 0xce, 0x0, 0xff, 0xe7, 0x88, 0x8,
    0x7, 0x8e, 0x19, 0xe0, 0x2, 0xe6, 0x98, 0x0,

    /* U+0075 "u" */
    0xf, 0x60, 0xa, 0x38, 0x3, 0xff, 0xa4, 0x20,
    0x1f, 0x10, 0x4, 0x20, 0x2, 0x40, 0x1, 0xc9,
    0x9b, 0xc8, 0x1, 0xc5, 0x9d, 0xa, 0x0,

    /* U+0076 "v" */
    0x3f, 0x40, 0xa, 0x38, 0xc, 0xb4, 0x2, 0x57,
    0x0, 0x2b, 0x80, 0x8, 0x9a, 0x0, 0xb1, 0x30,
    0x51, 0x40, 0x1, 0x8d, 0x85, 0xb8, 0x6, 0x65,
    0x13, 0xd0, 0xd, 0x65, 0x2, 0x80, 0x18, 0xc5,
    0x90, 0x3, 0xce, 0x1c, 0x1, 0x0,

    /* U+0077 "w" */
    0xd9, 0x7, 0xf3, 0xe, 0x87, 0x50, 0xd0, 0x50,
    0x1d, 0xd1, 0x3, 0xa7, 0x18, 0x3a, 0x8, 0x8b,
    0x4d, 0x80, 0x8c, 0x10, 0x51, 0xb4, 0xc0, 0x5,
    0xea, 0x44, 0x35, 0x0, 0x3a, 0x90, 0x12, 0x78,
    0x3, 0x43, 0xc1, 0xc1, 0x0, 0x6, 0x4, 0x4,
    0x4, 0x0,

    /* U+0078 "x" */
    0xd, 0xc0, 0x0, 0xfc, 0x80, 0x24, 0xd4, 0x2c,
    0x64, 0x0, 0x8b, 0x6, 0xb6, 0x1, 0xac, 0xb4,
    0xd4, 0x3, 0xa, 0x8c, 0x80, 0x71, 0x28, 0xc0,
    0x7, 0x71, 0xe1, 0x40, 0x4, 0xc7, 0xe5, 0xe,
    0x40, 0x32, 0xc6, 0xe, 0x5c, 0x0,

    /* U+0079 "y" */
    0x4f, 0x40, 0xa, 0x3c, 0x10, 0x78, 0x2, 0x66,
    0x0, 0x19, 0x40, 0x6, 0x34, 0x0, 0xa0, 0x50,
    0xa1, 0x30, 0x1, 0x1f, 0x83, 0xb0, 0x6, 0xb5,
    0x41, 0xa0, 0xc, 0xc1, 0x46, 0x40, 0x18, 0x50,
    0x68, 0x3, 0xd8, 0xe, 0x1, 0x95, 0xe9, 0x4,
    0x3, 0x6c, 0xc, 0x80, 0x60,

    /* U+007A "z" */
    0xb, 0xff, 0xe7, 0x9, 0xcc, 0x98, 0x10, 0x8,
    0xcc, 0xc, 0xe6, 0x1, 0xb8, 0xe0, 0x3, 0x51,
    0xe8, 0x6, 0x55, 0x58, 0x80, 0x45, 0x4c, 0xa0,
    0x1b, 0x87, 0x4c, 0xe2, 0x3, 0x1b, 0xcc, 0xbc,

    /* U+007B "{" */
    0x7, 0xea, 0x8, 0x9a, 0x10, 0x20, 0xf, 0xfe,
    0x29, 0x3, 0x6, 0x9, 0x84, 0x89, 0x3, 0x83,
    0x0, 0x42, 0x1, 0xff, 0xc1, 0x10, 0x20, 0x3,
    0xcd, 0x0,

    /* U+007C "|" */
    0x4f, 0x20, 0xf, 0xff, 0x50,

    /* U+007D "}" */
    0xde, 0x40, 0xd4, 0x80, 0x1, 0x8, 0x4, 0x60,
    0x1f, 0xfc, 0x2e, 0x11, 0x3, 0x86, 0x82, 0x7,
    0x86, 0x89, 0x80, 0x7f, 0xf0, 0x8c, 0x0, 0x42,
    0x1a, 0x92, 0x0,

    /* U+007E "~" */
    0x0, 0x33, 0x0, 0x22, 0x0, 0x2c, 0xca, 0xc4,
    0x3c, 0x1, 0x17, 0x8d, 0xfa, 0xe0, 0x8, 0x43,
    0xc2, 0xb, 0x0,

    /* U+2019 "’" */
    0x37, 0x6b, 0x8a, 0x0, 0xa2, 0x80, 0x1e, 0x88,
    0x18,

    /* U+3001 "、" */
    0x17, 0x0, 0x8e, 0x1c, 0x0, 0x4d, 0x4, 0x0,
    0xb0, 0x90, 0x1, 0x22, 0x40, 0x8, 0x82, 0x0,

    /* U+3002 "。" */
    0x0, 0xe1, 0xbd, 0xb0, 0x9d, 0xd1, 0xb8, 0x90,
    0x70, 0x5c, 0xd5, 0xa9, 0x64, 0xe9, 0x0,

    /* U+4E00 "一" */
    0xc, 0xc5, 0xdf, 0xff, 0x7, 0x0, 0x6, 0x64,
    0x4f, 0xfe, 0x9, 0x80, 0x3f, 0xff, 0xf8, 0x80,

    /* U+4E0A "上" */
    0x0, 0xf8, 0x90, 0x3, 0xff, 0x88, 0xb6, 0x20,
    0x1f, 0xfc, 0x31, 0x0, 0xff, 0xf5, 0x98, 0x8f,
    0x80, 0x3f, 0xed, 0xee, 0xed, 0x0, 0xff, 0xa6,
    0xab, 0xa0, 0x3, 0xfe, 0x75, 0x5e, 0x40, 0xf,
    0xff, 0xf8, 0x7, 0xff, 0x1a, 0x1d, 0xfb, 0x1,
    0x9d, 0xfd, 0x0, 0x6, 0x99, 0xe4, 0x19, 0x9f,
    0x9c, 0x40,

    /* U+4E0D "不" */
    0x0, 0xff, 0xe2, 0x37, 0xff, 0xff, 0xb, 0x92,
    0xab, 0xd2, 0xd, 0x55, 0xd6, 0x4a, 0xbe, 0xf1,
    0x95, 0x5f, 0x0, 0x78, 0xda, 0x40, 0x3f, 0xf8,
    0x3c, 0x2, 0x2, 0x1, 0xfe, 0xa3, 0x0, 0xf,
    0x38, 0x7, 0xe8, 0x5a, 0x0, 0xb, 0x43, 0x80,
    0x7a, 0x1e, 0x50, 0x2, 0x95, 0x87, 0x0, 0xd4,
    0xf0, 0xc0, 0x1d, 0x49, 0xc, 0x7, 0xab, 0x2e,
    0x1, 0xf5, 0x94, 0xad, 0x9d, 0xb0, 0x7, 0xf6,
    0x13, 0xc7, 0xa0, 0x7, 0xf8, 0x74, 0x80, 0x40,
    0x3f, 0xfd, 0x2, 0x2, 0x1, 0xf0,

    /* U+4E0E "与" */
    0x0, 0x99, 0xc0, 0x3f, 0xf8, 0x5b, 0x40, 0x1f,
    0xfc, 0x27, 0x70, 0x7, 0xff, 0x8, 0x97, 0xff,
    0xfd, 0x0, 0x10, 0xc6, 0xef, 0xf6, 0x48, 0x0,
    0xc1, 0x8, 0xbf, 0x8c, 0x40, 0xc, 0x4, 0x1,
    0xff, 0xc1, 0xd0, 0xef, 0xff, 0xf0, 0x80, 0x27,
    0x77, 0xfc, 0xc0, 0x20, 0x1, 0x22, 0xff, 0x1,
    0x0, 0x7f, 0xf0, 0x8d, 0x81, 0xbf, 0xff, 0xdc,
    0xc, 0x40, 0x95, 0x5f, 0xf0, 0x10, 0x81, 0x2a,
    0xff, 0x90, 0x7, 0x80, 0x3f, 0xf8, 0x2, 0xe0,
    0xa0, 0x1f, 0xe3, 0xfe, 0x84, 0x30, 0xf, 0xf1,
    0xcc, 0xb2, 0xc0, 0x0,

    /* U+4E1A "业" */
    0x0, 0xff, 0xe5, 0x67, 0x80, 0x3e, 0x80, 0x3f,
    0xe7, 0x0, 0xc6, 0x1, 0xff, 0x8, 0x80, 0x2,
    0x1, 0xf9, 0x0, 0x3f, 0xe4, 0x61, 0x5, 0xb6,
    0x0, 0xff, 0x6c, 0x90, 0x28, 0x50, 0x7, 0xf9,
    0x8, 0xc0, 0xc, 0x62, 0x1, 0xf8, 0x89, 0x40,
    0x16, 0x83, 0x0, 0x7e, 0xa0, 0x60, 0x9, 0x6,
    0x80, 0x3f, 0x32, 0x88, 0x6, 0x72, 0x20, 0x7,
    0x94, 0x78, 0x3, 0xaf, 0x48, 0x3, 0xcb, 0x28,
    0x1, 0xc4, 0x40, 0xf, 0xcc, 0x1, 0xff, 0xc9,
    0x65, 0x5c, 0x22, 0x55, 0x9, 0x2a, 0xe6, 0x9,
    0xaa, 0xc8, 0x15, 0x40, 0x4a, 0xad, 0x21, 0xff,
    0xff, 0xc4, 0x0,

    /* U+4E22 "丢" */
    0x0, 0xff, 0xe6, 0x9, 0x23, 0x45, 0xf1, 0x0,
    0x43, 0xdf, 0xfb, 0xb6, 0x68, 0x89, 0x22, 0x1,
    0xd, 0x66, 0x37, 0xa0, 0x77, 0x2a, 0x5c, 0xc0,
    0x32, 0x19, 0x88, 0x44, 0x1, 0xfe, 0x2f, 0xfe,
    0x91, 0xff, 0xe5, 0x0, 0x8b, 0x31, 0xbb, 0x38,
    0xee, 0xd9, 0x84, 0x0, 0xc6, 0x62, 0x2b, 0x80,
    0x8a, 0x33, 0x8, 0x1, 0x15, 0x7d, 0xe2, 0xab,
    0xf0, 0xfd, 0xdf, 0x9c, 0x6e, 0xfe, 0x2b, 0xee,
    0xe5, 0x4e, 0xef, 0xc6, 0x1, 0xca, 0x9e, 0x0,
    0x23, 0x0, 0xfe, 0x1b, 0x85, 0x0, 0x46, 0x90,
    0x7, 0xc3, 0xa8, 0xe0, 0x15, 0x1e, 0x8, 0x7,
    0x1e, 0x17, 0x1a, 0x21, 0x59, 0x47, 0x4, 0x3,
    0x39, 0xd, 0xe5, 0x4c, 0xa8, 0xd4, 0xa8, 0x3,
    0x26, 0x77, 0xfb, 0xb7, 0x31, 0x75, 0x4e, 0x0,
    0x0,

    /* U+4E2D "中" */
    0x0, 0xf5, 0x30, 0x7, 0xff, 0x1, 0x7c, 0x3,
    0xff, 0x9c, 0x22, 0x0, 0xf6, 0xff, 0xf0, 0xbf,
    0xff, 0x48, 0x26, 0xee, 0x16, 0xdd, 0xc2, 0x0,
    0x12, 0x2c, 0x2, 0x45, 0x80, 0x40, 0x3f, 0xfa,
    0x2b, 0xbb, 0x85, 0xb7, 0x70, 0x81, 0xa4, 0xce,
    0x4, 0x99, 0xc0, 0x33, 0xc8, 0x98, 0x49, 0x13,
    0x46, 0xba, 0x80, 0x7f, 0x9d, 0x0, 0x3f, 0xf9,
    0x2, 0x1, 0xff, 0xc2, 0x10, 0xf, 0xfe, 0x40,

    /* U+4E34 "临" */
    0x0, 0x85, 0x4, 0x2, 0x10, 0xf, 0xf2, 0x59,
    0x0, 0xb, 0xa0, 0x3, 0xc6, 0xc0, 0xc0, 0x20,
    0xb, 0x38, 0x0, 0xf2, 0x48, 0x7, 0x13, 0x17,
    0x77, 0x78, 0x7, 0xee, 0x4d, 0x4a, 0xdd, 0x55,
    0x0, 0x44, 0x1, 0xa0, 0xe8, 0x57, 0x8c, 0xc8,
    0xa0, 0x1e, 0x77, 0x48, 0x95, 0xad, 0x0, 0x7f,
    0x3e, 0x30, 0x1, 0x25, 0x4c, 0x3, 0xf8, 0xd1,
    0x31, 0x43, 0xa1, 0x80, 0x7c, 0x57, 0x55, 0x5c,
    0xd5, 0xe0, 0x7, 0xc6, 0x17, 0xd6, 0x1d, 0xc7,
    0x0, 0xff, 0xe2, 0x88, 0x8, 0x80, 0x3f, 0xf9,
    0x66, 0x44, 0x3, 0x21, 0x0, 0x13, 0x0, 0x7a,
    0x76, 0x3, 0x35, 0x84, 0x16, 0x40, 0x3d, 0x5f,
    0xfd, 0x0, 0x1c, 0xe0, 0x26, 0x1, 0xf2, 0xd0,
    0x0,

    /* U+4E3A "为" */
    0x0, 0xf9, 0x90, 0x3, 0xf8, 0x50, 0x2, 0x8f,
    0x0, 0xfe, 0x8b, 0x50, 0x0, 0x98, 0x7, 0xf4,
    0xa5, 0x28, 0x3, 0xc0, 0x3f, 0xd6, 0x44, 0x10,
    0x20, 0xf, 0xc6, 0x87, 0x28, 0x80, 0x33, 0xf8,
    0x43, 0xaf, 0x2f, 0x28, 0x27, 0x33, 0xc8, 0x1b,
    0xff, 0x9c, 0x7f, 0xfb, 0x0, 0x40, 0x3c, 0x88,
    0x0, 0xe6, 0x6, 0x0, 0xe2, 0x3f, 0x57, 0x0,
    0x8c, 0xc, 0x3, 0xa0, 0x57, 0x63, 0x8, 0x38,
    0x4, 0x3, 0x1a, 0xc0, 0x45, 0x1e, 0x88, 0x88,
    0x3, 0xe, 0x9b, 0x0, 0x17, 0x1c, 0x49, 0x80,
    0x21, 0xd0, 0xd0, 0xc, 0x70, 0xc, 0x20, 0x2,
    0xc3, 0xd1, 0x0, 0xf0, 0x91, 0x1, 0xb4, 0xf0,
    0xc0, 0x31, 0x55, 0x30, 0x2c, 0x10, 0xf0, 0xc0,
    0x38, 0x99, 0x1a, 0x8c, 0x0,

    /* U+4E8C "二" */
    0x0, 0x15, 0xd5, 0x7f, 0x5e, 0x0, 0x72, 0xa2,
    0x7f, 0x29, 0x80, 0x62, 0xee, 0xff, 0xbc, 0x3,
    0xff, 0xfe, 0x1, 0xff, 0xe3, 0xba, 0xaf, 0xfe,
    0xd, 0xd8, 0x15, 0x13, 0xff, 0x82, 0xaa,

    /* U+4E91 "云" */
    0x0, 0x12, 0xa2, 0x7e, 0x55, 0x0, 0x65, 0xab,
    0xbf, 0xd5, 0x40, 0xc, 0xff, 0xff, 0xf0, 0x7,
    0xff, 0x58, 0xd5, 0x7f, 0xf8, 0x73, 0x77, 0xd5,
    0x77, 0xfa, 0x2b, 0xbb, 0x89, 0xbb, 0xbe, 0xd0,
    0xe, 0x52, 0xf0, 0xf, 0xfe, 0xd, 0xa3, 0x80,
    0x14, 0x80, 0x3f, 0x48, 0x50, 0x5, 0x38, 0x20,
    0x1e, 0x46, 0xb1, 0x0, 0xb4, 0x34, 0x3, 0x86,
    0x9d, 0x40, 0x30, 0xe9, 0xd0, 0x4, 0x5e, 0x1f,
    0x13, 0x57, 0xbd, 0x80, 0xac, 0x0, 0x21, 0x15,
    0x19, 0x8b, 0x22, 0xb3, 0x92, 0xc0, 0x2e, 0xfd,
    0xba, 0x87, 0x54, 0x31, 0xac, 0x0,

    /* U+4EA4 "交" */
    0x0, 0xff, 0xe5, 0x96, 0xc8, 0x7, 0xff, 0x8,
    0x8d, 0x80, 0x3f, 0xf8, 0x72, 0x84, 0x1, 0xf2,
    0xff, 0x77, 0x4a, 0xe7, 0x77, 0x81, 0xea, 0xec,
    0xd1, 0x77, 0xc9, 0x77, 0x40, 0x12, 0xa9, 0xda,
    0x11, 0x56, 0xd5, 0xf5, 0x53, 0x0, 0x47, 0x81,
    0x42, 0x1, 0x44, 0x17, 0x4c, 0x2, 0x6c, 0x3c,
    0x0, 0xe2, 0xeb, 0x3c, 0x20, 0x7, 0x9e, 0x25,
    0x98, 0x5, 0xc, 0xf9, 0x44, 0x0, 0x9c, 0x16,
    0x18, 0x0, 0x1a, 0xc1, 0x92, 0x80, 0x7d, 0x68,
    0xa3, 0xc6, 0xe0, 0x1f, 0xe5, 0x55, 0x69, 0xe8,
    0x7, 0xff, 0x3, 0xc0, 0xe4, 0x40, 0x3f, 0xc5,
    0x34, 0xaa, 0x8b, 0x40, 0xe, 0x14, 0x7c, 0xd4,
    0xaa, 0xad, 0xaf, 0xad, 0xd4, 0x1e, 0xe1, 0xeb,
    0x54, 0x0, 0x9b, 0x68, 0xb1, 0x80, 0xd5, 0xd6,
    0xa0, 0x1e, 0x4a, 0xed, 0x80,

    /* U+4EBA "人" */
    0x0, 0xfd, 0xa, 0x1, 0xff, 0xc4, 0x7e, 0x0,
    0xff, 0xe2, 0x90, 0x7, 0xff, 0x10, 0x40, 0x3f,
    0xf8, 0xa2, 0x1, 0xff, 0xc6, 0x20, 0xf, 0xfe,
    0x19, 0x82, 0x80, 0x7f, 0xf0, 0xd0, 0x4, 0xc0,
    0x3f, 0xf8, 0x56, 0x8b, 0x0, 0x1f, 0xfc, 0x12,
    0x3e, 0xe2, 0x18, 0x7, 0xff, 0x2, 0x5, 0x50,
    0xbc, 0x3, 0xfe, 0x55, 0x58, 0x3, 0x8e, 0x0,
    0x3f, 0x8a, 0xd1, 0x40, 0x6, 0xef, 0x0, 0x7c,
    0x78, 0x74, 0x1, 0xa1, 0x22, 0x40, 0x39, 0xf0,
    0xf0, 0x40, 0x3a, 0xd1, 0xb5, 0x40, 0x15, 0xb,
    0xa2, 0x1, 0xf5, 0xc1, 0x70, 0x2, 0xea, 0x80,
    0x1f, 0xe7, 0xea, 0x0,

    /* U+4ECD "仍" */
    0x0, 0xe2, 0x0, 0xff, 0xe2, 0xe, 0xb2, 0x27,
    0xe2, 0x0, 0xf4, 0x83, 0xdd, 0xfe, 0x50, 0xf,
    0x34, 0xf, 0xf8, 0x23, 0xfd, 0x60, 0x60, 0x1d,
    0x2, 0xe0, 0x18, 0x40, 0x4, 0xa, 0x1, 0x85,
    0xc4, 0x3, 0xf7, 0x90, 0x80, 0x6b, 0x0, 0xf8,
    0xc0, 0xa, 0xc4, 0x40, 0x2, 0xa9, 0x80, 0x30,
    0x80, 0x80, 0xd, 0x37, 0x42, 0x10, 0xfe, 0x1,
    0x88, 0x18, 0x1, 0xdc, 0x70, 0x10, 0xf8, 0x0,
    0xe5, 0x2, 0x0, 0x8, 0xc4, 0x0, 0x20, 0xf,
    0x69, 0x80, 0x71, 0x30, 0x7, 0xf2, 0x20, 0x3,
    0x98, 0x80, 0x3f, 0x38, 0x50, 0x7, 0x1f, 0x0,
    0x7e, 0x95, 0x20, 0xe, 0x12, 0x0, 0xfa, 0x86,
    0x0, 0x39, 0x81, 0x80, 0x30, 0x89, 0x55, 0x4,
    0x1, 0x3f, 0xc9, 0x18, 0x7, 0x96, 0x9c, 0x3,
    0x2b, 0xd6, 0x80, 0x0,

    /* U+4ECE "从" */
    0x0, 0xff, 0x9, 0x0, 0x7f, 0x9f, 0x44, 0x2,
    0x5d, 0x50, 0xf, 0xf1, 0x8, 0x7, 0x30, 0x7,
    0xf0, 0x80, 0x7f, 0xf1, 0x84, 0x3, 0xff, 0x94,
    0x20, 0x1f, 0xf0, 0x98, 0x7, 0x98, 0x3, 0xfb,
    0x8c, 0x3, 0x10, 0x10, 0x7, 0xf1, 0xc, 0x80,
    0x58, 0x18, 0x1, 0xfc, 0xa8, 0xd2, 0x0, 0x55,
    0x20, 0x80, 0x7c, 0x83, 0x12, 0xce, 0xa3, 0x3,
    0x20, 0x1f, 0x79, 0x99, 0x97, 0x78, 0xc9, 0x9c,
    0x40, 0x39, 0x11, 0x0, 0xb, 0xe4, 0x80, 0x90,
    0xb0, 0xc, 0x34, 0xa8, 0x0, 0x19, 0x44, 0x0,
    0xc2, 0xb0, 0x0, 0x70, 0x2c, 0x2, 0xb3, 0xa0,
    0x9, 0xce, 0x58, 0x5, 0x74, 0x40, 0x18, 0x94,
    0x20, 0x1b, 0x4a, 0x80, 0x10, 0x60, 0x14, 0xda,
    0x0, 0x70, 0xfe, 0x80,

    /* U+4EE4 "令" */
    0x0, 0xff, 0xe6, 0x8e, 0xb8, 0x7, 0xff, 0xe,
    0xca, 0xc0, 0x3f, 0xf8, 0x4a, 0xb1, 0x50, 0x7,
    0xff, 0x1, 0x29, 0x2b, 0x56, 0xc4, 0x3, 0xf9,
    0x2c, 0xec, 0xe, 0xd3, 0xc, 0x3, 0xe7, 0xb3,
    0xc7, 0xd1, 0x4d, 0x3c, 0xa2, 0x0, 0x8b, 0x21,
    0x70, 0x10, 0xb0, 0x4b, 0x95, 0x5b, 0x44, 0x4d,
    0x39, 0xa0, 0x1, 0xd1, 0x10, 0x1, 0x56, 0x4c,
    0x44, 0xbd, 0x60, 0xc, 0xbc, 0x60, 0x12, 0x6e,
    0x80, 0x8, 0xdf, 0xfe, 0xef, 0xfe, 0x11, 0x0,
    0x4b, 0x55, 0xfc, 0x40, 0x40, 0x1c, 0x2a, 0xbf,
    0xbc, 0x9f, 0x44, 0x3, 0xe1, 0x50, 0xa, 0xd6,
    0xe0, 0x3, 0xfa, 0x6b, 0x52, 0xd3, 0x10, 0x3,
    0xfd, 0x16, 0x16, 0x92, 0x60, 0x1f, 0xfc, 0x4,
    0xd9, 0x19, 0x70, 0xf, 0xfe, 0x13, 0x79, 0x88,
    0x7, 0xff, 0xc, 0x71, 0x80, 0x3c,

    /* U+4EE5 "以" */
    0x0, 0xff, 0xe5, 0x63, 0x80, 0x74, 0xc8, 0x40,
    0x22, 0x30, 0x2, 0xc2, 0x80, 0x62, 0x61, 0x0,
    0xaf, 0x0, 0x12, 0x94, 0x60, 0x13, 0x90, 0x7,
    0x8, 0x5, 0x43, 0xc0, 0x10, 0xb0, 0x7, 0xf0,
    0xd1, 0x90, 0x0, 0x88, 0x1, 0xfe, 0x4e, 0x20,
    0x10, 0xe0, 0xf, 0xfe, 0x11, 0x1, 0x0, 0x7f,
    0xf0, 0x90, 0x10, 0x3, 0xf1, 0x60, 0x80, 0x56,
    0x42, 0x1, 0xf0, 0xf9, 0xa8, 0x0, 0xcd, 0x40,
    0x1f, 0x16, 0x1e, 0xa0, 0x3, 0xc3, 0xc0, 0x3c,
    0x38, 0x1e, 0x40, 0xa, 0x34, 0x77, 0x0, 0x63,
    0x3, 0xc1, 0x1, 0xb5, 0xab, 0x68, 0x70, 0x9,
    0xb, 0x4, 0x1b, 0xd6, 0xd4, 0x25, 0x61, 0x40,
    0x19, 0x81, 0x7e, 0x95, 0xf4, 0x0, 0xa8, 0xe0,
    0x0, 0x42, 0xa, 0x55, 0x62, 0x1, 0xdb, 0xa0,

    /* U+4EF6 "件" */
    0x0, 0xd2, 0xc0, 0x18, 0xa8, 0x80, 0x3e, 0x16,
    0x10, 0x30, 0x0, 0xa8, 0x7, 0xe6, 0x27, 0xf,
    0xc0, 0xf, 0xfa, 0x68, 0x0, 0x72, 0x1, 0xfe,
    0x81, 0x10, 0x28, 0x46, 0xf0, 0x7e, 0xec, 0x0,
    0x37, 0x0, 0xb9, 0x22, 0x14, 0x15, 0x10, 0xb0,
    0x1d, 0x51, 0x3, 0x48, 0x55, 0x20, 0x2a, 0xcc,
    0xa, 0x16, 0x0, 0xb3, 0x30, 0x7, 0xf2, 0x78,
    0x80, 0x23, 0x40, 0x3f, 0xe1, 0x0, 0x95, 0xd9,
    0xab, 0x5, 0x66, 0x9c, 0x3, 0xb2, 0xea, 0xa5,
    0xa, 0xaa, 0xe8, 0x3, 0xa7, 0x73, 0x2e, 0xf,
    0xcc, 0x6e, 0x80, 0x3f, 0xff, 0x62, 0x20, 0xf,
    0x84, 0x3, 0xee, 0x70, 0xe, 0x3f, 0x30, 0xc,

    /* U+4EFD "份" */
    0x0, 0xc6, 0x20, 0x1f, 0xfc, 0x48, 0xf0, 0x9,
    0x40, 0x19, 0x0, 0x1f, 0x92, 0x40, 0x7, 0x4a,
    0xc, 0x80, 0x1f, 0x38, 0x38, 0x2, 0xc5, 0x43,
    0xcc, 0x80, 0x3d, 0x2c, 0x1, 0x33, 0x0, 0xa,
    0x36, 0x1, 0xd0, 0x3c, 0x0, 0x71, 0x90, 0xa,
    0x58, 0x80, 0x22, 0x70, 0x8, 0xa2, 0x2, 0x1,
    0x39, 0x48, 0x5, 0xc6, 0x40, 0x3e, 0x4, 0xab,
    0xe4, 0x90, 0x11, 0x70, 0x3, 0x49, 0xae, 0xae,
    0xea, 0x77, 0x88, 0x74, 0x80, 0x1f, 0x73, 0xc1,
    0x7d, 0xc8, 0x18, 0xc2, 0x0, 0xe3, 0x40, 0x9,
    0x80, 0x23, 0x2, 0x0, 0xfe, 0x30, 0x10, 0x7,
    0x80, 0x7f, 0xf0, 0x10, 0x48, 0x2, 0x10, 0xf,
    0xfa, 0x9c, 0x2, 0x17, 0x0, 0xff, 0x49, 0x58,
    0x4, 0x42, 0x1, 0xe3, 0xf0, 0xa6, 0xa2, 0x9,
    0xa4, 0xd0, 0xf, 0xc2, 0xd2, 0xa0, 0x3, 0x67,
    0x70, 0x7, 0xba, 0x7, 0x18, 0x2, 0xac, 0x80,
    0xc,

    /* U+4F19 "伙" */
    0x0, 0xc2, 0xc0, 0x19, 0x34, 0x80, 0x3f, 0x9e,
    0x4c, 0x3, 0x10, 0x7, 0xfa, 0xd4, 0xc0, 0x38,
    0xc0, 0x3f, 0x21, 0x48, 0x34, 0x80, 0x71, 0xb8,
    0x80, 0x69, 0x13, 0xc, 0x50, 0xe, 0xb8, 0x10,
    0x9, 0xc8, 0x2, 0x44, 0x0, 0x42, 0xa, 0xc0,
    0x11, 0x41, 0x0, 0x8, 0x70, 0x8, 0x4, 0x89,
    0xa0, 0x17, 0x9d, 0x0, 0x1c, 0x50, 0x38, 0x9,
    0xc9, 0x0, 0x24, 0xd1, 0x0, 0x2f, 0x0, 0x10,
    0x11, 0x74, 0x3, 0x48, 0x80, 0x78, 0x4c, 0xa8,
    0x3, 0xff, 0x84, 0xc1, 0xe4, 0x60, 0x1f, 0xfc,
    0x19, 0x62, 0x4f, 0x0, 0xff, 0xe0, 0x40, 0xc0,
    0x41, 0xb8, 0x7, 0xf9, 0x5e, 0x44, 0xd, 0xa1,
    0x40, 0x38, 0x40, 0xb, 0x4a, 0xc0, 0x14, 0x9d,
    0x38, 0x7, 0x8, 0x12, 0x50, 0x7, 0x69, 0xf0,
    0x6, 0x7f, 0x7, 0xb0, 0xf, 0xe, 0x48, 0x0,

    /* U+4F1A "会" */
    0x0, 0xfc, 0x42, 0x1, 0xff, 0xc4, 0xff, 0x0,
    0x7f, 0xf0, 0xe8, 0xc5, 0x80, 0x3f, 0xf8, 0x30,
    0xbb, 0x72, 0xa0, 0x1f, 0xf4, 0xb6, 0x1a, 0x55,
    0x20, 0x3, 0xf0, 0xe3, 0xe1, 0x80, 0x16, 0xdf,
    0x4c, 0x3, 0x9f, 0x9e, 0x19, 0x13, 0x4, 0xb6,
    0x5a, 0x80, 0xf4, 0x42, 0xe2, 0x67, 0xdb, 0x74,
    0xdc, 0x3, 0x5a, 0xe1, 0xdb, 0xbe, 0xb0, 0x5d,
    0xb0, 0x2, 0x9, 0x91, 0x7f, 0x19, 0xc0, 0x1b,
    0x37, 0x32, 0xdc, 0xce, 0xdd, 0x70, 0x6, 0xfe,
    0xeb, 0xc5, 0xfb, 0xbd, 0xa0, 0x1f, 0xe, 0x5,
    0x81, 0xe0, 0x80, 0x7f, 0xe, 0xf, 0x90, 0x10,
    0x79, 0x0, 0x7c, 0xbe, 0xda, 0x4, 0x54, 0x8e,
    0x10, 0x7, 0x15, 0xa, 0x77, 0x33, 0x1d, 0x28,
    0x18, 0x40, 0x18, 0xab, 0x37, 0xbf, 0xb9, 0xb9,
    0x78, 0x84, 0x0,

    /* U+4F34 "伴" */
    0x0, 0xc6, 0x20, 0x18, 0x90, 0x3, 0xfd, 0xf8,
    0x1, 0x96, 0xc0, 0x21, 0x0, 0xe1, 0x38, 0x5c,
    0x0, 0x8, 0x80, 0xb, 0xe4, 0x1, 0xa4, 0x95,
    0xe, 0x0, 0x3a, 0x14, 0x80, 0x21, 0x75, 0x1,
    0x87, 0x20, 0xa, 0xa, 0x40, 0x34, 0x87, 0x80,
    0x1d, 0x8c, 0x2, 0xe9, 0x20, 0x8, 0x9c, 0x2,
    0x21, 0x80, 0x10, 0x17, 0x71, 0x0, 0x5e, 0x84,
    0x3, 0xbd, 0xd4, 0xf, 0x75, 0xaa, 0x4, 0x72,
    0x0, 0x1e, 0xff, 0xa0, 0x7f, 0xee, 0x50, 0x2f,
    0x20, 0x8, 0x40, 0x21, 0x0, 0xc2, 0x1, 0x8,
    0x4, 0x46, 0x45, 0x70, 0x11, 0x63, 0x0, 0xf4,
    0x66, 0xec, 0xe3, 0xbb, 0xb0, 0x3, 0xd5, 0xff,
    0xa4, 0x7f, 0xf8, 0x3, 0xff, 0xbb, 0xe0, 0x1f,
    0xfc, 0x43, 0x0, 0xf0, 0x88, 0x3, 0xc0,

    /* U+4F46 "但" */
    0x0, 0x86, 0x90, 0x3, 0xff, 0x86, 0x8a, 0x20,
    0x23, 0xfc, 0x1, 0xdc, 0x2a, 0x1f, 0xdd, 0xf8,
    0x3, 0xa, 0x38, 0x0, 0xdb, 0xff, 0x98, 0x40,
    0x34, 0x0, 0x80, 0x7f, 0x8, 0x6, 0x26, 0x0,
    0xff, 0xe2, 0x79, 0x88, 0x6, 0x6e, 0xee, 0x70,
    0x8, 0xca, 0x0, 0x39, 0x6a, 0xb9, 0x40, 0x23,
    0xc4, 0x0, 0xe3, 0x44, 0xe2, 0x0, 0xc6, 0x1,
    0xff, 0xcd, 0x11, 0xf8, 0x3, 0xf8, 0xdb, 0xbb,
    0x98, 0x3, 0xfd, 0xdf, 0xff, 0x80, 0x3f, 0xf9,
    0xa6, 0xcd, 0xff, 0x10, 0x7, 0x5c, 0x47, 0xfc,
    0x80, 0x10, 0x84, 0x77, 0x7f, 0xcc,

    /* U+4F4F "住" */
    0x0, 0xcc, 0x20, 0x19, 0x80, 0x3f, 0x86, 0x74,
    0x2, 0x89, 0x40, 0xf, 0xcc, 0x10, 0x1, 0x48,
    0x98, 0x7, 0xea, 0x25, 0x66, 0x9e, 0x5, 0x9b,
    0x8, 0x1, 0x89, 0xa, 0x62, 0x29, 0x94, 0x46,
    0x50, 0x4, 0x0, 0xf, 0xfb, 0xa1, 0x7e, 0xec,
    0x81, 0x42, 0x20, 0xf, 0xfe, 0xa, 0xaa, 0xc,
    0x3, 0xff, 0x82, 0x8a, 0xe0, 0x11, 0xb3, 0x42,
    0x6c, 0xd1, 0x0, 0xd0, 0x6, 0x48, 0x88, 0x12,
    0x21, 0x2c, 0x1, 0xf3, 0xf7, 0x42, 0xfd, 0xcf,
    0x40, 0xf, 0xff, 0x68, 0x99, 0xe1, 0x23, 0x39,
    0xc, 0x3, 0x93, 0x33, 0x2, 0xe6, 0x57, 0xc0,
    0x11, 0x82, 0xf7, 0x7f, 0xb0,

    /* U+4F53 "体" */
    0x0, 0xca, 0x1, 0xce, 0x80, 0x1f, 0xc9, 0x48,
    0x1, 0xa4, 0x80, 0x3f, 0xb0, 0x50, 0x3, 0x18,
    0x7, 0xf9, 0x98, 0x1, 0xff, 0xc3, 0x41, 0xc8,
    0xff, 0xc5, 0x3f, 0xfa, 0x0, 0x2f, 0x0, 0x56,
    0x6d, 0x0, 0x88, 0xf7, 0x59, 0x40, 0x4, 0x40,
    0x0, 0x8c, 0xb4, 0xcc, 0x86, 0x62, 0x32, 0x0,
    0x4a, 0x80, 0x72, 0xa0, 0x60, 0xb0, 0x6, 0x11,
    0x58, 0x6, 0x62, 0x90, 0x4, 0xc8, 0x40, 0x21,
    0xc1, 0x0, 0x86, 0x18, 0x40, 0xe, 0x74, 0x1,
    0xfd, 0xa7, 0x20, 0x1b, 0x92, 0x80, 0x3c, 0x58,
    0x7c, 0x1, 0xc7, 0x4b, 0xa2, 0x1, 0xb8, 0x71,
    0x3b, 0x85, 0x1d, 0xc4, 0xb8, 0x10, 0xd, 0x9a,
    0x6b, 0x54, 0x16, 0xda, 0x14, 0x50, 0xf, 0xc4,
    0x88, 0x3e, 0x34, 0x0, 0xff, 0xe1, 0x18, 0x80,
    0x7f, 0x8, 0x7, 0xff, 0x8,

    /* U+4F7F "使" */
    0x0, 0x89, 0x0, 0x39, 0xa0, 0x3, 0xf9, 0x6c,
    0x80, 0x37, 0xa8, 0x7, 0xf5, 0xa0, 0x22, 0x62,
    0x4, 0x4c, 0x60, 0x11, 0x1e, 0xa5, 0x56, 0x42,
    0xaa, 0xde, 0x1, 0x58, 0x13, 0x77, 0x66, 0x3e,
    0xed, 0x80, 0x1, 0x60, 0xb, 0x37, 0x66, 0x3d,
    0xdc, 0x1, 0x5a, 0x0, 0x44, 0x9d, 0xc5, 0x2e,
    0xe2, 0x90, 0x0, 0x97, 0xc0, 0x23, 0xe3, 0x38,
    0x4c, 0xdc, 0x1, 0x14, 0xa0, 0x4, 0x7c, 0x88,
    0x31, 0x44, 0x70, 0x6, 0x60, 0xc, 0x4f, 0x54,
    0x52, 0xaa, 0x30, 0x80, 0x7e, 0xd9, 0xee, 0x23,
    0x77, 0x60, 0xf, 0xc5, 0xc, 0xd, 0xc0, 0x1f,
    0xfc, 0x3, 0x99, 0x41, 0x18, 0x7, 0xff, 0x5,
    0xa1, 0xc1, 0x0, 0x3f, 0xf8, 0x42, 0x0, 0xc3,
    0x0, 0xfe, 0x10, 0x19, 0x95, 0x60, 0xe6, 0x21,
    0x90, 0x3, 0xcd, 0xc1, 0xaa, 0x7b, 0x6a, 0xa9,
    0xe0, 0xd, 0xea, 0xdd, 0x24, 0x1, 0x24, 0xef,
    0xd0, 0x0,

    /* U+4F9B "供" */
    0x0, 0xce, 0x60, 0x11, 0x0, 0x7f, 0xd1, 0xa2,
    0xd, 0x80, 0xf, 0x90, 0xf, 0x20, 0x40, 0x81,
    0x80, 0x42, 0x20, 0xf, 0x70, 0xb0, 0x7, 0xde,
    0x1, 0xc4, 0xae, 0x6, 0x9a, 0x8, 0x81, 0xe4,
    0x40, 0x5, 0x0, 0x14, 0xd3, 0x8d, 0x50, 0x1a,
    0xac, 0x81, 0x14, 0x2, 0xae, 0xa1, 0xee, 0xc,
    0x77, 0x90, 0xd2, 0x10, 0x7, 0xff, 0x4, 0x66,
    0x80, 0x3f, 0xf8, 0x6e, 0x20, 0x10, 0x88, 0xc0,
    0x44, 0x1e, 0x23, 0x0, 0x71, 0x77, 0x24, 0x7b,
    0x82, 0xfd, 0xcb, 0x0, 0xe2, 0xbb, 0xff, 0x48,
    0x7, 0x91, 0x19, 0xa8, 0x80, 0x85, 0x43, 0x0,
    0xf9, 0x1c, 0xc0, 0x23, 0xd0, 0xf, 0xc5, 0x45,
    0x40, 0x4, 0x83, 0x90, 0xc, 0x60, 0x78, 0x1e,
    0x1, 0x9d, 0x19, 0x0, 0x3c, 0x74, 0x40, 0x1d,
    0x4a, 0xa0, 0xb, 0xa4, 0xf5, 0x0, 0x3c, 0x34,
    0x20,

    /* U+4FDD "保" */
    0x0, 0xce, 0x60, 0x1f, 0xfc, 0x48, 0xb0, 0xef,
    0xff, 0x88, 0x3, 0x94, 0x24, 0x1, 0x1b, 0xba,
    0x80, 0xc0, 0x3a, 0x58, 0x40, 0x4, 0x5c, 0xe0,
    0x1e, 0x33, 0x78, 0x7, 0xff, 0xf, 0xc0, 0x30,
    0xd7, 0x76, 0xc0, 0x30, 0x9, 0x4c, 0x40, 0x2c,
    0xc6, 0xb0, 0xee, 0xb0, 0x80, 0x5, 0x50, 0x60,
    0x11, 0x9d, 0xc2, 0x67, 0x0, 0x42, 0x4e, 0x0,
    0x25, 0x5d, 0xe2, 0xab, 0xc0, 0x7a, 0x1, 0x3d,
    0xdd, 0x4c, 0x15, 0x77, 0x80, 0x3c, 0xbd, 0xc9,
    0x4, 0x1, 0xae, 0xe8, 0x3, 0xf0, 0xca, 0x68,
    0xcc, 0x80, 0x3f, 0xeb, 0x19, 0x0, 0x38, 0x58,
    0x7, 0xf4, 0x2d, 0x10, 0x5, 0xc9, 0x86, 0x1,
    0xe9, 0x77, 0x28, 0x6, 0x3b, 0x3c, 0x20, 0x8,
    0xc2, 0xe2, 0x0, 0x1e, 0x4d, 0xa2, 0x0, 0xc2,
    0x4e, 0x1, 0x8, 0x80, 0x22, 0x50,

    /* U+4FE1 "信" */
    0x0, 0xc8, 0x60, 0x18, 0xd4, 0x3, 0xfd, 0x1c,
    0x1, 0x96, 0x80, 0x3f, 0x84, 0xec, 0x8b, 0x2a,
    0x20, 0x8b, 0x0, 0x69, 0x6, 0xcd, 0xdb, 0x12,
    0xf7, 0x72, 0x0, 0x4c, 0x41, 0xdf, 0xff, 0xe4,
    0x0, 0x38, 0x80, 0x4a, 0xbf, 0x98, 0x40, 0x3,
    0x2, 0x1, 0x7f, 0x77, 0xd4, 0x60, 0xa, 0x19,
    0x0, 0xa2, 0x6a, 0xbd, 0xc4, 0x0, 0xc8, 0x10,
    0xb, 0xf7, 0xbb, 0xda, 0x60, 0x7, 0x60, 0xd,
    0xbf, 0xff, 0x8c, 0x3, 0xf1, 0x19, 0xfe, 0x0,
    0xfe, 0x9d, 0xff, 0xee, 0xc0, 0xf, 0xe1, 0x5c,
    0xce, 0x90, 0xf, 0xfe, 0x0, 0x8f, 0x0, 0x7f,
    0xf0, 0x13, 0xbb, 0xac, 0x3, 0xc2, 0x60, 0x12,
    0x77, 0x75, 0x0, 0x7b, 0xc0, 0x21, 0x1, 0x1f,
    0x0, 0x40,

    /* U+505C "停" */
    0x0, 0x8e, 0x0, 0x39, 0xe8, 0x3, 0xfa, 0xd4,
    0xc, 0x8a, 0xf5, 0x32, 0x2c, 0x1, 0x95, 0x47,
    0x99, 0x98, 0x77, 0x32, 0xf0, 0x9, 0xb, 0x4f,
    0xfb, 0xbf, 0xb4, 0x2, 0x80, 0x10, 0x1f, 0xff,
    0xc4, 0x1, 0x21, 0x80, 0x42, 0x17, 0xdd, 0xb4,
    0x3, 0xa5, 0x4, 0x3, 0x45, 0xde, 0x90, 0xc,
    0x47, 0x20, 0x1a, 0xa7, 0xff, 0x75, 0x10, 0x0,
    0xbc, 0x80, 0x19, 0xb1, 0x1f, 0xb7, 0x42, 0x2,
    0x1, 0x15, 0x77, 0x7f, 0x11, 0x80, 0x74, 0xab,
    0x9, 0x16, 0x17, 0x8, 0x30, 0xe, 0x72, 0xad,
    0xee, 0xdb, 0x6a, 0xe2, 0x1, 0xf7, 0xfd, 0xa1,
    0xdf, 0xe6, 0x0, 0xff, 0xee, 0x88, 0x80, 0x33,
    0xd8, 0x7, 0xff, 0x12, 0x99, 0x4, 0x3, 0xf7,
    0xa8, 0x6, 0xfe, 0xb0, 0xf, 0x0,

    /* U+50CF "像" */
    0x0, 0xff, 0xe4, 0x95, 0x98, 0x1, 0x70, 0xc0,
    0x3f, 0xca, 0x80, 0x14, 0x8, 0xf0, 0x7, 0xd8,
    0x66, 0xb, 0x23, 0xcf, 0xea, 0x0, 0xf0, 0xa5,
    0x4, 0xa5, 0xf7, 0x30, 0x20, 0x3, 0xd2, 0xb,
    0x4c, 0x15, 0xdc, 0xd0, 0xde, 0xe0, 0x80, 0x5,
    0x80, 0x1c, 0xe1, 0xfe, 0x63, 0xef, 0xa1, 0x10,
    0x2, 0x40, 0x24, 0xc0, 0x11, 0x22, 0x4, 0x40,
    0x18, 0xde, 0x0, 0x3b, 0xfc, 0x6f, 0xfe, 0xb0,
    0x10, 0x39, 0x60, 0x9, 0x3e, 0x41, 0x7f, 0xea,
    0xf1, 0x0, 0x30, 0x4, 0x2f, 0xb7, 0xa, 0x85,
    0x94, 0x80, 0x1f, 0x2c, 0x2e, 0x59, 0x5e, 0x9e,
    0xa0, 0x7, 0xc9, 0xf9, 0xeb, 0x80, 0xe4, 0xe0,
    0x1f, 0x8e, 0xed, 0x17, 0x80, 0x77, 0x61, 0x0,
    0xf8, 0x45, 0xa1, 0xa9, 0x2e, 0xc5, 0xa2, 0x1,
    0xe2, 0xee, 0x4c, 0xc2, 0x0, 0xd2, 0x80, 0xf,
    0x15, 0x3e, 0xb1, 0x52, 0x80, 0xfc, 0x80, 0x42,
    0xe, 0x5f, 0x64, 0xfa, 0x10, 0x0, 0x10, 0xc,
    0x3e, 0x80, 0x20, 0x6, 0xbd, 0x10, 0xe,

    /* U+5148 "先" */
    0x0, 0xfc, 0x68, 0x1, 0xff, 0xc0, 0xa6, 0x0,
    0x4d, 0x80, 0x7f, 0xc4, 0xbc, 0x1, 0xff, 0xc3,
    0x50, 0xc3, 0x30, 0x81, 0x9f, 0x0, 0x7a, 0x42,
    0xf3, 0x8, 0x19, 0x9b, 0x40, 0x39, 0xc6, 0xfb,
    0xa5, 0xe, 0xed, 0x80, 0x1d, 0x68, 0x81, 0x18,
    0x0, 0x23, 0x88, 0x3, 0x1f, 0xc1, 0x16, 0x10,
    0x22, 0xf1, 0x80, 0x33, 0x2d, 0xdc, 0x81, 0xbb,
    0xec, 0x30, 0xde, 0xec, 0xf, 0xdc, 0x80, 0xee,
    0xda, 0x60, 0x42, 0x31, 0x86, 0x88, 0x80, 0x2,
    0x38, 0x80, 0x3c, 0x80, 0xe0, 0x1f, 0xfc, 0x3a,
    0x32, 0x0, 0xff, 0xe1, 0x29, 0xc8, 0x7, 0xe6,
    0x20, 0xc, 0x74, 0x8a, 0x1, 0xfa, 0xf4, 0x40,
    0x63, 0xe, 0xc0, 0x30, 0x83, 0x23, 0x12, 0x8,
    0x4b, 0xae, 0x0, 0x73, 0x94, 0xdc, 0x9c, 0x80,
    0x23, 0x68, 0x3, 0xc3, 0xbf, 0xf6, 0x10, 0x0,

    /* U+514B "克" */
    0x0, 0xf8, 0xd4, 0x3, 0xff, 0x85, 0x72, 0x1,
    0xf9, 0x57, 0xc4, 0x2a, 0xbe, 0x11, 0x5d, 0xf9,
    0x4a, 0xef, 0xca, 0x3d, 0xde, 0x73, 0xee, 0xf2,
    0x0, 0x4, 0x8b, 0x8, 0x11, 0x61, 0x0, 0xd3,
    0xbb, 0x98, 0xf7, 0x73, 0x0, 0x70, 0xff, 0xfe,
    0x11, 0x0, 0x6f, 0x0, 0xff, 0xe1, 0xf8, 0xa2,
    0x7e, 0x11, 0x0, 0x7a, 0xef, 0xf0, 0x7, 0xa3,
    0xfc, 0xc1, 0xfc, 0x17, 0xfe, 0x70, 0xf, 0x91,
    0x0, 0x1f, 0xfc, 0x16, 0x2e, 0x0, 0xf8, 0x40,
    0x33, 0xca, 0x28, 0x7, 0xd9, 0x22, 0xfb, 0x7,
    0x40, 0x1b, 0x91, 0xc, 0x46, 0x36, 0x51, 0x82,
    0x0, 0x16, 0x4b, 0xb4, 0x1c, 0x7, 0x7b, 0x80,
    0x74, 0xf7, 0xfb, 0xb0, 0x80,

    /* U+5165 "入" */
    0x0, 0xf1, 0x0, 0x7f, 0xf1, 0x2b, 0x50, 0x3,
    0xff, 0x87, 0x7, 0x6a, 0x1, 0xff, 0xc2, 0x2c,
    0x3a, 0x30, 0xf, 0xfe, 0x1e, 0x8f, 0x0, 0x7f,
    0xf0, 0xc4, 0xc9, 0x40, 0x3f, 0xf8, 0x48, 0x44,
    0x90, 0xf, 0xfe, 0x14, 0x1c, 0x19, 0x80, 0x3f,
    0xf8, 0x8, 0x72, 0xa3, 0x20, 0x1f, 0xfc, 0x9,
    0x25, 0x9, 0x53, 0x0, 0xff, 0x41, 0x70, 0x1,
    0x83, 0xc0, 0x3f, 0x95, 0xd8, 0xc0, 0x3, 0x7,
    0x20, 0x1f, 0x1d, 0x1c, 0x80, 0x67, 0x36, 0x90,
    0xe, 0x5c, 0x2d, 0x0, 0xf7, 0xb, 0x59, 0x0,
    0xd5, 0xb, 0xc4, 0x3, 0xc5, 0x82, 0x9e, 0x2,
    0x23, 0xc2, 0x0, 0xfc, 0x5e, 0x9c, 0x0, 0xac,
    0x10, 0xf, 0xf0, 0xd9, 0x80,

    /* U+5168 "全" */
    0x0, 0xfc, 0xc6, 0x1, 0xff, 0xc3, 0x39, 0xc1,
    0x0, 0xff, 0xe1, 0x71, 0x1d, 0x80, 0x7f, 0xf0,
    0x6c, 0xbf, 0x96, 0x40, 0x3f, 0xc3, 0x69, 0x64,
    0x4a, 0x6b, 0x10, 0xf, 0x93, 0xd2, 0xd0, 0x0,
    0xb6, 0x9d, 0x2, 0x1, 0x25, 0xd8, 0x65, 0xcc,
    0xf3, 0xd0, 0xbf, 0x60, 0x87, 0x24, 0x24, 0xe6,
    0x7a, 0x87, 0x15, 0xc4, 0x2f, 0x9e, 0xff, 0xe8,
    0x1f, 0xfc, 0x75, 0x60, 0x1, 0x10, 0x7, 0xff,
    0x18, 0x8c, 0x8a, 0xe0, 0x22, 0xc6, 0x1, 0xeb,
    0xcd, 0xd9, 0x87, 0x77, 0x60, 0x7, 0xa7, 0xff,
    0x40, 0xff, 0xf0, 0x7, 0xff, 0x74, 0xcf, 0xdc,
    0x6, 0x7c, 0x80, 0x10, 0xe6, 0x79, 0x87, 0x33,
    0xac, 0x40, 0x3, 0xff, 0xff, 0xc1, 0xe1, 0x0,

    /* U+516C "公" */
    0x0, 0xff, 0x2a, 0x0, 0x7f, 0xf0, 0x35, 0x40,
    0x13, 0x0, 0x1f, 0xf3, 0x13, 0x0, 0x24, 0xcc,
    0x1, 0xfe, 0xb5, 0x30, 0x2, 0x94, 0x0, 0x7f,
    0x39, 0x40, 0x6, 0x84, 0x40, 0x7, 0xc5, 0xe,
    0x40, 0x19, 0x52, 0x84, 0x3, 0xde, 0x50, 0x2,
    0x1, 0xa8, 0x34, 0x3, 0xa8, 0xb8, 0x0, 0xdc,
    0x40, 0x1, 0xa3, 0xc1, 0x0, 0x52, 0xc9, 0x80,
    0x28, 0x88, 0x1, 0x25, 0x1e, 0x0, 0x31, 0xd8,
    0x0, 0xa5, 0xe0, 0x1c, 0xb7, 0x80, 0x6, 0x80,
    0xa, 0x14, 0xc0, 0x6, 0x60, 0x2, 0x8, 0x7,
    0x98, 0xa0, 0x2, 0xfe, 0x0, 0xfe, 0x18, 0x72,
    0x0, 0xb8, 0xa0, 0x3, 0xf5, 0x4, 0x1, 0x1a,
    0xa8, 0x9c, 0x80, 0x3d, 0x88, 0x3f, 0xed, 0xcb,
    0xb3, 0x8f, 0x0, 0x79, 0x49, 0x62, 0xb3, 0xb9,
    0x95, 0x6, 0xa0, 0x1d, 0x3b, 0x4e, 0xa6, 0x20,
    0x13, 0x4a, 0x80, 0x0,

    /* U+5173 "关" */
    0x0, 0xca, 0x1, 0xcc, 0x20, 0x1f, 0xd, 0x50,
    0x2, 0x19, 0xa0, 0xf, 0x86, 0x55, 0x40, 0x6,
    0x9, 0x0, 0xfc, 0xca, 0xc0, 0xa, 0x62, 0x0,
    0xe9, 0xff, 0x97, 0x3f, 0xc4, 0xdf, 0xf3, 0x80,
    0x2a, 0xef, 0x81, 0xee, 0xf9, 0x40, 0x6, 0x89,
    0xc3, 0xc8, 0x9c, 0x40, 0x1f, 0xfd, 0x31, 0x7,
    0xff, 0xf0, 0xcf, 0xff, 0x73, 0x33, 0x77, 0xa8,
    0x7, 0x37, 0x76, 0x38, 0x91, 0x77, 0x10, 0x41,
    0x16, 0x31, 0x0, 0xe7, 0x49, 0xd4, 0xb0, 0xf,
    0xe8, 0x89, 0xe, 0x93, 0x98, 0x3, 0x9b, 0x5e,
    0x9c, 0x0, 0xb6, 0x13, 0xd2, 0x6b, 0xf2, 0xfc,
    0xa0, 0x19, 0x39, 0x85, 0x81, 0x5f, 0x68, 0x40,
    0x3e, 0x9e, 0xb3,

    /* U+5185 "内" */
    0x0, 0xfa, 0x28, 0x3, 0xff, 0x84, 0x6c, 0x1,
    0xff, 0xc3, 0x60, 0xf, 0x87, 0xff, 0xc8, 0xbf,
    0xfe, 0x31, 0x6, 0xbb, 0xc4, 0xb7, 0x79, 0xc0,
    0x37, 0x22, 0x63, 0xd4, 0x4d, 0xa0, 0x20, 0x1e,
    0x11, 0x80, 0x3f, 0xf8, 0x2c, 0x10, 0x60, 0x1f,
    0xfc, 0x9, 0x35, 0xc5, 0x0, 0xff, 0x50, 0xf5,
    0xb5, 0x40, 0x7, 0xea, 0x58, 0x20, 0x96, 0x79,
    0x0, 0xf4, 0xab, 0x38, 0x5, 0x2d, 0x40, 0x1e,
    0x9a, 0x90, 0xe, 0x93, 0x0, 0xf9, 0x40, 0x3f,
    0xfb, 0x4d, 0x10, 0x3, 0x10, 0xf, 0xf1, 0xb8,
    0x40, 0x8b, 0xdc, 0x3, 0xf2, 0xfe, 0xb8, 0x0,

    /* U+518C "册" */
    0x0, 0xbf, 0xf8, 0x1, 0xdf, 0xf8, 0xc0, 0x3c,
    0xf4, 0xc0, 0x19, 0x6a, 0x40, 0x3f, 0x6a, 0xf8,
    0x6, 0xd5, 0x40, 0xf, 0xff, 0x79, 0x98, 0x8,
    0x82, 0x4, 0x40, 0xf2, 0x60, 0x63, 0x13, 0xcc,
    0x4, 0x6c, 0x6, 0xe8, 0x5f, 0x6c, 0x2b, 0x14,
    0xff, 0x82, 0xbe, 0x43, 0xfc, 0x15, 0xfa, 0x19,
    0xe8, 0x0, 0x30, 0x60, 0xf, 0x8, 0x7, 0xe6,
    0x1, 0x0, 0xc4, 0xe, 0x1, 0xf8, 0xc0, 0x80,
    0x33, 0x81, 0x80, 0x7e, 0xb4, 0x0, 0xec, 0x20,
    0xf, 0xc4, 0x7a, 0x0, 0x10, 0x3, 0xa8, 0x1,
    0x80, 0x40, 0x28, 0x7, 0xb, 0x82, 0x71, 0xb0,
    0xab, 0x2, 0x0, 0xba, 0x44, 0x3e, 0x71, 0x5c,
    0xc3, 0xa3, 0x40, 0x20,

    /* U+518D "再" */
    0x0, 0xff, 0xe3, 0x8f, 0xff, 0xff, 0x9, 0xc0,
    0x3, 0x76, 0xcc, 0xcc, 0x19, 0x9d, 0x6a, 0x1,
    0x22, 0xc, 0xf7, 0x9, 0x9f, 0x21, 0x0, 0x61,
    0x33, 0xdc, 0x6, 0x78, 0x80, 0x3d, 0x39, 0xdd,
    0x38, 0xf7, 0x5b, 0xa0, 0xf, 0x87, 0x76, 0x91,
    0xdd, 0xa4, 0x40, 0x3d, 0xe0, 0x1f, 0xfc, 0x61,
    0xff, 0xa0, 0x7f, 0xe8, 0x0, 0xfc, 0x3d, 0xd3,
    0x8f, 0x74, 0xe0, 0x1f, 0xc2, 0x37, 0x80, 0x8d,
    0xe0, 0x18, 0xbb, 0x64, 0x77, 0x69, 0x1d, 0xda,
    0x47, 0x75, 0x45, 0x70, 0x81, 0x11, 0x5d, 0x44,
    0x48, 0x11, 0xe, 0x5, 0x56, 0x8a, 0xaf, 0xed,
    0x15, 0x52, 0x0, 0x7f, 0xf0, 0x7c, 0x3, 0xef,
    0x0, 0xf8, 0xa5, 0x80, 0x3e, 0x10, 0xf, 0x89,
    0x8e, 0x0, 0x3d, 0x3c, 0x1, 0xf7, 0xeb, 0x0,
    0x40,

    /* U+5199 "写" */
    0x24, 0x4f, 0xfe, 0x11, 0x25, 0xd5, 0x7f, 0xf0,
    0x2d, 0x40, 0x1d, 0xcd, 0xee, 0xfe, 0x10, 0xc,
    0x38, 0xa0, 0x1f, 0x88, 0x1f, 0x0, 0x80, 0x4,
    0x5e, 0x31, 0xc7, 0x13, 0x7, 0xa, 0xdd, 0xf6,
    0x28, 0x7, 0x8, 0x7f, 0xfe, 0x40, 0xe, 0x21,
    0x0, 0xff, 0xe1, 0x70, 0xff, 0xff, 0x38, 0x6,
    0x8d, 0xdf, 0xe0, 0x10, 0xc, 0x24, 0x5f, 0x8c,
    0xc, 0xf, 0xff, 0xfb, 0x80, 0xc0, 0x40, 0xae,
    0xff, 0xa8, 0x18, 0x18, 0x5, 0x13, 0xf9, 0x4b,
    0xc0, 0x80, 0x3f, 0xc5, 0xda, 0x92, 0x1, 0xff,
    0x15, 0x67, 0xb0, 0x0,

    /* U+51C6 "准" */
    0x0, 0xfc, 0x20, 0x2, 0x0, 0xff, 0xe0, 0xb7,
    0x28, 0x66, 0x0, 0x3d, 0x54, 0x0, 0xda, 0x2a,
    0x18, 0x6c, 0x1, 0xdc, 0xb4, 0x0, 0x24, 0x55,
    0x9e, 0xd, 0x54, 0x80, 0x4, 0xb5, 0x90, 0x80,
    0x68, 0x85, 0xc4, 0x6d, 0x0, 0x92, 0xb4, 0xd4,
    0x27, 0x75, 0x23, 0xbb, 0x48, 0x6, 0x54, 0xe1,
    0x0, 0xfc, 0x20, 0x1e, 0x20, 0x80, 0xbf, 0xf4,
    0xf, 0xfb, 0x8c, 0x3, 0x11, 0x35, 0xc2, 0xbb,
    0x8e, 0x3d, 0xcd, 0x30, 0xd, 0xf0, 0x1, 0x8,
    0xde, 0x2, 0x22, 0x0, 0xc6, 0x56, 0x1, 0x1a,
    0x23, 0x45, 0x10, 0xa2, 0x1, 0x49, 0x18, 0x5,
    0x51, 0x4, 0x8, 0x88, 0xc0, 0x4, 0xb6, 0x1,
    0xa7, 0x31, 0x23, 0x98, 0xd2, 0x0, 0x48, 0x30,
    0x6, 0x11, 0xbc, 0x4, 0x70, 0x1, 0x98, 0x1,
    0xd5, 0xdc, 0x71, 0xee, 0xc6, 0x1b, 0x0, 0x11,
    0x84, 0x66, 0x7d, 0x66, 0x0, 0x10, 0xe, 0x33,
    0xfc, 0x80,

    /* U+51ED "凭" */
    0x0, 0xca, 0x80, 0x1f, 0x84, 0x3, 0x86, 0xa0,
    0x8d, 0x15, 0xe6, 0xfb, 0xc0, 0x3a, 0x87, 0x5b,
    0x67, 0xa0, 0xf6, 0xb0, 0x3, 0x42, 0x38, 0xa7,
    0x6d, 0x87, 0x32, 0x10, 0x4, 0xce, 0x2, 0x3e,
    0x1, 0x1f, 0x14, 0xc1, 0x4, 0x77, 0x60, 0xae,
    0xed, 0xa5, 0xce, 0x0, 0x9f, 0xfc, 0x17, 0xff,
    0xb0, 0x4, 0x3, 0xff, 0x8c, 0x62, 0x19, 0xff,
    0x5, 0xff, 0xd2, 0x1, 0x88, 0x43, 0x75, 0xdd,
    0xed, 0x80, 0xd, 0x90, 0x46, 0x6, 0x78, 0x44,
    0x42, 0x1, 0xef, 0xdd, 0xf2, 0x80, 0x7f, 0x1b,
    0xff, 0xda, 0x2, 0x1, 0xfc, 0x3e, 0x1, 0xff,
    0xc2, 0x60, 0x50, 0xf, 0xd7, 0x0, 0x13, 0x4b,
    0x10, 0x4, 0x60, 0x62, 0x48, 0x40, 0xdf, 0x2f,
    0x20, 0x18, 0x56, 0x3b, 0x46, 0x41, 0x9f, 0x60,
    0x3, 0xd5, 0xff, 0x71, 0x80,

    /* U+51FA "出" */
    0x0, 0xf9, 0x48, 0x3, 0xff, 0x83, 0x48, 0x1,
    0xf1, 0xd8, 0x80, 0x42, 0x1, 0x8a, 0x84, 0x1d,
    0x0, 0x3f, 0x85, 0x4c, 0x3, 0xff, 0xaa, 0xa6,
    0x70, 0xf1, 0x9c, 0xa0, 0x1d, 0x79, 0x90, 0x3e,
    0x65, 0x20, 0x12, 0x7f, 0xf0, 0xcf, 0xff, 0x10,
    0x59, 0x80, 0x7f, 0x9a, 0x1, 0x18, 0x3, 0xfd,
    0xe8, 0x1, 0xff, 0xe3, 0xbd, 0xdc, 0x31, 0xbb,
    0x98, 0x1, 0x57, 0x11, 0xaa, 0xe2, 0x32, 0x0,
    0x15, 0x7f, 0xf8, 0x4, 0x0,

    /* U+51FB "击" */
    0x0, 0xfc, 0x20, 0x1f, 0xfc, 0x5e, 0x70, 0xf,
    0xfe, 0x20, 0x88, 0x3, 0xfc, 0x89, 0xe1, 0xf4,
    0x4e, 0x10, 0xd, 0xf7, 0x7c, 0xd, 0x77, 0xc8,
    0x1, 0xaf, 0xff, 0x86, 0x7f, 0xf9, 0x40, 0x3f,
    0xf9, 0x2, 0x64, 0x5e, 0xe, 0x22, 0xf1, 0x84,
    0xe6, 0xef, 0x85, 0xf7, 0x7d, 0x83, 0x1f, 0xff,
    0xc, 0xff, 0xfc, 0x20, 0x13, 0x18, 0x7, 0xe3,
    0x80, 0xf, 0x4a, 0x0, 0x7e, 0x57, 0x0, 0xff,
    0xef, 0xea, 0xac, 0x3e, 0xab, 0x78, 0x7, 0xc6,
    0xd3, 0x31, 0xac, 0xcc, 0x80, 0x1f, 0x66, 0x7f,
    0xac, 0x3, 0x0,

    /* U+5206 "分" */
    0x0, 0xe4, 0x0, 0xa0, 0xc0, 0x3f, 0xc9, 0x6a,
    0x0, 0x58, 0x0, 0xff, 0x41, 0x28, 0x2, 0x11,
    0x40, 0x3f, 0x21, 0xc0, 0x4, 0xa9, 0x62, 0x1,
    0xe1, 0xa3, 0x50, 0xd, 0x21, 0x82, 0x1, 0xd6,
    0x3e, 0x1, 0xc5, 0xa5, 0xe6, 0x1, 0x42, 0xc1,
    0x80, 0x78, 0xf0, 0x32, 0x46, 0x1d, 0x6f, 0xff,
    0xf6, 0x69, 0xa0, 0xd3, 0x54, 0xc9, 0xc1, 0xe6,
    0x64, 0x3, 0xcc, 0x1, 0x48, 0x2b, 0x60, 0x53,
    0x34, 0x44, 0x0, 0x8, 0x7, 0xb0, 0x8, 0x2,
    0x31, 0x0, 0xfe, 0x44, 0x0, 0x66, 0x60, 0x7,
    0xe3, 0x36, 0x80, 0x61, 0x30, 0xf, 0xde, 0x2c,
    0x1, 0x8b, 0x80, 0x3e, 0xb3, 0xa0, 0xc, 0x40,
    0x40, 0x1c, 0xba, 0x94, 0x80, 0x4, 0xaf, 0x4,
    0x0, 0xc3, 0x1, 0x8a, 0x1, 0x2a, 0x36, 0x8,
    0x6, 0x1c, 0xd3, 0x0, 0xc3, 0xd6, 0x60, 0x1c,

    /* U+5207 "切" */
    0x0, 0x88, 0x40, 0x3f, 0xf8, 0x78, 0xc0, 0x1f,
    0xfc, 0x33, 0x10, 0x4, 0xff, 0xfe, 0x60, 0xf,
    0xaf, 0x30, 0xa5, 0xbb, 0x1, 0x80, 0x7c, 0x46,
    0x70, 0x91, 0x40, 0x20, 0x1, 0xf, 0x79, 0x50,
    0x1, 0x80, 0x42, 0x0, 0x4f, 0xe2, 0x7b, 0x30,
    0x8, 0x5c, 0x0, 0x60, 0xeb, 0x7a, 0x51, 0x94,
    0xa0, 0x7, 0x20, 0xc, 0x22, 0x42, 0x0, 0xf8,
    0xf8, 0x0, 0x20, 0x60, 0x1f, 0xc4, 0x6, 0x0,
    0x70, 0xf, 0xcd, 0x1, 0x40, 0x80, 0x1, 0x1,
    0x0, 0xdd, 0x72, 0x0, 0x65, 0x0, 0xfc, 0x44,
    0x77, 0x6c, 0x40, 0x60, 0x2, 0x30, 0xc, 0x20,
    0xf8, 0x4a, 0xee, 0x20, 0x8, 0x44, 0x1, 0x1e,
    0xc0, 0x35, 0x24, 0x0, 0xbc, 0x49, 0x0, 0x62,
    0x6, 0x94, 0xb0, 0x0, 0xcb, 0x84, 0x0, 0x79,
    0xae, 0xc0, 0x1b, 0x75, 0xc8, 0x0,

    /* U+5217 "列" */
    0x0, 0xff, 0xe1, 0x90, 0x83, 0xbf, 0xf3, 0x0,
    0x6c, 0xb0, 0xee, 0xaa, 0x3b, 0xb0, 0x80, 0x63,
    0x30, 0x4c, 0xc2, 0x73, 0x39, 0xdb, 0xc8, 0x3,
    0xe3, 0x50, 0xe, 0x30, 0x30, 0xf, 0x28, 0x3e,
    0x64, 0xe0, 0x1f, 0xe9, 0x1b, 0x99, 0x18, 0x7,
    0xf9, 0x4e, 0x15, 0x48, 0x6, 0x1, 0xf8, 0x6c,
    0x50, 0x41, 0x1, 0x40, 0x3f, 0x68, 0xd7, 0x79,
    0xf9, 0x88, 0x7, 0xef, 0x94, 0xe3, 0xd5, 0xb0,
    0xf, 0xe3, 0x60, 0x2d, 0x30, 0x60, 0x1, 0x80,
    0x7f, 0x90, 0xa0, 0x40, 0x4, 0xa0, 0x1f, 0x96,
    0xd1, 0xc0, 0x24, 0xa1, 0x0, 0xe1, 0xaa, 0x1d,
    0x0, 0x7e, 0x31, 0x5, 0xe5, 0x6c, 0x10, 0xf,
    0x5f, 0x8f, 0x2, 0xaa, 0xa4, 0x3, 0xf7, 0x2c,
    0xb0,

    /* U+521B "创" */
    0x0, 0xe6, 0x30, 0xf, 0x85, 0x0, 0x38, 0x67,
    0xc0, 0x3e, 0x5b, 0x10, 0xd, 0x60, 0x72, 0x1,
    0xf8, 0x40, 0x26, 0x5a, 0xc4, 0xd2, 0xd, 0x50,
    0x70, 0xc, 0x92, 0xca, 0x78, 0x38, 0x44, 0x30,
    0xe, 0x4b, 0x49, 0x0, 0xe, 0xa9, 0x80, 0x78,
    0xac, 0xdb, 0x77, 0xac, 0x40, 0x3c, 0x57, 0xc4,
    0xb7, 0x67, 0x30, 0xf, 0xe4, 0x20, 0xb6, 0x66,
    0x8, 0x7, 0xff, 0xc, 0x40, 0x3f, 0xf8, 0x98,
    0x60, 0x1f, 0xfc, 0x15, 0xf4, 0x50, 0xf, 0xfe,
    0xa, 0xb5, 0xc0, 0x7, 0xff, 0xa, 0x50, 0x28,
    0xbd, 0x80, 0x3f, 0x58, 0x8c, 0xaa, 0x10, 0x9,
    0x80, 0x38, 0xdf, 0xba, 0xa4, 0x30, 0x7, 0x51,
    0x0, 0x6c, 0xee, 0xeb, 0x0, 0xa6, 0x3c, 0x0,

    /* U+521D "初" */
    0x0, 0x86, 0x4, 0x3, 0xff, 0x86, 0xf2, 0x1,
    0xff, 0xc2, 0x17, 0x50, 0x2f, 0xff, 0xd0, 0x1,
    0xa3, 0x40, 0xae, 0xd0, 0x17, 0x70, 0xf8, 0x3f,
    0xff, 0xa, 0x20, 0xc1, 0x12, 0x11, 0x2, 0xd5,
    0xd8, 0x54, 0x40, 0x2, 0x1, 0xc6, 0x4, 0xa8,
    0x43, 0x0, 0x11, 0x88, 0x7, 0xe1, 0x86, 0x2c,
    0x50, 0xe3, 0x0, 0x8, 0x8, 0x5, 0x42, 0x94,
    0x4c, 0x4, 0xc0, 0x3, 0x7, 0x0, 0x5a, 0x1,
    0x2d, 0x18, 0x31, 0x0, 0x4, 0x4, 0x58, 0x94,
    0x12, 0x32, 0x20, 0x78, 0x1, 0x8c, 0x6, 0xd0,
    0xb, 0x4c, 0x98, 0x10, 0x0, 0xe0, 0x1, 0xd4,
    0x0, 0x8f, 0x8e, 0x90, 0x40, 0x2, 0x2, 0x1,
    0xf9, 0x8e, 0x0, 0x23, 0x0, 0xfe, 0x29, 0x53,
    0x0, 0xb0, 0x40, 0x3e, 0x2c, 0x1b, 0x0, 0x6f,
    0xab, 0x80, 0x78, 0x40, 0xb0, 0x40, 0x8, 0x71,
    0x20,

    /* U+5220 "删" */
    0x0, 0x8, 0xe0, 0x0, 0x8c, 0x1, 0x89, 0x80,
    0x1b, 0xdd, 0x15, 0xf7, 0x48, 0x1, 0x24, 0x80,
    0x51, 0xc0, 0x13, 0xf8, 0x0, 0xfc, 0x4c, 0x40,
    0x3f, 0xfd, 0x8, 0x1c, 0xa0, 0xee, 0x13, 0x3,
    0x70, 0xc, 0x34, 0x6d, 0x41, 0x66, 0xda, 0x12,
    0x40, 0x18, 0x78, 0xe3, 0xc3, 0x12, 0x38, 0x29,
    0x40, 0x3c, 0x22, 0x0, 0xff, 0xe2, 0x18, 0x7,
    0xff, 0xc, 0x98, 0x2, 0x71, 0x0, 0xfe, 0x20,
    0x20, 0x8, 0x4c, 0x2, 0x29, 0x10, 0x9, 0x48,
    0x40, 0x22, 0x60, 0x8, 0x58, 0x3, 0x5a, 0x81,
    0x85, 0x1, 0x80, 0x7e, 0x33, 0x5a, 0x68, 0x73,
    0x16, 0x83, 0x0, 0xed, 0x11, 0xe9, 0xa5, 0xf3,
    0x49, 0x56, 0x10, 0xa, 0x3f, 0x0,

    /* U+5230 "到" */
    0x0, 0xff, 0xe1, 0xc, 0x98, 0x44, 0xcf, 0xe0,
    0xc, 0x6c, 0xe0, 0x26, 0x64, 0x53, 0x3c, 0x4,
    0x80, 0x1d, 0x35, 0x40, 0x2b, 0xaa, 0x81, 0x6c,
    0x3, 0xe6, 0x2a, 0x1b, 0xb0, 0x4, 0x20, 0x1e,
    0x49, 0x84, 0xd, 0x46, 0x0, 0xfd, 0x36, 0x44,
    0x67, 0xe0, 0x92, 0x0, 0xfe, 0x38, 0x9a, 0x27,
    0x4, 0x0, 0xfa, 0x7f, 0xb0, 0x2e, 0xa3, 0x98,
    0x3, 0xff, 0x86, 0x20, 0x1f, 0x9b, 0xb7, 0x2,
    0x37, 0x56, 0x1, 0xf9, 0x2e, 0x60, 0x1e, 0x63,
    0xc0, 0x3f, 0x12, 0xa2, 0x3, 0xd1, 0x50, 0x3,
    0xff, 0x83, 0xc8, 0xf2, 0x8f, 0xc0, 0x18, 0x6a,
    0xf7, 0x81, 0xee, 0x89, 0xc0, 0x21, 0x0, 0xb,
    0xb3, 0xc5, 0xef, 0xed, 0x98, 0x16, 0x68, 0x30,
    0x6e, 0xa9, 0xd0, 0x80, 0x38, 0x9d, 0x28, 0x80,

    /* U+5236 "制" */
    0x0, 0xe6, 0x40, 0xf, 0xc8, 0x40, 0x4, 0x0,
    0x4e, 0x80, 0x7e, 0xba, 0x2, 0xb8, 0x1, 0x0,
    0xfe, 0x1f, 0x5, 0x2, 0x91, 0x59, 0x98, 0x53,
    0xc8, 0x3, 0x49, 0x98, 0x3, 0xe7, 0x3, 0x0,
    0x85, 0x7e, 0x64, 0x2b, 0x33, 0x8, 0x7, 0x8f,
    0x55, 0x98, 0x24, 0xcd, 0x20, 0x7, 0x9a, 0xb7,
    0x60, 0x5d, 0xd8, 0x80, 0x3c, 0x99, 0x77, 0xb,
    0xdd, 0xcc, 0x1, 0xf1, 0xb3, 0x42, 0x4c, 0xd1,
    0x0, 0x7d, 0x73, 0x54, 0x5, 0xaa, 0x4b, 0x80,
    0x7d, 0xe3, 0x98, 0x17, 0xce, 0x1, 0x70, 0x30,
    0xf, 0xf8, 0x41, 0xc0, 0x3f, 0xf8, 0x27, 0x20,
    0x4, 0xf2, 0x0, 0xde, 0x1, 0xe5, 0x51, 0x80,
    0x42, 0x20, 0x4, 0x78, 0x6, 0x3f, 0xa0, 0xb,
    0x38, 0x4, 0x0, 0x20, 0x1, 0x0, 0xf9, 0x5,
    0x5c, 0x3, 0xbe, 0x40, 0x3d, 0x1d, 0x42,

    /* U+5237 "刷" */
    0x0, 0xff, 0xe1, 0x9c, 0x0, 0x47, 0xdd, 0xf8,
    0x3, 0x33, 0x0, 0x30, 0xd6, 0xee, 0x90, 0x1,
    0xd0, 0x8, 0x6, 0x10, 0x53, 0x3c, 0x40, 0x7,
    0x50, 0xf, 0x8, 0x4b, 0xbe, 0xf1, 0x0, 0x8,
    0x7, 0xe1, 0xee, 0xc6, 0xc0, 0x1f, 0xce, 0x13,
    0x30, 0x54, 0xc8, 0x3, 0xf8, 0x44, 0x1, 0x33,
    0x0, 0x3f, 0xe2, 0x24, 0x66, 0x2, 0x33, 0x6,
    0x1, 0xfb, 0x58, 0xde, 0x1, 0x64, 0xc0, 0x3f,
    0x9c, 0x80, 0x90, 0x35, 0x0, 0x3f, 0xc5, 0xa0,
    0x1f, 0xc2, 0x1, 0xca, 0x8, 0x1, 0xff, 0xc3,
    0x93, 0x10, 0xe, 0x70, 0x2, 0x78, 0x7, 0x35,
    0x0, 0x7a, 0x10, 0xc0, 0x21, 0x0, 0xa9, 0x82,
    0x2c, 0x2, 0xeb, 0x0, 0x15, 0xd8, 0xc0, 0x38,
    0xc8, 0x3, 0xe2, 0x17, 0xe0,

    /* U+524D "前" */
    0x0, 0xe6, 0xa0, 0xe, 0x98, 0x0, 0xfe, 0x25,
    0x70, 0x8, 0x5b, 0xc0, 0x3f, 0x91, 0xc8, 0x2,
    0x82, 0x70, 0xc, 0x3f, 0xfc, 0xf5, 0xff, 0x31,
    0x7f, 0xe9, 0x1b, 0xcd, 0xdf, 0xfe, 0x6, 0x62,
    0xc1, 0x1, 0x57, 0xc6, 0x45, 0x96, 0x8c, 0x80,
    0xb, 0x1f, 0xf6, 0xc1, 0x8f, 0x20, 0x72, 0x80,
    0x7a, 0x22, 0xe0, 0x30, 0x10, 0xf, 0xf4, 0xcd,
    0xc0, 0x1f, 0xfc, 0x21, 0x18, 0x3, 0xff, 0x87,
    0x11, 0x70, 0x7, 0xff, 0xb, 0x32, 0x90, 0xf,
    0xfe, 0x14, 0xcd, 0x40, 0x3, 0x0, 0xff, 0x95,
    0x63, 0x0, 0x16, 0xa0, 0x7, 0xff, 0x10, 0x80,
    0x3f, 0xf8, 0x13, 0x20, 0x10, 0x1, 0xe3, 0x38,
    0x6, 0x10, 0xb, 0x86, 0x40, 0x23, 0x5, 0x80,
    0x0,

    /* U+529B "力" */
    0x0, 0xf1, 0xb0, 0x80, 0x7f, 0xf0, 0x52, 0x4c,
    0x3, 0xff, 0x82, 0x20, 0x60, 0x1f, 0xfc, 0xb1,
    0x66, 0xec, 0x6, 0x6f, 0x84, 0xa2, 0x39, 0x2,
    0x62, 0x3a, 0x4c, 0xdd, 0xdc, 0xc1, 0xdd, 0xd2,
    0x6, 0x1, 0xe2, 0x10, 0xe, 0xf0, 0x10, 0xf,
    0x3a, 0x80, 0x70, 0x80, 0x7c, 0x24, 0x60, 0x1c,
    0x62, 0x1, 0xe7, 0xb, 0x0, 0xe1, 0x30, 0xf,
    0x41, 0x98, 0x3, 0x9c, 0x40, 0x3a, 0x86, 0x0,
    0x3c, 0x2e, 0x1, 0xa1, 0x59, 0x0, 0x3c, 0x44,
    0x0, 0xd, 0xba, 0xc8, 0x4, 0x24, 0x94, 0x1e,
    0xd, 0xe8, 0xf4, 0x1, 0x8f, 0x6d, 0x49, 0x81,
    0xa, 0xe0, 0x3, 0x89, 0xe2, 0xf4, 0x0,

    /* U+529F "功" */
    0x0, 0xff, 0x1a, 0x80, 0x7f, 0xf0, 0xd6, 0x80,
    0x3c, 0x23, 0xf0, 0x7, 0xfa, 0xbb, 0xba, 0xc0,
    0x3f, 0xd5, 0xb8, 0x15, 0xb0, 0xcb, 0xe0, 0xab,
    0x8c, 0x4, 0x84, 0x4, 0x8e, 0x20, 0xe1, 0x11,
    0x55, 0x80, 0x7c, 0x3d, 0xb0, 0x3b, 0xb0, 0xf8,
    0x7, 0xf8, 0x4c, 0x2, 0x11, 0x0, 0x7f, 0xb8,
    0x40, 0x31, 0x80, 0x7f, 0x89, 0x40, 0x2, 0x2,
    0x1, 0xfe, 0x4f, 0x0, 0x18, 0x38, 0x7, 0x64,
    0xe8, 0xa8, 0x20, 0x1, 0x80, 0x42, 0x2f, 0x1,
    0x8e, 0xc2, 0x10, 0x80, 0x2, 0x6, 0x8, 0xf3,
    0xbd, 0x4d, 0x25, 0x20, 0x11, 0x80, 0x86, 0x61,
    0xc8, 0x0, 0xcf, 0x4, 0x6, 0x94, 0x20, 0x1f,
    0x4c, 0x99, 0xc0, 0x1f, 0x67, 0x60, 0x1f, 0x53,
    0x48, 0x5, 0xf9, 0xea, 0x0,

    /* U+52A0 "加" */
    0x0, 0xc6, 0x60, 0xf, 0xfe, 0x1c, 0x70, 0x7,
    0xff, 0x11, 0x80, 0x3f, 0xf8, 0x6e, 0x20, 0x19,
    0x2e, 0xf8, 0x0, 0xfd, 0xa6, 0xbb, 0xb3, 0x12,
    0x11, 0x1, 0x0, 0xb, 0x70, 0x29, 0x10, 0x23,
    0x1, 0x99, 0x78, 0x4, 0x4a, 0xa0, 0xc5, 0x50,
    0x8, 0x7, 0xfc, 0x22, 0x1, 0x7, 0x0, 0xff,
    0x8, 0x10, 0x18, 0x8, 0x7, 0xf9, 0x41, 0x80,
    0x40, 0xc0, 0x3f, 0xc6, 0x4, 0xe, 0x2, 0x1,
    0xfe, 0xc3, 0x0, 0x8, 0x7, 0xfc, 0x28, 0x80,
    0x1, 0x88, 0x7, 0x8, 0x6, 0x90, 0xb0, 0x0,
    0x98, 0x0, 0x7f, 0xd4, 0x1, 0x13, 0x99, 0x80,
    0x1c, 0x20, 0x1, 0xaa, 0x38, 0x5, 0xe1, 0x0,
    0xd6, 0xc8, 0x1, 0x2a, 0xb0, 0x2, 0x54, 0x40,
    0x1b, 0x3c, 0x0, 0x72, 0x78, 0x2, 0x28, 0x0,
    0xbb, 0x0, 0x6, 0xe0, 0xe,

    /* U+52A1 "务" */
    0x0, 0xf5, 0x28, 0x7, 0xff, 0xd, 0x55, 0xa0,
    0x1f, 0xfc, 0x21, 0xb0, 0x7f, 0xff, 0x38, 0x7,
    0xda, 0x0, 0x8e, 0xeb, 0x0, 0xdc, 0x3, 0x87,
    0xb, 0x22, 0xa, 0x21, 0xc5, 0xa0, 0x1e, 0x71,
    0xc2, 0x76, 0xb7, 0xf1, 0xc1, 0x0, 0xf3, 0x69,
    0x0, 0x2c, 0x60, 0x38, 0x40, 0x3f, 0x12, 0x46,
    0xe9, 0x64, 0xb6, 0xe1, 0x50, 0xc0, 0x15, 0xfb,
    0x69, 0x5a, 0x0, 0xcc, 0x12, 0xd5, 0xf0, 0x2,
    0x21, 0x9f, 0x8e, 0x48, 0x0, 0x39, 0xdf, 0xcf,
    0x0, 0x13, 0xee, 0xee, 0x8, 0xdd, 0xe3, 0x20,
    0xd, 0x5d, 0xd3, 0x86, 0xf7, 0x4e, 0x1, 0xf2,
    0x19, 0x89, 0xd8, 0xcf, 0x0, 0x80, 0x7e, 0x1d,
    0x18, 0x0, 0xcc, 0xc0, 0xf, 0x14, 0x71, 0x58,
    0x81, 0x1a, 0x99, 0x80, 0x31, 0x76, 0xbb, 0xbd,
    0x0, 0x9, 0x94, 0x34, 0x1, 0x8a, 0x65, 0xf0,
    0x20, 0x13, 0x5f, 0x70, 0xc0, 0x20,

    /* U+52A8 "动" */
    0x0, 0xff, 0x84, 0x80, 0x3f, 0xf8, 0x8b, 0xa6,
    0x1, 0xe4, 0x33, 0xc8, 0x20, 0x18, 0x80, 0x38,
    0xaf, 0x33, 0x5b, 0x80, 0x7f, 0x8b, 0xff, 0xce,
    0xaa, 0xc0, 0x75, 0x58, 0x40, 0x3f, 0x2d, 0xc3,
    0x5, 0xc5, 0xd1, 0x82, 0x19, 0xf2, 0x7, 0x6d,
    0x6, 0xec, 0x6, 0x55, 0xba, 0xcd, 0xd5, 0x48,
    0x0, 0x40, 0x27, 0x1, 0x2e, 0xe5, 0x87, 0xf7,
    0x34, 0x0, 0x62, 0x0, 0x10, 0xe, 0xf4, 0x11,
    0x18, 0x5, 0xc4, 0x0, 0x31, 0x0, 0x85, 0x7c,
    0x23, 0x80, 0x24, 0x50, 0x0, 0x80, 0x69, 0x34,
    0x8, 0x27, 0x0, 0x1e, 0x0, 0x46, 0x0, 0x37,
    0x45, 0x78, 0x19, 0x5, 0x4, 0x0, 0x78, 0x80,
    0x24, 0x1e, 0xf0, 0x24, 0x5a, 0x14, 0x40, 0x2,
    0x1, 0x45, 0xf7, 0x2e, 0x5f, 0x3c, 0xac, 0x2,
    0x27, 0x0, 0x12, 0x8, 0x6, 0xb6, 0xa1, 0x3a,
    0xc4, 0xc0, 0xf, 0xc2, 0x70, 0xa0, 0x6c, 0xc9,
    0x70, 0xf, 0xc3, 0x6e, 0x1, 0x65, 0x30, 0x0,

    /* U+5305 "包" */
    0x0, 0xe6, 0x30, 0xf, 0xfe, 0x18, 0xcf, 0x80,
    0x7f, 0xf0, 0xe0, 0x24, 0x8b, 0xf0, 0x7, 0x91,
    0x82, 0xb7, 0x7f, 0x10, 0x6, 0x2a, 0x2f, 0xff,
    0xd6, 0x1, 0xc3, 0xe3, 0xc2, 0x3e, 0x0, 0x8,
    0x18, 0x0, 0xbc, 0x93, 0x3b, 0xbc, 0x20, 0x1e,
    0x27, 0xcc, 0xe, 0xee, 0x80, 0x10, 0x8, 0x40,
    0x29, 0x30, 0x1, 0x17, 0x0, 0x46, 0x1, 0xf8,
    0x4c, 0xf1, 0x0, 0x7f, 0xf0, 0x73, 0x34, 0x0,
    0x80, 0x80, 0x7e, 0x1f, 0xff, 0x8, 0x70, 0x80,
    0x7f, 0xf0, 0xa6, 0xd9, 0x40, 0x3f, 0xf8, 0x6c,
    0xca, 0x45, 0x0, 0xe1, 0x0, 0xf4, 0xec, 0x8e,
    0xd1, 0x0, 0x44, 0x12, 0xa8, 0x66, 0x23, 0x32,
    0x3b, 0x19, 0x0, 0x4a, 0xe9, 0x75, 0xb9, 0xbb,
    0x55, 0x13, 0x80, 0x3a, 0x37, 0xba, 0xff, 0x77,
    0x5b, 0x64, 0x0,

    /* U+5316 "化" */
    0x0, 0xe2, 0x0, 0x84, 0x80, 0x3f, 0xe3, 0xd7,
    0x0, 0x36, 0x80, 0x7f, 0xd4, 0x2c, 0x1, 0xff,
    0xc2, 0x16, 0x60, 0x80, 0x7c, 0x78, 0x40, 0x1a,
    0xc2, 0x80, 0x3e, 0x1e, 0x20, 0xc, 0x8a, 0x1,
    0xfd, 0xa7, 0xa4, 0x0, 0x1a, 0x20, 0xf, 0x87,
    0xb, 0x4c, 0x2, 0xd0, 0x90, 0xf, 0xb0, 0xb4,
    0xc0, 0x35, 0xeb, 0x80, 0x77, 0x80, 0xf9, 0x80,
    0x73, 0x98, 0x7, 0x4b, 0x86, 0x8, 0x7, 0xfc,
    0xdc, 0xc8, 0x1, 0xff, 0xc1, 0x1b, 0x5e, 0xc0,
    0xf, 0xfe, 0x8, 0xe5, 0x88, 0x7, 0x84, 0x3,
    0xf0, 0x80, 0x7e, 0x6e, 0x20, 0xf, 0xe1, 0x5,
    0x22, 0xac, 0x48, 0x3, 0xf9, 0x6, 0xb7, 0x63,
    0x80, 0xf, 0x8, 0x4, 0x5d, 0xdd, 0xee, 0x0,

    /* U+5339 "匹" */
    0x3, 0x3f, 0xfe, 0xa, 0x0, 0x33, 0x3f, 0xf8,
    0x36, 0x60, 0xa, 0xff, 0x8a, 0x3f, 0x43, 0x3f,
    0xe3, 0x1, 0x0, 0xff, 0xe4, 0x18, 0x80, 0x7f,
    0xf4, 0x84, 0x80, 0x3f, 0xf8, 0x2a, 0xa, 0x1,
    0xff, 0xc1, 0xe3, 0x10, 0xf, 0x73, 0x0, 0x66,
    0x49, 0x0, 0xd6, 0x8e, 0x20, 0x19, 0x65, 0x54,
    0x0, 0x23, 0x7b, 0x83, 0x60, 0x9, 0x99, 0x40,
    0x1b, 0x3f, 0xec, 0x0, 0xc7, 0x20, 0x1f, 0xfc,
    0x1, 0x23, 0x3f, 0xf9, 0x8, 0x1, 0x19, 0x9f,
    0xf5, 0xc0, 0x7f, 0xff, 0xf0, 0xa8,

    /* U+533A "区" */
    0x3f, 0xff, 0xfe, 0x13, 0x80, 0x27, 0x33, 0xff,
    0x80, 0xc2, 0xa, 0x67, 0xfc, 0x46, 0x61, 0x0,
    0xe8, 0x10, 0xc, 0xbc, 0xc0, 0x1e, 0x47, 0xf3,
    0x0, 0xa0, 0x50, 0x3, 0xc9, 0x87, 0x8a, 0xe,
    0x56, 0x40, 0x1f, 0x1e, 0xa5, 0x4c, 0x2a, 0x80,
    0x3f, 0xd6, 0xac, 0x16, 0x1, 0xff, 0xc0, 0x10,
    0x6, 0x80, 0x7f, 0xd2, 0x96, 0xe7, 0x82, 0x1,
    0xfa, 0x5a, 0x92, 0x20, 0x74, 0x1, 0xe2, 0xc6,
    0xa5, 0x0, 0x3b, 0x91, 0xc0, 0x30, 0xe1, 0x62,
    0x80, 0x68, 0x66, 0x0, 0x61, 0xcc, 0x18, 0x7,
    0xa4, 0x40, 0x41, 0x88, 0x0, 0x45, 0xfe, 0x0,
    0x56, 0xef, 0xff, 0x4, 0xff, 0xff, 0xf8, 0x60,

    /* U+5355 "单" */
    0x0, 0xc6, 0x1, 0xc8, 0x20, 0x1f, 0xb6, 0x0,
    0x21, 0xbc, 0x0, 0xfd, 0xe, 0x40, 0x6, 0x9,
    0x0, 0xf1, 0xa1, 0x2b, 0x22, 0x24, 0xc1, 0xc,
    0x3, 0x6d, 0xd9, 0x6e, 0xe1, 0x3b, 0xb6, 0x80,
    0x74, 0x7f, 0xc3, 0x3f, 0xf4, 0x0, 0x71, 0xf1,
    0x9c, 0x3c, 0x67, 0x70, 0x7, 0x9b, 0x76, 0x7,
    0xdd, 0x98, 0x3, 0xd1, 0xdd, 0xc, 0xf7, 0x50,
    0x1, 0xc7, 0xc6, 0x70, 0xf1, 0x9d, 0xc0, 0x1c,
    0x6f, 0xbb, 0x3, 0xee, 0xce, 0x60, 0x1b, 0x7b,
    0xb0, 0xcf, 0x76, 0xd0, 0x3, 0x37, 0xc3, 0x8c,
    0xde, 0x58, 0x8f, 0x81, 0x22, 0x3d, 0xfd, 0xdf,
    0xc, 0x77, 0x7a, 0x80, 0x3e, 0x10, 0xf, 0xfe,
    0x20, 0x80, 0x7c,

    /* U+5360 "占" */
    0x0, 0xe3, 0x40, 0xf, 0xfe, 0xc, 0xd9, 0x0,
    0x7f, 0xf4, 0x5d, 0x13, 0xe0, 0xf, 0xaa, 0xef,
    0xe0, 0xf, 0xb7, 0xff, 0xdc, 0x1, 0xff, 0xc2,
    0x10, 0xf, 0xfe, 0x19, 0xaa, 0xe1, 0x4, 0x55,
    0xe0, 0x5, 0x57, 0x20, 0x4d, 0x57, 0x10, 0x8,
    0x77, 0xff, 0xe8, 0x3, 0x0, 0xff, 0xea, 0xa9,
    0x9f, 0xee, 0x0, 0xeb, 0xcc, 0xfc, 0xc0, 0x10,
    0x86, 0xf7, 0x7e, 0x70, 0xe, 0x31, 0x1f, 0xde,
    0x6, 0x0,

    /* U+5373 "即" */
    0x1f, 0xff, 0x81, 0xb7, 0x78, 0xc4, 0x27, 0xba,
    0x70, 0x0, 0x97, 0x72, 0x49, 0xc0, 0x21, 0x1b,
    0xc0, 0x2, 0x23, 0x32, 0x80, 0x61, 0x1d, 0xe0,
    0x1f, 0xf4, 0x77, 0x4e, 0x1, 0xff, 0x4f, 0xfd,
    0x0, 0x1f, 0xfc, 0xf9, 0xee, 0xa0, 0x3, 0xfe,
    0x7d, 0xdb, 0x30, 0x1, 0xfe, 0xe3, 0x34, 0xa1,
    0x80, 0x7f, 0xf0, 0x46, 0x8, 0x3, 0xff, 0x80,
    0x6e, 0x12, 0x1, 0x9e, 0xc1, 0x84, 0x33, 0x26,
    0x74, 0x50, 0xb, 0x95, 0x8a, 0x41, 0x5b, 0x6a,
    0x7, 0x80, 0x28, 0xf9, 0xb, 0x3c, 0xa2, 0x0,
    0x65, 0x88, 0x0, 0x40, 0x23, 0xc3, 0x0, 0xc4,
    0x1, 0xf8,

    /* U+5386 "历" */
    0x0, 0xa, 0xaf, 0xff, 0x1, 0x80, 0xb, 0x57,
    0x11, 0xfe, 0xb0, 0x3, 0x86, 0xef, 0x22, 0xee,
    0xf0, 0x7, 0xf2, 0xa0, 0x7, 0xff, 0xd, 0x80,
    0x3f, 0xc4, 0x86, 0x61, 0x11, 0x9f, 0x0, 0x74,
    0x5e, 0x60, 0x93, 0x33, 0x70, 0x6, 0x1a, 0xff,
    0x82, 0x7f, 0xe4, 0x60, 0x3, 0x80, 0x71, 0x2,
    0x80, 0x4c, 0x20, 0x2, 0x2, 0x0, 0x90, 0xc,
    0x2, 0x32, 0x0, 0x70, 0x7, 0x52, 0x0, 0x61,
    0xf0, 0x2, 0x10, 0x4, 0x87, 0xc0, 0x10, 0x80,
    0x80, 0xd, 0x0, 0x3, 0x46, 0xa0, 0x11, 0x1,
    0x83, 0x6, 0x81, 0x60, 0x70, 0x0, 0x92, 0x41,
    0x82, 0x5, 0x17, 0x4a, 0x88, 0x0, 0xd6, 0xa4,
    0x62, 0xd0, 0xb, 0x18, 0x80, 0x12, 0x45, 0xe8,
    0x0,

    /* U+53C2 "参" */
    0x0, 0xf8, 0x8c, 0x3, 0xff, 0x86, 0x3f, 0xa2,
    0x2, 0x1, 0xff, 0xe, 0x8f, 0x8c, 0xfa, 0x80,
    0x7f, 0x1e, 0x3e, 0x88, 0x42, 0xd4, 0x0, 0x7c,
    0x58, 0x49, 0xdf, 0xf2, 0x8b, 0xd0, 0x7, 0x8a,
    0xf3, 0x49, 0x7f, 0xba, 0xa8, 0x0, 0xdd, 0xfe,
    0xbc, 0xd2, 0x5f, 0xfd, 0x5b, 0xf6, 0x0, 0xdc,
    0xc6, 0xa8, 0x4e, 0xe6, 0x5, 0x37, 0x59, 0x20,
    0x3, 0x30, 0xca, 0x5b, 0x33, 0x6f, 0x56, 0x4c,
    0xc4, 0x0, 0x39, 0xd1, 0xc1, 0xbb, 0x25, 0x8e,
    0x37, 0x49, 0x80, 0x21, 0x6c, 0xb6, 0xcb, 0x6e,
    0xb5, 0x36, 0x1a, 0x40, 0x17, 0x89, 0x37, 0xd7,
    0x5c, 0x92, 0xcd, 0x6d, 0x0, 0x62, 0x7d, 0xcd,
    0x4a, 0xd7, 0xb9, 0xa2, 0x0, 0xe2, 0xa3, 0xad,
    0xc4, 0x8e, 0x6a, 0xb0, 0xf, 0xb2, 0x95, 0x57,
    0xc7, 0x7a, 0xa0, 0x1e, 0x1c, 0xef, 0xcc, 0xb6,
    0xd0, 0x3, 0xf0, 0xcd, 0xe7, 0xdb, 0x90, 0x7,
    0xe0,

    /* U+53D1 "发" */
    0x0, 0xfc, 0x40, 0x10, 0x80, 0x7c, 0x6c, 0x20,
    0xd, 0x90, 0x5f, 0x20, 0xf, 0x24, 0x80, 0x8,
    0x34, 0x14, 0xfc, 0x40, 0x3b, 0x14, 0x41, 0xc1,
    0x0, 0x1e, 0x4c, 0x1, 0x89, 0x38, 0x45, 0x86,
    0x23, 0x1e, 0x30, 0x80, 0x52, 0x17, 0xdc, 0x63,
    0xee, 0xd9, 0xdc, 0x60, 0x4, 0xde, 0x6d, 0x5,
    0xee, 0xfc, 0xe0, 0x2, 0x43, 0x2f, 0x44, 0x11,
    0x7c, 0x20, 0x1c, 0x4a, 0x9f, 0xfe, 0xa0, 0xf,
    0xb8, 0xb, 0x77, 0x48, 0x48, 0x7, 0xa4, 0xec,
    0x90, 0x8a, 0xb5, 0x30, 0xe, 0x76, 0x94, 0xa9,
    0x30, 0x90, 0xb0, 0xe, 0x98, 0x96, 0x5, 0x6d,
    0xa7, 0xf1, 0x0, 0xd8, 0xd6, 0xc0, 0x15, 0xa,
    0xb1, 0x0, 0x77, 0x6a, 0x0, 0x16, 0xf1, 0x5d,
    0xda, 0xe4, 0x1, 0x11, 0x13, 0x3e, 0x8b, 0x6a,
    0x35, 0x23, 0x7d, 0x80, 0x24, 0x5b, 0xf9, 0x20,
    0x1, 0x4f, 0xe3, 0xb0,

    /* U+53D6 "取" */
    0x9b, 0xbf, 0x98, 0x84, 0x78, 0x1, 0xa4, 0x9d,
    0xd2, 0x89, 0xef, 0x77, 0x20, 0x26, 0xa, 0xac,
    0x78, 0xae, 0x7f, 0xec, 0x7, 0x0, 0xff, 0x78,
    0x80, 0x1c, 0x8, 0x2, 0x1e, 0xe8, 0x80, 0x4,
    0x60, 0x2, 0x1, 0x0, 0x87, 0x32, 0x20, 0x0,
    0x88, 0x1, 0xe6, 0x1, 0xc4, 0x50, 0x4, 0xa0,
    0x40, 0x8a, 0x1, 0xc4, 0x50, 0x4, 0x22, 0x71,
    0x2d, 0x0, 0xc3, 0xbb, 0x10, 0x4, 0x9d, 0x20,
    0x80, 0x18, 0x7f, 0xe2, 0x0, 0xb9, 0x19, 0xc0,
    0x3f, 0xdc, 0xe2, 0x84, 0x32, 0x1, 0xe3, 0x6a,
    0x27, 0xc0, 0x32, 0x7, 0x0, 0x9e, 0x7, 0x32,
    0x19, 0xb0, 0xd4, 0x89, 0x50, 0x7, 0xb5, 0x7d,
    0x31, 0x81, 0x60, 0x53, 0xad, 0x48, 0x45, 0xa8,
    0x6, 0x18, 0x2d, 0x10, 0xa5, 0x72, 0x0, 0xf1,
    0x85, 0x69, 0x80, 0x55, 0xe4,

    /* U+53E3 "口" */
    0x1, 0x1f, 0xfe, 0x0, 0x17, 0x77, 0xff, 0x1,
    0x0, 0x15, 0xdd, 0xfa, 0xc1, 0xc0, 0x2, 0x3f,
    0xce, 0x0, 0x30, 0xf, 0xff, 0xf8, 0x7, 0xff,
    0x30, 0xd1, 0x3f, 0x28, 0x6, 0x8b, 0xbf, 0xd2,
    0x0, 0x30, 0xbf, 0xff, 0xd8, 0x1, 0xff, 0xc3,
    0x70,

    /* U+53EA "只" */
    0x0, 0x12, 0x27, 0xf8, 0x80, 0x35, 0x5d, 0x57,
    0xeb, 0x50, 0xf, 0x77, 0x7d, 0xe0, 0x20, 0x1b,
    0xc0, 0x3f, 0xfe, 0x7e, 0xa, 0xbf, 0x20, 0x8,
    0x6, 0xf0, 0xaa, 0xfc, 0x1, 0xe7, 0xff, 0xff,
    0x38, 0x7, 0xa7, 0x40, 0x22, 0xe7, 0x0, 0xf9,
    0x59, 0xc0, 0x22, 0x58, 0x60, 0xe, 0x4a, 0x4a,
    0x0, 0xd6, 0x92, 0xc0, 0x11, 0xda, 0x58, 0x7,
    0xac, 0xe5, 0x41, 0x70, 0xec, 0x3, 0xf6, 0x95,
    0x29, 0x9b, 0x0, 0x3f, 0x87, 0xd5, 0x4d, 0x80,
    0x1f, 0xf1, 0x50, 0x0,

    /* U+53EB "叫" */
    0x0, 0xff, 0xe8, 0x75, 0x1f, 0xff, 0x10, 0xea,
    0x80, 0x7d, 0x57, 0x40, 0x11, 0x0, 0x63, 0x1,
    0x4, 0x43, 0x81, 0x80, 0x7f, 0xff, 0xc0, 0x30,
    0xa9, 0x80, 0x59, 0xb8, 0x0, 0x20, 0x9d, 0xeb,
    0x10, 0xa, 0xae, 0x40, 0xd8, 0x5, 0x73, 0x88,
    0x4, 0x19, 0x8a, 0x0, 0x5b, 0xd8, 0x30, 0xf,
    0x8a, 0xc8, 0x10, 0x3, 0xc5, 0x42, 0x0, 0x40,
    0xf, 0xe1, 0x50, 0xf, 0xf8, 0xc0, 0x3f, 0xf8,
    0x80,

    /* U+53EF "可" */
    0x3, 0x22, 0xff, 0xe1, 0x9e, 0x6e, 0xff, 0xf0,
    0xb8, 0xfb, 0x9f, 0xff, 0xce, 0x1d, 0xcd, 0x1,
    0x10, 0x7, 0xf7, 0x80, 0x4, 0x40, 0x17, 0x7f,
    0xf7, 0x0, 0x7f, 0xcf, 0x99, 0x30, 0x80, 0x7f,
    0xdc, 0x67, 0x70, 0x80, 0x7f, 0xf8, 0x67, 0xfe,
    0x80, 0xf, 0xfe, 0x3, 0xe6, 0x4c, 0x1, 0xff,
    0xc0, 0xe3, 0x3b, 0x58, 0x3, 0xfd, 0xae, 0x1,
    0x24, 0x0, 0x7f, 0x8c, 0x40, 0x3e, 0xe0, 0x10,
    0xf, 0xfe, 0x6, 0xf3, 0x10, 0x7, 0xff, 0x5,
    0x52, 0x30, 0x2,

    /* U+53F2 "史" */
    0x0, 0xfd, 0x16, 0x20, 0x1f, 0xfc, 0x31, 0x41,
    0x0, 0xff, 0xe2, 0x8, 0x7, 0xf9, 0xbf, 0xf9,
    0x87, 0xff, 0x98, 0x3, 0xd7, 0x79, 0x42, 0xef,
    0x0, 0x7e, 0x54, 0x48, 0xc5, 0x12, 0x50, 0xf,
    0xfe, 0x72, 0xa2, 0x46, 0x28, 0x92, 0x80, 0x7e,
    0xbb, 0xca, 0x17, 0x78, 0x3, 0xcd, 0xf9, 0xff,
    0x21, 0xff, 0xf3, 0x0, 0x72, 0x64, 0x80, 0x19,
    0x40, 0x3f, 0xe4, 0x66, 0x84, 0xbc, 0x3, 0xff,
    0x81, 0x27, 0x36, 0xa, 0x1, 0xff, 0xc1, 0xd2,
    0x51, 0x30, 0xf, 0xfe, 0xa, 0x18, 0xe, 0xb0,
    0x80, 0x7c, 0x29, 0x1b, 0x49, 0xd8, 0xd3, 0xdb,
    0x51, 0x10, 0x85, 0x5b, 0xbb, 0x28, 0x4e, 0xf6,
    0x51, 0x98, 0xe4, 0x21, 0x57, 0xf4, 0x60, 0x18,
    0x9a, 0x73, 0xbe, 0x80,

    /* U+540C "同" */
    0x6f, 0xff, 0xfe, 0x11, 0x0, 0x22, 0x67, 0xfc,
    0xc0, 0x19, 0x9b, 0xfe, 0xc0, 0x30, 0x9, 0x57,
    0xf8, 0x40, 0x3d, 0x15, 0x5f, 0x88, 0x3, 0xdb,
    0xff, 0xf8, 0xc0, 0x3e, 0x12, 0x2f, 0x0, 0x7f,
    0x5e, 0xef, 0x78, 0x7, 0xf1, 0xa7, 0xfd, 0x0,
    0x1f, 0xfc, 0x41, 0x0, 0xfe, 0x37, 0x33, 0xb8,
    0x40, 0x3f, 0xc7, 0x99, 0x30, 0x7, 0xfa, 0xbf,
    0xfb, 0x40, 0x3f, 0xf9, 0x22, 0x1, 0xfe, 0x5b,
    0xb0, 0xf, 0x80, 0x7f, 0x99, 0xd, 0xc2, 0x3c,
    0x40, 0x3f, 0x1f, 0xec, 0x0,

    /* U+540D "名" */
    0x0, 0xf2, 0x10, 0x7, 0xff, 0xa, 0xb8, 0x3,
    0xff, 0x83, 0x3, 0x68, 0x9f, 0x0, 0x72, 0x39,
    0x54, 0xce, 0xab, 0x30, 0xc, 0x96, 0xbb, 0xbd,
    0x86, 0xae, 0x1, 0x35, 0xac, 0x73, 0x80, 0x54,
    0x14, 0x1, 0xe, 0x35, 0x14, 0x42, 0xcb, 0x1b,
    0x0, 0x30, 0xd4, 0x80, 0x1b, 0x17, 0x5f, 0x4,
    0x3, 0xf8, 0xa4, 0x62, 0xc4, 0x3, 0xf2, 0x56,
    0xa8, 0xd6, 0xef, 0x30, 0x2c, 0xf5, 0xab, 0xdd,
    0x4c, 0xf1, 0x0, 0x3d, 0xdb, 0x83, 0x51, 0x3e,
    0x0, 0xab, 0xa0, 0x40, 0x3f, 0xfa, 0xb5, 0xff,
    0xf0, 0x7, 0xe8, 0xcc, 0xf8, 0x3, 0xf1, 0x19,
    0xfc, 0x2, 0x1, 0xdc, 0xa0, 0x1f, 0x7b, 0x80,

    /* U+540E "后" */
    0x0, 0xff, 0xe1, 0x8, 0x7, 0xf1, 0x1a, 0xbc,
    0xe7, 0xf8, 0x40, 0x36, 0xff, 0xdb, 0x97, 0x62,
    0x58, 0xb3, 0x0, 0xc4, 0xd9, 0xbd, 0xfd, 0x97,
    0x2e, 0xa4, 0x1, 0xdc, 0x64, 0x20, 0x1f, 0xfc,
    0x1d, 0x66, 0xff, 0x94, 0x3, 0x24, 0x47, 0xfd,
    0x20, 0x1, 0x8, 0xee, 0xff, 0xb0, 0x0, 0x60,
    0x40, 0x1f, 0xfc, 0x21, 0x7, 0x4f, 0xff, 0xe6,
    0x0, 0x94, 0x8, 0x1, 0x9b, 0xbe, 0x3, 0x0,
    0xbc, 0x44, 0xe0, 0x45, 0xf0, 0x7, 0x22, 0x0,
    0x3f, 0xf8, 0x46, 0x58, 0x1, 0x18, 0x8f, 0x80,
    0x37, 0x83, 0x80, 0x5b, 0xdd, 0xe0, 0x8, 0x59,
    0x82, 0xe, 0x1b, 0xdd, 0xe0, 0x8, 0x6a, 0x40,
    0x31, 0x88, 0xf8, 0xc, 0x3, 0xc9, 0xa2, 0x1,
    0xef, 0x60,

    /* U+5411 "向" */
    0x0, 0xcc, 0xe0, 0x1f, 0xfc, 0x1a, 0xa0, 0x7,
    0xff, 0x0, 0x4e, 0xc0, 0x3f, 0xb7, 0xb9, 0xe1,
    0x1d, 0xdf, 0x98, 0xd6, 0x21, 0x31, 0x1f, 0x84,
    0x0, 0x6c, 0xdf, 0xf0, 0x7, 0xff, 0x21, 0x3f,
    0xfc, 0xe0, 0x1f, 0x38, 0x56, 0xeb, 0x0, 0x3f,
    0xe7, 0x22, 0x18, 0x7, 0xff, 0x31, 0xc3, 0x3b,
    0xa0, 0xf, 0xe5, 0xba, 0xad, 0x6a, 0x1, 0xf0,
    0xa2, 0x78, 0x80, 0x3f, 0xf8, 0xe2, 0x1, 0xfc,
    0x53, 0x60, 0x43, 0xe0, 0x1f, 0x89, 0xd9, 0x88,

    /* U+541B "君" */
    0x0, 0xff, 0xe4, 0x17, 0xff, 0xfc, 0xe0, 0x1c,
    0x59, 0xbc, 0xc9, 0xdd, 0xc2, 0x1, 0xf1, 0x90,
    0x98, 0x8f, 0x80, 0x3d, 0x9d, 0xd9, 0x55, 0xdd,
    0xc3, 0x1d, 0xe0, 0xf, 0xdd, 0xc0, 0xfb, 0xbc,
    0x2d, 0xb6, 0x0, 0x33, 0xc2, 0x16, 0x67, 0xc1,
    0xc6, 0x80, 0x15, 0x7f, 0xb4, 0x33, 0xff, 0x84,
    0x3, 0xd3, 0x98, 0x16, 0xdd, 0xf9, 0x80, 0x38,
    0xcd, 0x61, 0x4, 0x5f, 0x8, 0x7, 0x95, 0xcb,
    0xbf, 0xfe, 0xb0, 0xe, 0x5a, 0x59, 0x1c, 0xcf,
    0x20, 0x7, 0x45, 0x2d, 0x0, 0xc, 0xfc, 0x22,
    0x0, 0xc2, 0xd4, 0x1, 0xff, 0xc3, 0x99, 0x0,
    0x43, 0xff, 0xe5, 0x0, 0xfe, 0x31, 0xcc, 0xf2,
    0x8, 0x7, 0xe1, 0x3, 0x3f, 0xb, 0x80, 0x7e,
    0x6c, 0x0, 0xf5, 0x60, 0x4,

    /* U+542B "含" */
    0x0, 0xfd, 0x4a, 0x1, 0xff, 0xc3, 0x65, 0xf0,
    0xf, 0xfe, 0x12, 0x4a, 0xa5, 0x0, 0x7f, 0xf0,
    0x12, 0xd6, 0xb1, 0x34, 0xc0, 0x3f, 0xa2, 0xda,
    0x70, 0xbd, 0xb2, 0x8c, 0x3, 0x97, 0x5a, 0xa4,
    0xca, 0x6, 0xe5, 0x33, 0x60, 0x1, 0xb4, 0xfa,
    0x82, 0x2a, 0xa0, 0x89, 0xfe, 0xc, 0x40, 0x1d,
    0xb3, 0x9d, 0xd5, 0xef, 0x73, 0x1, 0xfa, 0x40,
    0x6, 0x47, 0xff, 0xe7, 0x1f, 0x10, 0xf, 0xfe,
    0xa, 0xbd, 0x10, 0x7, 0xf0, 0x8f, 0x4, 0x28,
    0x88, 0x3, 0xe4, 0xee, 0xea, 0x8e, 0xe8, 0x80,
    0x3c, 0xe1, 0x9f, 0xfe, 0xb0, 0xf, 0xfe, 0x82,
    0x2a, 0xfb, 0x0, 0x3f, 0xd5, 0x33, 0xe5, 0x0,
    0xff, 0x76, 0x67, 0xb8, 0x80, 0x30,

    /* U+542C "听" */
    0x0, 0xff, 0xe0, 0x8a, 0x80, 0x4, 0xcf, 0x80,
    0xe2, 0x6b, 0x3b, 0x94, 0xa0, 0xd9, 0x9c, 0xa,
    0xe3, 0xb5, 0x76, 0xd4, 0x0, 0xf, 0xfa, 0x0,
    0x6, 0x10, 0xec, 0xa8, 0x42, 0x2, 0x1, 0x84,
    0x3, 0xff, 0xb3, 0xff, 0xf1, 0x80, 0x7c, 0x61,
    0xbb, 0x4, 0x66, 0xc, 0x3, 0xf0, 0x91, 0x40,
    0x26, 0x60, 0xf, 0xdc, 0x60, 0x1f, 0xc2, 0x88,
    0xd0, 0x1, 0x30, 0x7, 0xfa, 0x64, 0x80, 0x7,
    0x30, 0xf, 0xc2, 0x2d, 0xd4, 0x11, 0x58, 0x1,
    0xf9, 0x20, 0x0, 0xd9, 0x2, 0x80, 0x1f, 0x8d,
    0x80, 0x24, 0x59, 0x0, 0xff, 0xe0, 0x95, 0x13,
    0x80, 0x7f, 0xf0, 0x8b, 0x80, 0x3f, 0xf8, 0x45,
    0x86, 0x1, 0xde, 0xc0, 0x10,

    /* U+542F "启" */
    0x0, 0xfc, 0x2e, 0x1, 0xff, 0xc2, 0x58, 0x70,
    0xf, 0xc2, 0x67, 0x9c, 0xa4, 0xcf, 0x8, 0x4,
    0xb9, 0xbb, 0x8c, 0x37, 0x6c, 0x60, 0xe, 0xee,
    0xfd, 0xe0, 0x20, 0x1f, 0xfc, 0x93, 0x3f, 0xca,
    0x1, 0xc2, 0x19, 0x9f, 0xac, 0x4, 0x2, 0x31,
    0xff, 0xff, 0x38, 0x5, 0xe6, 0x24, 0x5f, 0xc2,
    0x1, 0x2b, 0xc6, 0xef, 0xf5, 0x80, 0x47, 0xa0,
    0x3f, 0xff, 0x10, 0x4, 0x80, 0x80, 0x1f, 0xfc,
    0x1f, 0x13, 0x0, 0xff, 0xe0, 0x1a, 0x48, 0x0,
    0x7f, 0xfe, 0x20, 0x7, 0x83, 0x0, 0x6, 0xef,
    0xe1, 0x0, 0x6c, 0x88, 0x0, 0xd1, 0x3e, 0x30,

    /* U+547C "呼" */
    0x0, 0xff, 0xe1, 0x12, 0x0, 0x44, 0x5c, 0xa,
    0xcf, 0x35, 0x9f, 0xb6, 0x80, 0xd, 0xde, 0x8,
    0xbb, 0x1a, 0xbd, 0x5e, 0xa8, 0x5, 0x3f, 0x0,
    0xd, 0xd6, 0x50, 0xe2, 0xa1, 0x8, 0x7, 0x84,
    0x16, 0x0, 0x38, 0xf0, 0xc0, 0x3f, 0x6b, 0x0,
    0x72, 0x19, 0x80, 0x3f, 0x58, 0xa0, 0x6, 0xa6,
    0x0, 0xfe, 0x34, 0x70, 0x8, 0x5e, 0x80, 0x3f,
    0xd6, 0x60, 0x10, 0xd1, 0x80, 0x61, 0x2f, 0x4,
    0xfe, 0xe8, 0x63, 0xba, 0xf5, 0x0, 0x46, 0xb8,
    0xad, 0x56, 0x5, 0xaa, 0xc8, 0x0, 0x9e, 0x70,
    0x15, 0x44, 0x87, 0x51, 0x25, 0x10, 0x8, 0x6e,
    0x40, 0x3f, 0xf8, 0x2a, 0x40, 0x6c, 0x1, 0xff,
    0xc1, 0xa4, 0x0, 0xfc, 0x20, 0x1f, 0xfc, 0x21,
    0xcd, 0x2, 0x0, 0xff, 0xe0, 0x8b, 0x3d, 0x28,
    0x7, 0x0,

    /* U+547D "命" */
    0x0, 0xfc, 0xaa, 0x0, 0xff, 0xe1, 0x8d, 0xd0,
    0x7, 0xff, 0xf, 0x4c, 0xa4, 0x3, 0xff, 0x83,
    0x83, 0x9e, 0xd2, 0x1, 0xfe, 0x2d, 0xc, 0x12,
    0xc7, 0xd3, 0x0, 0xf9, 0xf5, 0xe4, 0x8c, 0xc1,
    0x63, 0x96, 0xa0, 0x14, 0x75, 0x5d, 0xdb, 0xba,
    0xea, 0xda, 0xb0, 0x0, 0x31, 0xea, 0x1f, 0xee,
    0xe7, 0xf9, 0xd7, 0x2f, 0x80, 0x12, 0xdb, 0xdd,
    0x94, 0xbb, 0xb9, 0x88, 0x3, 0xd, 0x7f, 0x80,
    0x6, 0x19, 0xfa, 0x6, 0x1, 0xff, 0xde, 0xae,
    0xe0, 0x7, 0xa, 0x0, 0x7c, 0x33, 0x98, 0x0,
    0xeb, 0x94, 0x10, 0xe, 0x84, 0x22, 0x72, 0x80,
    0x51, 0x96, 0x1, 0xe7, 0x20, 0x0, 0x80, 0x62,
    0x30, 0xf, 0xfe, 0x9, 0x80, 0x7e,

    /* U+548C "和" */
    0x0, 0xfc, 0x20, 0x1f, 0xe1, 0x24, 0x69, 0xdf,
    0x0, 0xfe, 0x1e, 0xdb, 0x95, 0x54, 0x8, 0x7,
    0xe1, 0xde, 0xf0, 0x98, 0x61, 0x6f, 0xfe, 0x70,
    0x1, 0x8, 0x7, 0xec, 0xc8, 0x3, 0xff, 0x80,
    0x62, 0x67, 0x8, 0x82, 0xff, 0xe0, 0xaf, 0xf6,
    0x0, 0x7e, 0xad, 0xd4, 0x4, 0xee, 0xb8, 0x3,
    0xf0, 0x91, 0x2c, 0x1, 0x46, 0x40, 0x1f, 0xe5,
    0x30, 0x16, 0xd0, 0xf, 0xf0, 0xdb, 0x1, 0x69,
    0xc0, 0x7, 0xf5, 0x1c, 0x80, 0xd, 0xfc, 0x3,
    0xf5, 0x27, 0x0, 0x68, 0x70, 0x1f, 0xf8, 0x40,
    0x29, 0x30, 0xf, 0x87, 0x76, 0x10, 0x5, 0x30,
    0x7, 0xc6, 0x4, 0x51, 0x80, 0x7f, 0xcd, 0xe0,
    0x16, 0xb0, 0x7, 0x8c, 0x3, 0x8, 0x7, 0x0,

    /* U+54CD "响" */
    0x0, 0xfe, 0x95, 0x0, 0xff, 0xe0, 0x8b, 0x10,
    0x7, 0x1c, 0xce, 0x1, 0x12, 0x1, 0x88, 0xe0,
    0x66, 0x70, 0xb0, 0x7f, 0x50, 0x5f, 0x76, 0x80,
    0x17, 0xa0, 0x1, 0xbf, 0xff, 0x84, 0x4, 0x3,
    0xff, 0x85, 0xe0, 0x1f, 0x8b, 0xfe, 0xe0, 0xf,
    0xfe, 0xd, 0xc8, 0x80, 0x7f, 0xf0, 0x58, 0x80,
    0x3f, 0xf9, 0x44, 0xc0, 0x1f, 0xfc, 0x11, 0xf9,
    0x0, 0xf7, 0xc8, 0x6, 0x11, 0x6f, 0x80, 0x62,
    0xb9, 0x96, 0x0, 0x78, 0xa8, 0x3, 0x22, 0x46,
    0x1, 0x26, 0x80, 0x14, 0x3, 0xf8, 0x40, 0x4c,
    0x3, 0xfd, 0x3e, 0x4, 0x1, 0xe3, 0x0, 0xea,
    0x38, 0x50,

    /* U+5668 "器" */
    0x0, 0xff, 0xe3, 0x27, 0xff, 0x12, 0x7f, 0xf4,
    0x80, 0x77, 0xfc, 0x6, 0xe1, 0xff, 0x28, 0x7,
    0xe1, 0x0, 0xff, 0xe1, 0x7f, 0xb8, 0xd, 0xc3,
    0xfe, 0x50, 0xc, 0x9f, 0xfd, 0x39, 0xfc, 0xdb,
    0xf2, 0x0, 0x14, 0x33, 0xe4, 0x23, 0x25, 0xa3,
    0x38, 0xa, 0xbb, 0xb6, 0x82, 0xef, 0xa, 0xf7,
    0x24, 0xf, 0xb7, 0x6b, 0x18, 0xa1, 0x5f, 0xdd,
    0xa8, 0x15, 0xa2, 0xfe, 0xad, 0xd7, 0x4f, 0x7a,
    0xea, 0x82, 0x56, 0x59, 0x92, 0x0, 0xa, 0xfa,
    0xc8, 0xc, 0x5e, 0x56, 0x33, 0xfc, 0x47, 0xfe,
    0xea, 0x63, 0x90, 0xd, 0xfe, 0xe0, 0x31, 0xf,
    0xf9, 0x44, 0x3, 0xe1, 0x0, 0xff, 0xe1, 0x77,
    0x40, 0x1b, 0xba, 0x50, 0xf, 0x7f, 0xc0, 0x1b,
    0xfe, 0x50, 0xf, 0x8, 0xc0, 0x62, 0x2, 0x30,
    0x8, 0x4, 0x9c, 0x1, 0x79, 0x1f, 0x80, 0x55,
    0x20, 0x0,

    /* U+56DE "回" */
    0xd, 0xdf, 0xfe, 0x10, 0x12, 0x44, 0x7f, 0x90,
    0x80, 0x1e, 0xab, 0xfe, 0xf0, 0xf, 0xfe, 0x18,
    0x80, 0x64, 0xff, 0xf1, 0x0, 0x7f, 0x66, 0xea,
    0x80, 0xc0, 0x3e, 0x70, 0x32, 0x23, 0x0, 0x7f,
    0xf3, 0x88, 0xa6, 0x0, 0xfe, 0x70, 0xdd, 0xa8,
    0xc, 0x3, 0xe4, 0xee, 0xf1, 0x0, 0x7e, 0x11,
    0xf0, 0x7, 0x84, 0xcf, 0xfd, 0xc2, 0x0, 0x8c,
    0xcf, 0xf3, 0x80, 0xa, 0xff, 0xff, 0xd4, 0x40,

    /* U+56FA "固" */
    0x2, 0x2f, 0xfe, 0x10, 0x2e, 0xef, 0xff, 0x9,
    0x0, 0x1b, 0xbf, 0xf6, 0x0, 0x62, 0x2e, 0x5c,
    0x22, 0xe0, 0xf, 0xfe, 0x4c, 0x7f, 0xd0, 0x3f,
    0xf6, 0x0, 0x7a, 0xae, 0xe6, 0xb, 0xbb, 0xc0,
    0x3c, 0x48, 0x97, 0x8a, 0x24, 0x60, 0x1f, 0x12,
    0xab, 0xc5, 0x56, 0x0, 0xfc, 0x95, 0x6e, 0x37,
    0x6a, 0x0, 0xfe, 0x1e, 0xed, 0x2, 0x1, 0xff,
    0xc3, 0x10, 0xf, 0xe1, 0xff, 0xd2, 0x1, 0xfc,
    0xfb, 0xbf, 0x0, 0x79, 0x95, 0x1d, 0xfe, 0x57,
    0x0, 0xd1, 0x77, 0xfe, 0x80, 0xd, 0xdd, 0xff,
    0x78, 0x1, 0x74, 0x3, 0xfe, 0x1f, 0x40,

    /* U+5728 "在" */
    0x0, 0xf9, 0xac, 0x80, 0x3f, 0xf8, 0x7a, 0xa4,
    0x1, 0xff, 0xc3, 0x46, 0x0, 0xff, 0xf, 0xff,
    0x3, 0xff, 0xfd, 0xc0, 0x1, 0xbb, 0x66, 0x8,
    0x99, 0x9f, 0x5d, 0x0, 0x48, 0x83, 0x12, 0x83,
    0x33, 0x21, 0x9c, 0x88, 0x0, 0xf4, 0x12, 0x80,
    0x32, 0x80, 0x3f, 0x8b, 0x16, 0x40, 0x3f, 0xf8,
    0x4e, 0x6c, 0xc5, 0x58, 0x81, 0x56, 0x40, 0xc,
    0x74, 0x16, 0xf7, 0x72, 0x15, 0xdd, 0xe0, 0x13,
    0x61, 0x0, 0x17, 0xba, 0x62, 0xee, 0xac, 0x0,
    0x36, 0x9e, 0x1, 0xff, 0xc2, 0x1c, 0xb0, 0xf,
    0xfe, 0x20, 0x80, 0x7f, 0xf2, 0x45, 0x13, 0x10,
    0x22, 0x70, 0x7, 0x9e, 0xab, 0x29, 0xd5, 0x70,
    0x7, 0x9f, 0xbb, 0xfe, 0x0,

    /* U+5730 "地" */
    0x0, 0x90, 0x80, 0x3d, 0xca, 0x1, 0xfa, 0xe8,
    0x3, 0xc2, 0x1, 0xfe, 0xf0, 0x2, 0xe0, 0x7,
    0xff, 0x0, 0x40, 0x31, 0x80, 0x7f, 0xf1, 0x44,
    0x2, 0x35, 0xae, 0x0, 0xd, 0xd8, 0x6a, 0xd8,
    0x2, 0x60, 0x9a, 0x71, 0x0, 0x9, 0xe0, 0x36,
    0x1e, 0x8f, 0xc0, 0x3f, 0xd8, 0x6, 0x87, 0x1c,
    0x6a, 0x70, 0xbe, 0xd, 0x0, 0xff, 0xe, 0x48,
    0xa0, 0x7, 0x8, 0x7, 0xe3, 0x30, 0x7, 0xff,
    0x28, 0xe6, 0x8, 0x3, 0xe2, 0x50, 0xe, 0x35,
    0x4d, 0x0, 0xc8, 0x33, 0xb8, 0x1, 0xc7, 0x94,
    0x1, 0xf, 0x58, 0xbe, 0x48, 0x6, 0xf6, 0x0,
    0x37, 0x10, 0xbd, 0x74, 0x98, 0x8, 0x94, 0x8b,
    0x1d, 0x1, 0x4, 0xa8, 0x6, 0x43, 0xad, 0xdd,
    0x87, 0x40, 0x1f, 0xd9, 0xff, 0xee, 0x40,

    /* U+5740 "址" */
    0x0, 0x8c, 0x40, 0x3c, 0x4e, 0x20, 0x1f, 0x63,
    0x0, 0x79, 0xe0, 0xc0, 0x3f, 0xf8, 0xa6, 0x1,
    0xff, 0xd1, 0x1c, 0x50, 0xf, 0xc3, 0x54, 0xb,
    0xa6, 0x3, 0x0, 0xc4, 0x50, 0x80, 0xc, 0xc0,
    0xe4, 0x62, 0x2, 0x1, 0x66, 0xea, 0x0, 0x66,
    0x41, 0x90, 0xa0, 0x1e, 0xde, 0xe4, 0x0, 0x7f,
    0xf0, 0x8c, 0x46, 0x0, 0xff, 0xef, 0x1a, 0x80,
    0x7f, 0xf0, 0x54, 0x23, 0x30, 0x1, 0xff, 0x1f,
    0xd0, 0x35, 0xc8, 0x7, 0xfc, 0x66, 0x9f, 0x97,
    0x55, 0x6, 0x2e, 0x83, 0xaa, 0xc2, 0x18, 0xc0,
    0xa, 0xbb, 0xb, 0x5b, 0xc, 0x5d, 0xca,

    /* U+578B "型" */
    0x0, 0xff, 0xe0, 0x8d, 0x10, 0x3, 0x73, 0x3d,
    0xaa, 0x6e, 0x6, 0xa2, 0x0, 0x88, 0x1d, 0xc2,
    0x9c, 0xbb, 0x40, 0x18, 0x8, 0x1, 0x50, 0x11,
    0x1e, 0x28, 0x40, 0x20, 0x1f, 0xfc, 0xac, 0xc8,
    0x3b, 0x2c, 0x72, 0xc0, 0x3e, 0xbb, 0x28, 0x55,
    0xb8, 0x5e, 0x80, 0x80, 0x73, 0xb8, 0x9, 0xdd,
    0x82, 0xec, 0x60, 0x1f, 0x23, 0x50, 0x0, 0x44,
    0x0, 0x6f, 0x3, 0x0, 0xa2, 0xcd, 0xc0, 0x3f,
    0x46, 0x81, 0x5, 0xa6, 0x80, 0x4f, 0x3a, 0x1,
    0x5b, 0x60, 0x0, 0xed, 0x15, 0x77, 0x92, 0xac,
    0xd8, 0x40, 0x11, 0x55, 0xde, 0x70, 0xbb, 0xe5,
    0x0, 0x8b, 0xfb, 0xb4, 0xf, 0x77, 0x20, 0x7,
    0xff, 0x1d, 0x13, 0xef, 0x4, 0x4f, 0x82, 0x6e,
    0xfc, 0xc3, 0x77, 0xf1, 0x0,

    /* U+586B "填" */
    0x0, 0x84, 0x3, 0xcd, 0x20, 0x1f, 0xdc, 0xa0,
    0x45, 0xb0, 0x8b, 0x18, 0x7, 0xe9, 0xcc, 0x95,
    0x33, 0x32, 0x0, 0x70, 0x85, 0xf7, 0x45, 0x3d,
    0xd7, 0xa0, 0x7, 0xe8, 0xff, 0x14, 0xff, 0xc0,
    0x1b, 0x74, 0x15, 0xc4, 0x7, 0xdd, 0xa8, 0x3,
    0xbb, 0x81, 0x3a, 0x40, 0x7d, 0xda, 0x80, 0x38,
    0xcc, 0x6, 0x60, 0x1, 0xff, 0xeb, 0x0, 0xff,
    0xe0, 0x1f, 0xfe, 0xb0, 0xf, 0xfe, 0x1, 0xff,
    0xeb, 0x0, 0xff, 0xe0, 0x1f, 0xfe, 0xb0, 0xf,
    0xd9, 0x46, 0x27, 0xbb, 0xa4, 0x8, 0xc0, 0xb,
    0x40, 0xbb, 0xce, 0x59, 0x9a, 0x7, 0x30, 0x0,
    0x81, 0xbd, 0x7d, 0xe6, 0xce, 0xe9, 0xb7, 0xbc,
    0x1, 0xb6, 0x80, 0x1, 0xa7, 0x40, 0x8, 0xf1,
    0x80, 0x3e, 0x5f, 0x7c, 0x60, 0xa, 0xda, 0x60,
    0x3, 0xce, 0xed, 0x30, 0xe, 0x98, 0x90,

    /* U+58F0 "声" */
    0x0, 0xfc, 0xb6, 0x1, 0xf8, 0x50, 0xcf, 0xb1,
    0xc, 0xf9, 0xc, 0xa, 0xf7, 0x79, 0x83, 0x77,
    0xae, 0x40, 0xff, 0xbb, 0xa0, 0x3b, 0xbb, 0xe8,
    0x2, 0x43, 0x3d, 0xc0, 0x67, 0x22, 0xc, 0x2,
    0x1a, 0xdd, 0xce, 0x3b, 0xb5, 0x52, 0x40, 0x21,
    0xee, 0xff, 0xe0, 0x50, 0x6, 0xdf, 0xff, 0xf9,
    0x80, 0x38, 0xf3, 0x26, 0xc, 0xcc, 0x1, 0xf3,
    0x99, 0xdc, 0x6, 0x78, 0x3, 0xc6, 0x2, 0x30,
    0x0, 0x47, 0x0, 0x78, 0x53, 0xba, 0x80, 0xee,
    0xc0, 0x1c, 0x61, 0x5f, 0xff, 0xc0, 0x1d, 0x40,
    0x80, 0x1f, 0xde, 0xc0, 0x3, 0x65, 0x10, 0xf,
    0xfe, 0x0, 0xe8, 0xd8, 0x7, 0xff, 0x4, 0x76,
    0x84, 0x3, 0xff, 0x82,

    /* U+5904 "处" */
    0x0, 0xc2, 0x1, 0xe1, 0x10, 0x7, 0xf6, 0xe0,
    0x7, 0x7c, 0x80, 0x7f, 0x1d, 0x80, 0x7f, 0xf0,
    0xd0, 0xc, 0x8a, 0x10, 0x3f, 0x0, 0xfd, 0xc1,
    0x7b, 0xb3, 0x0, 0x7f, 0xc9, 0x1f, 0xee, 0x2,
    0x0, 0x7e, 0x38, 0x7, 0x38, 0x98, 0x0, 0x81,
    0xc0, 0x1e, 0x90, 0xa0, 0x1a, 0x43, 0x40, 0x8,
    0x4, 0x1, 0x42, 0xd1, 0x80, 0x24, 0x25, 0xc0,
    0x1a, 0x80, 0x1d, 0x45, 0xa0, 0x4d, 0xc, 0x2c,
    0xb, 0xa0, 0x1e, 0xed, 0x2, 0xe6, 0x7, 0x87,
    0x7, 0x0, 0xf1, 0x98, 0x0, 0x20, 0x9, 0x8,
    0x41, 0x0, 0xff, 0xe0, 0x8a, 0x6, 0x0, 0x47,
    0xe0, 0x1f, 0xce, 0xaa, 0x87, 0x0, 0x18, 0x7,
    0xe1, 0xa8, 0xaa, 0x4c, 0x6b, 0x64, 0x0, 0x79,
    0xbd, 0x2d, 0x41, 0xb0, 0x67, 0xb6, 0xea, 0x92,
    0x3, 0x9, 0xe8, 0x1, 0x1e, 0x6c, 0xbb, 0x91,
    0x40, 0x3, 0xd4, 0x20, 0x1e, 0x26, 0xac, 0xef,
    0x90,

    /* U+5907 "备" */
    0x0, 0xff, 0xe6, 0x64, 0x0, 0x7f, 0xf0, 0xd8,
    0xec, 0x3, 0xff, 0x84, 0x52, 0x19, 0xff, 0xe8,
    0x0, 0xf1, 0x60, 0x4f, 0xfe, 0xe4, 0x28, 0x0,
    0xe2, 0xc2, 0x89, 0x70, 0xa, 0x97, 0x0, 0x3c,
    0x88, 0xc7, 0xb9, 0xc4, 0xc6, 0xf1, 0x0, 0xf3,
    0x50, 0x1, 0x20, 0xec, 0xbc, 0x40, 0x3f, 0x12,
    0xce, 0xca, 0xc1, 0xee, 0x4b, 0xaa, 0x18, 0xef,
    0xec, 0x4, 0x75, 0x3e, 0xe5, 0x9d, 0x52, 0xd0,
    0x66, 0xec, 0x6f, 0x7f, 0xdd, 0x6c, 0xa3, 0x7f,
    0x38, 0x22, 0x1c, 0x77, 0x31, 0x21, 0x99, 0x38,
    0x0, 0x40, 0x3c, 0x45, 0x9, 0x91, 0x42, 0x1,
    0xfd, 0xdf, 0xe9, 0x2f, 0xf9, 0xc0, 0x3f, 0xb7,
    0xb9, 0x5, 0xdd, 0x30, 0x7, 0xf0, 0x99, 0xbc,
    0xcf, 0x0, 0x7f, 0xb3, 0x74, 0xe3, 0xbb, 0x30,
    0x7, 0xf7, 0x7f, 0xfc, 0xee, 0x0, 0x80,

    /* U+590D "复" */
    0x0, 0xe7, 0x40, 0xf, 0xfe, 0x12, 0x40, 0x8f,
    0xf8, 0x3, 0x15, 0x5, 0x77, 0x7e, 0xf0, 0x8,
    0xf1, 0x7f, 0xff, 0xdc, 0x0, 0x7c, 0x45, 0xff,
    0xfe, 0x60, 0xb, 0xa2, 0x82, 0x7b, 0xbe, 0x13,
    0x0, 0xa5, 0xc0, 0x11, 0x99, 0xf0, 0x80, 0x7e,
    0x9e, 0xef, 0x80, 0x3f, 0xd, 0x7f, 0xfc, 0x6,
    0x1, 0xeb, 0x53, 0xb8, 0x8e, 0xb7, 0x0, 0xf2,
    0x28, 0xa3, 0xbf, 0x84, 0x3, 0xd6, 0x41, 0xdd,
    0xb7, 0x24, 0x3, 0x87, 0x11, 0xc2, 0x77, 0x65,
    0x2a, 0x0, 0xeb, 0x1d, 0x87, 0xb8, 0x1b, 0x6c,
    0x0, 0xf5, 0x69, 0x4, 0xd3, 0xf2, 0xf8, 0x80,
    0x71, 0x22, 0xbc, 0xe5, 0x23, 0x9e, 0xf5, 0xc3,
    0xa8, 0x35, 0xdc, 0x13, 0xd7, 0x1b, 0xa8, 0x24,
    0x92, 0x4, 0xfe, 0xc9, 0x51, 0x0, 0x89, 0xa7,
    0x39, 0xc0,

    /* U+5916 "外" */
    0x0, 0xcc, 0xc0, 0xc, 0xfa, 0x1, 0xfe, 0xbc,
    0x0, 0xde, 0x40, 0x1f, 0xc4, 0x4f, 0x33, 0x83,
    0xc4, 0x3, 0xfa, 0xc2, 0xb3, 0x23, 0x0, 0xff,
    0xb, 0x5f, 0xfa, 0x40, 0xc0, 0x4, 0xa0, 0x1e,
    0x83, 0x40, 0x7, 0x90, 0x5, 0x54, 0x40, 0xc,
    0xad, 0xe4, 0x0, 0x44, 0x0, 0x50, 0x94, 0x40,
    0x1, 0xa7, 0x5d, 0x53, 0x2d, 0x0, 0xd4, 0x7c,
    0x0, 0x1c, 0x86, 0x65, 0x70, 0xa0, 0x6, 0x1e,
    0x39, 0x0, 0x18, 0x2, 0x58, 0xa4, 0x3, 0xc6,
    0xee, 0x0, 0xf1, 0x11, 0xc0, 0x3e, 0x8f, 0x0,
    0xe7, 0x4e, 0x0, 0xfe, 0x10, 0xc, 0xd1, 0x26,
    0x1, 0xff, 0xc1, 0x99, 0x3b, 0x0, 0x7f, 0xf0,
    0x7, 0x5a, 0x20, 0x1, 0xde, 0x20, 0x1e, 0x1e,
    0xc7, 0x0, 0xff, 0xe1, 0x0,

    /* U+5931 "失" */
    0x0, 0xfc, 0x20, 0x1f, 0xfc, 0x4c, 0xb0, 0xf,
    0xfb, 0xc, 0x2, 0x20, 0xf, 0xf2, 0x98, 0x80,
    0x4, 0x3, 0xfe, 0x92, 0x75, 0x50, 0x92, 0xae,
    0x61, 0x0, 0x94, 0xc2, 0x22, 0x24, 0x88, 0xae,
    0x8, 0x0, 0x36, 0xbb, 0xb8, 0x9f, 0x76, 0xee,
    0x18, 0x1, 0x82, 0xc0, 0x31, 0xf8, 0x7, 0xe4,
    0xa2, 0x33, 0xc3, 0xe6, 0x7e, 0x10, 0xdb, 0xcc,
    0xe0, 0x7c, 0xcf, 0x20, 0x77, 0xff, 0x40, 0x2,
    0xff, 0xf9, 0x40, 0x3c, 0x32, 0xeb, 0x22, 0x1,
    0xff, 0x69, 0xc5, 0x86, 0x10, 0x7, 0xe3, 0xd2,
    0xf0, 0x1c, 0xd, 0x81, 0x0, 0xc3, 0x18, 0x18,
    0x40, 0x1, 0xd6, 0x7e, 0xa4, 0x9, 0xe7, 0x76,
    0x90, 0x7, 0x4e, 0x22, 0x88, 0x53, 0x6c, 0x0,
    0x7e, 0x3b, 0xd5,

    /* U+5934 "头" */
    0x0, 0xfe, 0x84, 0x0, 0xfe, 0x74, 0x0, 0x85,
    0xcc, 0x3, 0xfb, 0x2e, 0x84, 0x2, 0x20, 0xf,
    0xeb, 0xa4, 0xf2, 0x0, 0x8, 0x7, 0xc2, 0x0,
    0x5c, 0x62, 0x30, 0x70, 0xf, 0xb3, 0x50, 0xa,
    0x0, 0x21, 0x0, 0xfb, 0x86, 0xe8, 0x40, 0x2,
    0x6, 0x1, 0xf1, 0xe4, 0x21, 0x80, 0x1c, 0x4,
    0x3, 0xc2, 0x20, 0x7f, 0x20, 0x1, 0x0, 0x70,
    0x88, 0x3b, 0x9f, 0xee, 0xff, 0xa4, 0x3f, 0xf7,
    0x70, 0xaa, 0x97, 0x7d, 0x40, 0xd7, 0x7d, 0x44,
    0xaa, 0x44, 0xed, 0x8, 0x54, 0x4c, 0xa0, 0x1f,
    0x2b, 0xd1, 0xf4, 0x0, 0x7f, 0xa2, 0xa1, 0x4a,
    0x1f, 0x50, 0x3, 0xcb, 0xad, 0x4e, 0x0, 0x7d,
    0x1b, 0x90, 0x1, 0x47, 0x53, 0xfa, 0x80, 0x62,
    0xc7, 0x69, 0x2, 0x23, 0xed, 0x8, 0x7, 0xd1,
    0x72, 0x0,

    /* U+59CB "始" */
    0x0, 0xa1, 0x0, 0x39, 0x8, 0x3, 0xf9, 0xc8,
    0x3, 0xa7, 0x0, 0x3f, 0x8, 0x20, 0x6, 0x42,
    0xb0, 0xf, 0xc4, 0x4, 0x1, 0xa1, 0x54, 0xc,
    0xa0, 0x12, 0x7e, 0x7, 0x73, 0x41, 0x4a, 0xc0,
    0x19, 0x44, 0x0, 0x59, 0x43, 0xb4, 0x12, 0xbb,
    0x8, 0x2, 0x8b, 0xc0, 0x2, 0xcf, 0x6a, 0x6d,
    0x23, 0x1d, 0xcf, 0xf1, 0x12, 0xc0, 0x23, 0x40,
    0x5d, 0xf7, 0xba, 0xce, 0xff, 0x66, 0x80, 0x10,
    0xc, 0xc, 0xc9, 0xc, 0x84, 0x20, 0x3, 0x60,
    0x6, 0x18, 0x20, 0x20, 0x6f, 0xff, 0xb8, 0x3,
    0x1c, 0xf2, 0x0, 0x4b, 0x55, 0x94, 0x40, 0x28,
    0xb7, 0x5d, 0x0, 0xb5, 0x57, 0x68, 0x80, 0x64,
    0x60, 0x83, 0x0, 0xff, 0xe0, 0x93, 0xc2, 0xe1,
    0x0, 0x7f, 0xf0, 0x3c, 0xde, 0xdc, 0x82, 0x3f,
    0xf4, 0x0, 0x43, 0x87, 0xc0, 0x8, 0x0, 0x35,
    0xde, 0x61, 0x0, 0x9e, 0x88, 0x3, 0x1f, 0x22,
    0x6e, 0x0, 0x86, 0xd0, 0x3, 0xbd, 0xc0, 0x33,
    0xf8, 0x0,

    /* U+5A92 "媒" */
    0x0, 0x8d, 0x40, 0x2a, 0x30, 0x8, 0xec, 0x3,
    0xd5, 0x0, 0x12, 0x38, 0x6, 0x40, 0xf, 0x12,
    0x5, 0x78, 0xdf, 0xfd, 0x81, 0xfe, 0x0, 0xcb,
    0x81, 0x7a, 0x35, 0xdd, 0x58, 0x76, 0x80, 0x22,
    0x3, 0xae, 0xe2, 0x0, 0xf8, 0x48, 0x0, 0x48,
    0x22, 0xad, 0x0, 0x57, 0x75, 0x60, 0x1d, 0x48,
    0x89, 0x72, 0x0, 0x5f, 0xfd, 0x80, 0x1e, 0x5f,
    0x6, 0xf0, 0x1a, 0xee, 0xb4, 0x3, 0x88, 0x88,
    0x6, 0xa1, 0x9b, 0x43, 0x1b, 0x80, 0x19, 0x4c,
    0x48, 0x0, 0x60, 0x7, 0x0, 0xc6, 0x80, 0x11,
    0xba, 0x1d, 0x66, 0xeb, 0x2, 0x77, 0x6b, 0x10,
    0x7c, 0x99, 0x5c, 0xff, 0x49, 0x0, 0x27, 0xb9,
    0xe2, 0x0, 0x3b, 0xc, 0x0, 0x14, 0x58, 0x3c,
    0x90, 0x7, 0xc, 0x2a, 0x40, 0xfa, 0x30, 0x5a,
    0xe2, 0x0, 0x45, 0x83, 0x57, 0xbe, 0x14, 0x1,
    0x59, 0x5e, 0x88, 0xb0, 0x34, 0x16, 0x8f, 0x4,
    0x0, 0xe1, 0x8e, 0x82, 0x29, 0xf1, 0x1, 0xbc,
    0x10, 0x10, 0xd, 0x12, 0x0,

    /* U+5B57 "字" */
    0x0, 0xf9, 0x0, 0x3f, 0xf8, 0x71, 0x64, 0x1,
    0xfc, 0x89, 0xda, 0x3e, 0x89, 0xe1, 0x1, 0xb9,
    0x9d, 0x6, 0x13, 0x3d, 0x68, 0x1, 0x76, 0xef,
    0xfc, 0x1, 0x8c, 0x4c, 0xff, 0xc0, 0x82, 0x3,
    0x85, 0xb9, 0x9f, 0xc1, 0x68, 0x1, 0xbb, 0xff,
    0xac, 0x4a, 0xc0, 0x3f, 0xe2, 0xbb, 0x46, 0xa0,
    0x7, 0xfd, 0x49, 0xac, 0x1, 0xe9, 0xff, 0xf3,
    0x86, 0xff, 0xf8, 0x2e, 0xfe, 0x60, 0xbb, 0xf5,
    0x1, 0x22, 0x7b, 0x81, 0x13, 0xca, 0x1, 0xff,
    0xcd, 0xf0, 0xf, 0xfe, 0x14, 0xe3, 0x90, 0x7,
    0xff, 0x7, 0x1d, 0xb8, 0x3, 0xf0,

    /* U+5B58 "存" */
    0x0, 0xf9, 0xa0, 0x40, 0x3f, 0xf8, 0x74, 0xa2,
    0x1, 0xfe, 0x55, 0xcc, 0x68, 0xab, 0xf0, 0x80,
    0x6, 0xae, 0xe9, 0x7, 0xbb, 0xf9, 0x40, 0x3,
    0xfd, 0xd0, 0xd7, 0x77, 0xe4, 0x0, 0xf4, 0x12,
    0x80, 0x7f, 0xf0, 0x99, 0x9c, 0xff, 0xff, 0x60,
    0x7, 0x14, 0xc8, 0x96, 0xf3, 0x2b, 0x20, 0x40,
    0xc, 0x58, 0x6, 0x4, 0x86, 0x66, 0x96, 0xd8,
    0x0, 0x9b, 0x5c, 0x3, 0xe8, 0x7b, 0x20, 0xd,
    0xcf, 0x20, 0x9, 0xed, 0xd8, 0x97, 0x75, 0xdc,
    0x0, 0x44, 0x0, 0x2d, 0xb8, 0x88, 0x92, 0x21,
    0x70, 0x1, 0xf2, 0x2a, 0xe1, 0x25, 0x59, 0x80,
    0x3f, 0xfc, 0x4b, 0x26, 0x20, 0x1f, 0xe1, 0x0,
    0x8d, 0x16, 0x40, 0x38,

    /* U+5B89 "安" */
    0x0, 0xf0, 0xd0, 0x80, 0x7f, 0xf0, 0x92, 0xc0,
    0x3f, 0x84, 0x70, 0x4b, 0x90, 0x8f, 0x0, 0x27,
    0xbb, 0xa0, 0xb7, 0xbb, 0x68, 0x0, 0x45, 0xff,
    0x67, 0x7f, 0xf2, 0x38, 0x7, 0xdf, 0x80, 0x1e,
    0x70, 0x4, 0x70, 0x0, 0x8e, 0x0, 0x3a, 0x78,
    0x4, 0x84, 0x68, 0x24, 0x11, 0xe3, 0x31, 0x36,
    0xf7, 0x4a, 0x5d, 0xdf, 0xb1, 0xff, 0xe6, 0x2f,
    0xfd, 0x81, 0x5f, 0xf0, 0x4, 0x6d, 0x20, 0x1a,
    0x9, 0x40, 0x2, 0x1, 0x48, 0x4c, 0x90, 0x15,
    0x24, 0x3, 0xea, 0xe8, 0x3b, 0xfa, 0x44, 0x0,
    0x7e, 0x15, 0xb5, 0x3, 0x4d, 0x60, 0xf, 0x13,
    0x5f, 0x3e, 0x64, 0xf3, 0xce, 0x0, 0xbe, 0xd9,
    0xb, 0xd3, 0x3, 0xad, 0x28, 0x80, 0x6b, 0xd7,
    0xda, 0x0, 0x71, 0x65, 0x40,

    /* U+5B8C "完" */
    0x0, 0xff, 0xe6, 0xa6, 0x88, 0x7, 0xff, 0xd,
    0x8a, 0xc0, 0x3f, 0xab, 0xbb, 0xb0, 0x17, 0xbb,
    0xce, 0x1, 0xae, 0xfa, 0xa9, 0x77, 0xc2, 0x1,
    0x8, 0x2a, 0xff, 0xf0, 0x3, 0xc0, 0x1d, 0x20,
    0xcd, 0xfc, 0x61, 0x18, 0x0, 0x57, 0x8, 0x8f,
    0xe4, 0x7, 0x40, 0xe, 0xee, 0xfe, 0x70, 0xe,
    0x55, 0xff, 0xe2, 0x0, 0x2e, 0xfa, 0xae, 0xea,
    0xbb, 0xf0, 0x3, 0xbb, 0x68, 0x5f, 0x78, 0x47,
    0x77, 0x0, 0x79, 0x41, 0x80, 0x3f, 0xf8, 0x7e,
    0x6, 0x1, 0xff, 0xc2, 0x16, 0x60, 0x7, 0xe2,
    0x0, 0xe1, 0xd0, 0xb0, 0xf, 0xdf, 0x60, 0x12,
    0xf9, 0xd9, 0x0, 0x4, 0x31, 0x10, 0xe4, 0x40,
    0x6, 0xd1, 0xe2, 0x0, 0x65, 0x55, 0xda, 0xe,
    0x0, 0x13, 0x1a, 0x60, 0x1d, 0x5f, 0xfb, 0x4,
    0x0,

    /* U+5B9A "定" */
    0x0, 0xf8, 0xa8, 0x40, 0x3f, 0xf8, 0x66, 0xb4,
    0x1, 0xff, 0xc3, 0x18, 0x30, 0xf, 0xf7, 0xff,
    0xa1, 0xff, 0xfc, 0x40, 0x19, 0xfb, 0xbf, 0xd4,
    0x6, 0x1, 0x1e, 0x88, 0xff, 0x98, 0xc0, 0x36,
    0x27, 0xff, 0xfa, 0xb0, 0x40, 0x30, 0xdd, 0xe6,
    0xb, 0xbe, 0x0, 0xf9, 0x91, 0x2f, 0x4, 0x4c,
    0x40, 0x1f, 0x76, 0x0, 0x7f, 0xf1, 0xe, 0xc0,
    0x37, 0xff, 0x10, 0x7, 0x28, 0x28, 0x6, 0xcc,
    0xd6, 0x40, 0x1d, 0xc1, 0x60, 0x18, 0xcf, 0x20,
    0x7, 0x1a, 0x33, 0x20, 0x3, 0xff, 0x83, 0xc7,
    0x32, 0x7b, 0xf0, 0xf, 0xf5, 0x17, 0x83, 0x52,
    0x30, 0x65, 0xde, 0xcb, 0x2, 0x47, 0x30, 0x2,
    0xf4, 0x21, 0x22, 0x63, 0xc0, 0x2f, 0x80, 0xc,
    0x2f, 0x7d, 0xff, 0x77, 0x1c, 0x0,

    /* U+5B9E "实" */
    0x0, 0xf0, 0xb1, 0x0, 0x7f, 0xf0, 0xa6, 0xc0,
    0x3f, 0x11, 0x71, 0x99, 0x8c, 0x8b, 0x80, 0x1b,
    0xbe, 0x30, 0xcd, 0xde, 0x50, 0x17, 0xff, 0xff,
    0x58, 0x8, 0x8, 0x2, 0xc, 0x0, 0x5e, 0xe0,
    0x10, 0x80, 0x3e, 0x0, 0xb2, 0x84, 0x0, 0x20,
    0x4, 0xe4, 0x0, 0x30, 0xd6, 0x3c, 0x0, 0x8,
    0x3, 0xc3, 0x7c, 0xc7, 0xb2, 0x20, 0xc0, 0x1e,
    0x1d, 0x89, 0x60, 0x3, 0x1, 0x0, 0x72, 0x2a,
    0x8a, 0xd, 0x55, 0xe2, 0xab, 0xee, 0xbb, 0xa6,
    0xee, 0x50, 0xbb, 0xe8, 0xae, 0xef, 0x48, 0x67,
    0xf7, 0x6d, 0x0, 0xf3, 0xc4, 0xbf, 0x50, 0x80,
    0x78, 0x5b, 0x62, 0x59, 0x61, 0x3a, 0x44, 0x6,
    0x73, 0xa5, 0xf5, 0x80, 0xf, 0xce, 0xdc, 0xa2,
    0x27, 0x9e, 0xa2, 0x0, 0xe8, 0xd5, 0x70,

    /* U+5BC6 "密" */
    0x0, 0xfd, 0xc, 0x1, 0xff, 0xc4, 0x58, 0x0,
    0xfe, 0x4f, 0xff, 0x10, 0xff, 0xfa, 0x40, 0xe,
    0x13, 0x77, 0x52, 0x5d, 0xf8, 0x40, 0x27, 0x5,
    0x44, 0x81, 0x39, 0x14, 0x91, 0x4, 0x20, 0x4,
    0xf9, 0x45, 0xc4, 0xa3, 0x2c, 0x93, 0x18, 0x80,
    0x4, 0xaa, 0x3, 0x30, 0x2d, 0x60, 0xe9, 0xdd,
    0x88, 0x2, 0x92, 0x40, 0x1, 0xce, 0x4e, 0x19,
    0x51, 0x78, 0x5, 0xdc, 0x0, 0xb4, 0xf5, 0xc2,
    0x75, 0x3b, 0x80, 0x10, 0xae, 0x48, 0x1, 0x33,
    0xbd, 0xcd, 0xc, 0xc0, 0x3d, 0x92, 0xd7, 0x97,
    0x55, 0x5e, 0x60, 0x3, 0xd, 0xce, 0xc2, 0x1a,
    0x15, 0x2a, 0x18, 0x31, 0x0, 0x4a, 0xd7, 0xe0,
    0x11, 0x88, 0x6, 0x94, 0x0, 0xff, 0xef, 0x17,
    0xfd, 0x41, 0xdf, 0xf0, 0x7, 0xd1, 0xbb, 0xfe,
    0x1, 0x0, 0x0,

    /* U+5BF9 "对" */
    0x0, 0xff, 0xe0, 0x92, 0x80, 0x7f, 0xf1, 0x2a,
    0x80, 0x1f, 0xfc, 0x4e, 0x0, 0xe6, 0xdc, 0xcd,
    0x60, 0x1f, 0xf2, 0xc4, 0xcc, 0xe0, 0x68, 0x9b,
    0xc1, 0x10, 0x20, 0x6a, 0xb8, 0xf, 0xea, 0xb3,
    0x85, 0x51, 0x40, 0x6c, 0x40, 0xb, 0xb9, 0xdd,
    0xa0, 0x3b, 0x88, 0x0, 0x6c, 0x13, 0x14, 0x5,
    0x0, 0xfe, 0x1c, 0xd, 0xa3, 0x13, 0xa4, 0x0,
    0xfe, 0x1f, 0x26, 0xb0, 0x35, 0x90, 0xf, 0xf1,
    0x30, 0x6, 0x92, 0x50, 0xf, 0xe1, 0x73, 0x82,
    0x3, 0x40, 0xf, 0xf5, 0x16, 0x1f, 0x0, 0x2d,
    0x40, 0x3f, 0x4a, 0x78, 0x71, 0xb8, 0x7, 0xfa,
    0x9a, 0xc8, 0xa, 0x10, 0x3, 0x8, 0x6, 0x16,
    0xb4, 0x0, 0x9c, 0xc0, 0xb, 0x52, 0x40, 0x10,
    0xe2, 0x0, 0x7e, 0x67, 0x77, 0x80, 0x40,

    /* U+5C06 "将" */
    0x0, 0xff, 0x31, 0x0, 0x7f, 0x9f, 0xc0, 0x25,
    0x94, 0x0, 0xff, 0x8, 0x6, 0xb0, 0x9f, 0xfd,
    0x60, 0xc, 0xa0, 0x0, 0x80, 0x2c, 0xf7, 0x73,
    0x7, 0x80, 0x11, 0x58, 0x2, 0xc4, 0xf6, 0x2,
    0x36, 0x54, 0x0, 0x41, 0x4f, 0x0, 0x2a, 0xca,
    0x30, 0xf0, 0xa8, 0x3, 0x71, 0x80, 0x4c, 0x81,
    0xa1, 0x83, 0x80, 0x1c, 0x79, 0xc0, 0x12, 0x46,
    0xb, 0xfb, 0x0, 0x7d, 0xe0, 0x2, 0xb6, 0x5e,
    0x86, 0x81, 0x0, 0xe5, 0x60, 0x2, 0x34, 0x73,
    0xb6, 0x3, 0x39, 0x0, 0x12, 0x88, 0x1, 0x49,
    0x55, 0x90, 0x2e, 0x9c, 0x12, 0xd6, 0xc0, 0x19,
    0xa9, 0xb9, 0x88, 0xd, 0xd2, 0x84, 0x1d, 0x0,
    0x61, 0x68, 0x0, 0xfd, 0x9a, 0x1, 0xc3, 0xc,
    0x60, 0x1f, 0x84, 0x3, 0xcd, 0x6, 0x1, 0xfe,
    0x11, 0x0, 0x67, 0x9, 0x80, 0x10, 0xf, 0xfe,
    0x12, 0x85, 0x0, 0x7c, 0xfe, 0x1, 0xec, 0xd5,
    0x0, 0x80,

    /* U+5C0F "小" */
    0x0, 0xf9, 0x1c, 0x3, 0xff, 0x85, 0x90, 0x1,
    0xff, 0xc3, 0x10, 0xf, 0xfe, 0x17, 0x80, 0x7f,
    0xf3, 0xee, 0x40, 0x3d, 0x34, 0x1, 0xc2, 0x80,
    0x1f, 0xa, 0x90, 0x6, 0x70, 0xa0, 0xf, 0x40,
    0xc8, 0x6, 0xd2, 0x30, 0xf, 0xa5, 0xc, 0x0,
    0x49, 0x40, 0x1f, 0x9c, 0x60, 0x1, 0x60, 0xc0,
    0x1f, 0xd2, 0x84, 0x2c, 0x82, 0x1, 0xfc, 0xc0,
    0xa0, 0xd0, 0x1, 0xfe, 0x1d, 0x71, 0x93, 0x0,
    0xff, 0x88, 0x3, 0xf7, 0x0, 0x7f, 0xf0, 0x63,
    0xd9, 0x40, 0x3f, 0xf8, 0x14, 0xd3, 0x40, 0x1f,
    0x0,

    /* U+5C1A "尚" */
    0x0, 0xf9, 0x8, 0x3, 0xf8, 0x80, 0x35, 0x50,
    0x3, 0x31, 0x0, 0x23, 0x50, 0x3, 0x78, 0x4,
    0x93, 0x40, 0x8, 0x5b, 0x40, 0xf, 0x1d, 0xac,
    0x0, 0x54, 0x74, 0x1, 0xc7, 0xa9, 0x40, 0x11,
    0x13, 0xf4, 0x88, 0x1e, 0x40, 0xf2, 0x44, 0x4,
    0xdd, 0x66, 0x37, 0x42, 0xfb, 0x8d, 0xbb, 0x20,
    0x3, 0x7f, 0xff, 0xda, 0x0, 0x70, 0xf, 0xfe,
    0x3b, 0xff, 0xf9, 0x40, 0x3f, 0xdb, 0xb6, 0x0,
    0x7f, 0xf0, 0x8, 0xb0, 0x7, 0xff, 0x1, 0x13,
    0x0, 0x7f, 0x84, 0xa6, 0x68, 0x21, 0x0, 0xfc,
    0xdb, 0xbe, 0x40, 0x10, 0x3, 0x80, 0x7f, 0x8a,
    0xf8, 0x18, 0x3, 0xfe, 0x24, 0x38, 0x24, 0xf2,
    0x0, 0xfe, 0xee, 0x38, 0x0,

    /* U+5C31 "就" */
    0x0, 0x86, 0x88, 0x3, 0xa1, 0xc0, 0x3f, 0x8,
    0xbc, 0x3, 0x8f, 0x41, 0x0, 0x3e, 0xa6, 0x20,
    0xc, 0x26, 0xb6, 0x60, 0x17, 0xfd, 0xc9, 0xbf,
    0xec, 0x0, 0x94, 0xf8, 0x2, 0xde, 0xef, 0xb4,
    0x4, 0x1, 0xec, 0x20, 0x2, 0x2f, 0x80, 0x8d,
    0xcc, 0xc1, 0x6, 0x1, 0x66, 0xf7, 0x58, 0xdf,
    0x86, 0xbb, 0xac, 0x90, 0x8, 0x6f, 0x76, 0x31,
    0xcf, 0x37, 0xee, 0x7d, 0x80, 0x7f, 0xf0, 0x4,
    0xf4, 0x3, 0xc3, 0x5f, 0xf1, 0x88, 0x0, 0xc4,
    0x80, 0x3d, 0xdc, 0xc0, 0xdb, 0x70, 0x21, 0xd0,
    0xf, 0xae, 0x4, 0x1e, 0xc8, 0x1c, 0x8, 0x3,
    0xc6, 0xb8, 0x0, 0x43, 0xe0, 0xe5, 0x10, 0xf,
    0x79, 0xa8, 0x5, 0xe0, 0xa9, 0x20, 0x10, 0xb0,
    0x1, 0x7c, 0x2, 0x13, 0xd8, 0x53, 0x0, 0x8a,
    0x48, 0x24, 0xeb, 0xc0, 0x3, 0x87, 0x60, 0xc1,
    0xba, 0x22, 0x0, 0x44, 0x98, 0x0, 0x4c, 0x10,
    0x2b, 0xb4, 0x60, 0x0,

    /* U+5C42 "层" */
    0x0, 0x88, 0xbf, 0xf8, 0x0, 0x18, 0xb7, 0x7f,
    0xf8, 0x6, 0x1, 0xd9, 0xdd, 0xfc, 0x1, 0xf0,
    0x8f, 0xf8, 0x3, 0xed, 0xff, 0xfe, 0x0, 0xe3,
    0xa, 0xcc, 0xff, 0x18, 0x4, 0x60, 0xe6, 0x7f,
    0xe0, 0xf, 0x19, 0x7f, 0xff, 0x18, 0x4, 0x20,
    0x25, 0x76, 0xcc, 0xf5, 0x98, 0x4, 0xe0, 0x12,
    0x20, 0xcf, 0xc8, 0x1, 0x88, 0x49, 0x57, 0xfe,
    0x30, 0x7, 0x92, 0xdd, 0xd5, 0x4b, 0xbf, 0x80,
    0xa, 0xa7, 0xee, 0x78, 0x47, 0x73, 0xf7, 0xb9,
    0x0, 0x3, 0xc0, 0xa, 0xcd, 0xc0, 0x11, 0x86,
    0x1, 0x30, 0x28, 0x2, 0x5f, 0x40, 0x3, 0x65,
    0x86, 0x0, 0xb5, 0x0, 0x33, 0xb, 0xbf, 0xdd,
    0xa4, 0x1a, 0x61, 0x50, 0x0, 0x66, 0x4d, 0xe6,
    0xf7, 0xfb, 0x94, 0x40,

    /* U+5C4F "屏" */
    0x0, 0x84, 0x7f, 0xf8, 0x0, 0x18, 0xfb, 0xbf,
    0xf8, 0xe, 0x1, 0xdd, 0xff, 0xfc, 0x62, 0x1,
    0xc6, 0x23, 0xfe, 0x0, 0xf6, 0xf7, 0x7f, 0x10,
    0x7, 0xbb, 0xfd, 0x1d, 0xff, 0x55, 0xfb, 0x0,
    0x70, 0x80, 0x33, 0x40, 0x29, 0xe0, 0xf, 0xc8,
    0x7e, 0x8, 0x6a, 0x7e, 0x88, 0x0, 0x9c, 0x1,
    0x5b, 0x47, 0x5b, 0x61, 0x75, 0x42, 0x0, 0x10,
    0x87, 0x73, 0x43, 0xba, 0x1b, 0xee, 0x10, 0x3,
    0x8c, 0x46, 0x70, 0x11, 0x80, 0xc4, 0x60, 0x1,
    0xb4, 0xf7, 0x2c, 0x3b, 0xa1, 0x9e, 0xe6, 0x80,
    0x10, 0xe3, 0xfd, 0x43, 0xff, 0xd, 0x7f, 0xb0,
    0x14, 0x30, 0x2, 0xf5, 0x0, 0xfe, 0x81, 0x40,
    0x2, 0x2f, 0x0, 0x7e, 0x11, 0x48, 0x1, 0x2d,
    0x14, 0x3, 0x18, 0x4, 0x38, 0xe0, 0xf, 0x3a,
    0x0, 0xc2, 0x1, 0xfd, 0x78, 0x20, 0x1b, 0xd8,
    0x2,

    /* U+5DF2 "已" */
    0x5, 0x52, 0x27, 0xfc, 0x1, 0x55, 0x2e, 0xff,
    0xe0, 0xb, 0xff, 0xfe, 0x70, 0xf, 0xfe, 0x20,
    0x80, 0x44, 0xa0, 0x1f, 0xfc, 0x2a, 0xa0, 0x80,
    0x7f, 0xf0, 0x7c, 0x1d, 0x9b, 0xf1, 0x88, 0x7,
    0x5d, 0xff, 0x28, 0x7, 0xb7, 0x7f, 0xad, 0x40,
    0x3f, 0xf8, 0x4b, 0x40, 0x1f, 0xfd, 0x44, 0x0,
    0xff, 0xe1, 0xd6, 0x0, 0x42, 0x1, 0xfc, 0x42,
    0xc0, 0x41, 0xae, 0xcd, 0xf3, 0xf8, 0x78, 0x2b,
    0x14, 0xc4, 0x7d, 0x26, 0xea,

    /* U+5E03 "布" */
    0x0, 0xf9, 0x6c, 0xc0, 0x3f, 0xf8, 0x5e, 0x84,
    0x1, 0xff, 0xc1, 0x15, 0x71, 0x0, 0xfd, 0xbf,
    0xfb, 0x81, 0xff, 0xff, 0x4, 0xdd, 0xd2, 0xd,
    0x77, 0xfb, 0x1, 0x13, 0x68, 0xca, 0x7e, 0x22,
    0x71, 0x80, 0x65, 0x4b, 0x0, 0x38, 0x80, 0x7f,
    0x15, 0x10, 0x2a, 0x84, 0x95, 0x71, 0x0, 0x45,
    0x80, 0x57, 0x71, 0x25, 0xdd, 0x4a, 0x0, 0x3c,
    0x6, 0x1e, 0xe8, 0xdf, 0xba, 0x1, 0x2, 0xc0,
    0xcf, 0x0, 0xff, 0xe0, 0x15, 0xf9, 0x0, 0x7f,
    0xf0, 0x90, 0x40, 0x3f, 0xf8, 0xc2, 0x1, 0xf2,
    0xb8, 0x18, 0x7, 0xff, 0x7, 0xa0, 0xd0, 0x3,
    0x9b, 0x40, 0x30, 0x84, 0xee, 0x8, 0x7, 0x9,
    0x80, 0x42, 0x0, 0x22, 0x0, 0x40,

    /* U+5E38 "常" */
    0x0, 0xf8, 0xd8, 0x3, 0xf8, 0xb4, 0x80, 0x9,
    0x20, 0x1, 0xe6, 0x0, 0xc4, 0x3e, 0x0, 0x11,
    0x0, 0x24, 0x1c, 0x0, 0x28, 0x8a, 0x64, 0x47,
    0xa, 0x21, 0xd9, 0x50, 0xda, 0xea, 0x16, 0xa8,
    0xc3, 0x54, 0x16, 0xaa, 0x60, 0x8b, 0xbb, 0xff,
    0x81, 0x2, 0x20, 0x7, 0xff, 0xf8, 0x80, 0xf,
    0xc0, 0x33, 0xdd, 0xec, 0x0, 0x37, 0x0, 0x42,
    0x22, 0x2f, 0x30, 0x7, 0xc3, 0x19, 0x9e, 0xa0,
    0xf, 0xbb, 0xfe, 0x91, 0xff, 0xc4, 0x1, 0x27,
    0xff, 0x48, 0xff, 0xf6, 0x80, 0x6d, 0xdc, 0xe3,
    0xbb, 0x90, 0xc0, 0x31, 0x16, 0xe0, 0x22, 0xc2,
    0x1, 0xff, 0xc1, 0x66, 0x21, 0x0, 0x1d, 0x0,
    0x30, 0x80, 0x55, 0xb, 0xe0, 0x3, 0xb0, 0xe,
    0x10, 0x6, 0x75, 0x98, 0x0,

    /* U+5E55 "幕" */
    0x0, 0xe1, 0x50, 0x8, 0x94, 0x3, 0xfe, 0x5a,
    0x10, 0x2, 0x58, 0x7, 0xcb, 0xfd, 0xcb, 0xf,
    0xee, 0x48, 0xf7, 0x5e, 0x20, 0x5, 0xfe, 0xe6,
    0x7, 0x75, 0x23, 0xdd, 0x78, 0x80, 0x68, 0xfe,
    0x2d, 0xda, 0xcf, 0xbc, 0x80, 0x3d, 0xe5, 0x99,
    0xf5, 0x0, 0x7f, 0x16, 0xef, 0xd2, 0x1, 0xfb,
    0xc6, 0xab, 0xe5, 0x0, 0xfd, 0x56, 0x63, 0x22,
    0x67, 0x6d, 0x18, 0x6, 0xef, 0xcb, 0xb4, 0x4,
    0xdd, 0xaa, 0xed, 0xde, 0xe0, 0xe, 0xfe, 0xc3,
    0x37, 0xf7, 0x3c, 0x97, 0xbf, 0xce, 0x1, 0x1c,
    0xe8, 0xf1, 0x5d, 0x8e, 0x57, 0xa0, 0xc4, 0xb,
    0xb0, 0xc8, 0x66, 0x4a, 0xa9, 0xf2, 0x13, 0xcf,
    0x2, 0xae, 0xa1, 0x4b, 0xb3, 0xa5, 0xda, 0x2,
    0xfb, 0x0, 0x8, 0x20, 0x1f, 0xc4, 0x0, 0x12,
    0x0, 0xe7, 0xe0, 0xe, 0x89, 0x40, 0xf, 0xd6,
    0xe0, 0x3, 0x0, 0x4e, 0x58, 0x6,

    /* U+5E76 "并" */
    0x0, 0xe5, 0x0, 0xe4, 0x71, 0x0, 0xfd, 0x14,
    0xa0, 0x1b, 0xa0, 0x80, 0x3f, 0x41, 0x58, 0x80,
    0x48, 0x83, 0x0, 0xf0, 0x80, 0x2c, 0xc8, 0x0,
    0xa3, 0xc0, 0x22, 0x0, 0xdd, 0xfe, 0x92, 0xcf,
    0xf5, 0x5, 0x7f, 0x60, 0x6, 0xbc, 0xc3, 0x86,
    0x66, 0x7, 0xcc, 0x70, 0x6, 0x43, 0x37, 0x1,
    0x9e, 0xe, 0x33, 0x80, 0x3f, 0xfb, 0x43, 0xff,
    0xa4, 0x3f, 0xf0, 0x4f, 0xfe, 0x11, 0x55, 0xdc,
    0x83, 0x77, 0x81, 0xee, 0xea, 0x10, 0x54, 0x49,
    0xd1, 0x38, 0x39, 0x12, 0x50, 0xe, 0x23, 0xd0,
    0xf, 0xfe, 0x1c, 0x3, 0x0, 0x7f, 0xf0, 0xa5,
    0x5c, 0x40, 0x3f, 0xf8, 0x5, 0x8c, 0x90, 0x1,
    0xff, 0xc2, 0x26, 0xb0, 0xf, 0xfe, 0x11, 0x7c,
    0x80, 0x7d, 0xec, 0x1, 0xc0,

    /* U+5E94 "应" */
    0x0, 0xfc, 0x50, 0x1, 0xff, 0xc3, 0x67, 0x50,
    0xf, 0xe3, 0x3e, 0x70, 0x93, 0x39, 0x10, 0x40,
    0x3, 0xcd, 0xde, 0x12, 0xdd, 0xaa, 0x88, 0x1,
    0xb3, 0xbb, 0xfe, 0x60, 0xf, 0xc2, 0x40, 0x18,
    0x40, 0x3f, 0xd7, 0xc0, 0x1b, 0xa0, 0x3, 0xd2,
    0x41, 0x6, 0xa0, 0x4, 0xd, 0x0, 0xe3, 0x49,
    0x2, 0x58, 0x0, 0x68, 0xa8, 0x4, 0xe0, 0x3c,
    0x88, 0x9, 0x25, 0x7, 0x60, 0xc, 0x42, 0x6,
    0x92, 0x6, 0x78, 0x68, 0x3, 0x79, 0x0, 0x20,
    0x94, 0x31, 0xa8, 0xc8, 0x3, 0x2a, 0x80, 0x6,
    0xcc, 0x0, 0x9a, 0x40, 0x30, 0x9f, 0x0, 0x52,
    0x60, 0x6, 0x15, 0x0, 0xce, 0xa, 0xef, 0xf4,
    0x13, 0xbc, 0xa1, 0x6, 0x55, 0x33, 0xe0, 0x29,
    0x9b, 0xc2, 0xe0, 0x37, 0xbb, 0xfe, 0xa0,

    /* U+5EFA "建" */
    0x0, 0xff, 0x5a, 0x0, 0x7f, 0xf0, 0x4c, 0xc4,
    0x86, 0x45, 0x0, 0x6b, 0xff, 0x98, 0x77, 0x58,
    0x13, 0x98, 0xd1, 0x0, 0xab, 0xa8, 0x18, 0x7b,
    0xa1, 0xbe, 0xd0, 0xe, 0x11, 0x7b, 0x7, 0xfe,
    0x1a, 0xfc, 0xe, 0xd0, 0x8, 0x56, 0xc3, 0x7b,
    0xa1, 0x9e, 0xb0, 0xdc, 0x0, 0xa0, 0xc8, 0x9,
    0x48, 0x82, 0x22, 0x10, 0x31, 0x0, 0x2b, 0x16,
    0x48, 0x57, 0x70, 0x27, 0xa0, 0x80, 0x32, 0x4d,
    0x8, 0x3, 0xb7, 0x43, 0x7b, 0xb0, 0x80, 0x44,
    0x44, 0x3e, 0x5f, 0xf8, 0x6b, 0xfe, 0x0, 0xd5,
    0x2, 0x23, 0x5e, 0xe8, 0x67, 0xb9, 0xa0, 0x1a,
    0xce, 0x1, 0x12, 0x55, 0xf, 0x2a, 0x9d, 0x40,
    0x22, 0x76, 0x50, 0x88, 0x4c, 0x81, 0xa6, 0x51,
    0x20, 0x1b, 0x1, 0xc7, 0x37, 0x61, 0xbd, 0xdb,
    0x0, 0x35, 0x2b, 0x7b, 0x0, 0x46, 0x1, 0xfa,
    0xc2, 0xed, 0x32, 0xfb, 0x8a, 0x35, 0x53, 0x44,
    0x81, 0x2e, 0x88, 0x3f, 0x48, 0xa4, 0xca, 0xa9,
    0x2e, 0x0, 0x2e, 0x30, 0x8, 0x5a, 0xb3, 0xbf,
    0xfa, 0x40,

    /* U+5F00 "开" */
    0x0, 0xff, 0xe3, 0xe7, 0xff, 0xff, 0x4, 0x40,
    0x11, 0x55, 0x11, 0xd5, 0x42, 0x95, 0x50, 0x80,
    0x11, 0x56, 0x6, 0x55, 0x8c, 0x55, 0x60, 0xf,
    0xff, 0x4a, 0x24, 0x66, 0x1, 0x33, 0xc2, 0x66,
    0x44, 0x5, 0xdd, 0x98, 0x24, 0xcc, 0x85, 0x33,
    0x17, 0x60, 0xde, 0xff, 0x81, 0xff, 0xe2, 0x5f,
    0xfb, 0x80, 0x84, 0x0, 0x41, 0xa0, 0x1f, 0x84,
    0x3, 0xa8, 0x10, 0x3, 0xff, 0x82, 0x2e, 0x82,
    0x1, 0xff, 0xc1, 0xb0, 0x80, 0xf, 0xfe, 0xc,
    0xab, 0x18, 0x7, 0xfc, 0x7a, 0xc9, 0x20, 0x1c,
    0x60, 0x1e, 0x3a, 0x5b, 0x0, 0xf8, 0x40, 0x30,

    /* U+5F02 "异" */
    0x0, 0x84, 0x7f, 0xe0, 0xf, 0x77, 0x7f, 0xc2,
    0x1, 0xc3, 0x1f, 0xff, 0x58, 0x8, 0x7, 0xb8,
    0x8b, 0xf0, 0x8, 0x7, 0x9b, 0x33, 0xdb, 0x20,
    0x1f, 0xa3, 0xbb, 0xdf, 0xf1, 0x10, 0x3, 0xb8,
    0x3, 0xfa, 0xb0, 0x3, 0x2b, 0x7f, 0xff, 0x34,
    0x0, 0x6b, 0xdd, 0xff, 0x73, 0x0, 0x71, 0x5f,
    0x91, 0x6c, 0x82, 0x10, 0x0, 0xaa, 0xe2, 0x35,
    0x5c, 0x2, 0xab, 0x19, 0x5d, 0xe4, 0x1b, 0xbc,
    0x29, 0x77, 0x51, 0xf7, 0x61, 0x8e, 0xec, 0x4d,
    0xdd, 0x48, 0x6, 0x61, 0x50, 0xf, 0xfe, 0xa,
    0xca, 0x90, 0x7, 0xfc, 0xfb, 0x4b, 0x40, 0x1f,
    0xfc, 0x3, 0x9, 0xa0, 0xf, 0x18, 0x7, 0x93,
    0x58, 0x3, 0xee, 0x90, 0xc,

    /* U+5F03 "弃" */
    0x0, 0xfc, 0x86, 0x1, 0xff, 0xc4, 0xa9, 0x0,
    0xfe, 0x44, 0xf8, 0x91, 0x3e, 0x30, 0x4, 0xd5,
    0x75, 0x98, 0x55, 0x7c, 0x0, 0xde, 0xec, 0x85,
    0xdd, 0x46, 0xf7, 0x52, 0x1, 0xc5, 0x8d, 0x82,
    0x0, 0x1c, 0x40, 0xf, 0xab, 0x4d, 0xaf, 0x37,
    0x54, 0x76, 0xc0, 0x1e, 0xc7, 0x9e, 0x9d, 0xdd,
    0x91, 0xc0, 0x1e, 0x68, 0x29, 0x71, 0x0, 0x55,
    0xbc, 0x0, 0x7f, 0x13, 0x0, 0x7f, 0x87, 0xb9,
    0xba, 0xa0, 0xfd, 0xd9, 0x53, 0x75, 0xdc, 0x1,
    0x8b, 0x88, 0x38, 0x44, 0x63, 0x34, 0x42, 0xe0,
    0x0, 0xca, 0xb0, 0x9a, 0xae, 0x67, 0x55, 0x98,
    0x3, 0xcc, 0x80, 0x1f, 0xfc, 0x3a, 0x19, 0x0,
    0xff, 0xe0, 0xae, 0x2d, 0x8, 0x7, 0xff, 0x7,
    0xa, 0xd4, 0x3, 0x84, 0x3, 0xf4, 0xf2, 0x0,
    0x7a, 0xec, 0x1, 0xc0,

    /* U+5F0F "式" */
    0x0, 0xfe, 0xa7, 0x0, 0x8, 0x7, 0xff, 0x5,
    0x2c, 0x2f, 0x40, 0x3f, 0xf8, 0x26, 0xe1, 0xe7,
    0x60, 0x1f, 0xfc, 0x17, 0x4, 0x98, 0x0, 0x87,
    0xff, 0xf1, 0x1f, 0xfa, 0x73, 0xd4, 0x6, 0xa9,
    0x77, 0xe5, 0x1b, 0xba, 0xa8, 0x80, 0x5, 0x52,
    0x27, 0xb0, 0x51, 0x25, 0x50, 0x80, 0x48, 0x9f,
    0x28, 0x18, 0x7, 0xeb, 0xbf, 0x49, 0x82, 0x80,
    0x7e, 0xff, 0x60, 0x67, 0xe8, 0x26, 0x80, 0x7f,
    0xf1, 0x31, 0x4, 0x3, 0xff, 0x86, 0xa0, 0xe0,
    0x1f, 0xfc, 0x13, 0x31, 0x25, 0x80, 0x10, 0x40,
    0x39, 0x83, 0xfb, 0x10, 0x20, 0xa4, 0x33, 0x88,
    0x1f, 0x7e, 0x8e, 0xf7, 0xdc, 0xd, 0xda, 0x10,
    0x8, 0xc, 0x23, 0xb1, 0xcc, 0x3, 0x42, 0xb9,
    0xa8, 0x1, 0x35, 0xc4, 0x3, 0xf5, 0x5c, 0x58,
    0x0,

    /* U+5F53 "当" */
    0x0, 0xf2, 0x30, 0x7, 0xe3, 0x0, 0xdb, 0x20,
    0x19, 0x8, 0xb, 0x28, 0x3, 0x8, 0x4, 0x35,
    0x80, 0x4e, 0xae, 0x1, 0xf5, 0xd, 0x0, 0x20,
    0xe0, 0xc0, 0x3a, 0x92, 0x50, 0x2, 0xe7, 0x30,
    0xe, 0xf7, 0x60, 0x2, 0x20, 0x6c, 0xce, 0x13,
    0x33, 0x59, 0x98, 0x2a, 0xf3, 0x32, 0x86, 0x67,
    0x83, 0xbf, 0xff, 0xe7, 0x10, 0xf, 0xfe, 0x21,
    0x3b, 0x99, 0xbf, 0x8c, 0x0, 0xd3, 0x57, 0x7f,
    0xca, 0x0, 0x4e, 0xdd, 0xff, 0x30, 0x7, 0xff,
    0x17, 0xbf, 0xff, 0xe7, 0x0, 0x55, 0xdf, 0xfc,
    0xa2, 0x8, 0x9f, 0xfc, 0x2, 0x0, 0x0,

    /* U+5F55 "录" */
    0x0, 0xf, 0xf6, 0xef, 0xf4, 0x80, 0x70, 0xd5,
    0x26, 0x7f, 0x18, 0x7, 0xca, 0x89, 0xfc, 0x3c,
    0x1, 0xe7, 0xff, 0xfe, 0x1, 0x0, 0xf3, 0x66,
    0x7e, 0xb0, 0x30, 0xc, 0x88, 0x20, 0xf, 0xc2,
    0x6, 0x88, 0x0, 0x55, 0x37, 0x7b, 0x31, 0xba,
    0xb1, 0x8a, 0xb1, 0xe, 0xe6, 0x77, 0x67, 0x1e,
    0xed, 0xfd, 0xe2, 0x0, 0x1d, 0x90, 0xc, 0x22,
    0x0, 0x57, 0x90, 0x6, 0x1c, 0x7c, 0x0, 0xd4,
    0x58, 0x90, 0x40, 0x1c, 0x78, 0x87, 0x82, 0xd,
    0xad, 0xec, 0x1, 0xf0, 0x9e, 0x28, 0xf, 0x88,
    0xc0, 0x1c, 0x2d, 0x98, 0x1d, 0x91, 0x2, 0xc6,
    0xe6, 0x0, 0xdb, 0x2f, 0xb4, 0x40, 0x20, 0x2,
    0xd7, 0x9f, 0xb0, 0x7, 0x5d, 0x88, 0xf, 0x18,
    0x80, 0x29, 0xc4, 0xc0, 0x1, 0x20, 0x4, 0x60,
    0xfa, 0x1, 0x8e, 0xdc, 0x0,

    /* U+5F62 "形" */
    0x0, 0xff, 0xe1, 0x28, 0x6, 0x5e, 0xdd, 0xf7,
    0x18, 0x1, 0x2a, 0x40, 0x27, 0xa6, 0x64, 0xc8,
    0xae, 0x88, 0x1, 0x25, 0x20, 0x11, 0x20, 0x89,
    0x10, 0xa, 0x82, 0x14, 0x5e, 0x1, 0xff, 0xc2,
    0x75, 0xa2, 0x0, 0xff, 0xe0, 0xbc, 0x3a, 0x80,
    0x7f, 0xf0, 0x95, 0xe0, 0x23, 0x48, 0x0, 0xac,
    0xdc, 0x16, 0xc1, 0x0, 0xae, 0x84, 0x0, 0x9b,
    0x32, 0xbb, 0x2, 0xdb, 0x82, 0x52, 0xc8, 0x5,
    0x9a, 0x6d, 0xba, 0xe, 0xd5, 0x55, 0xa5, 0x0,
    0x78, 0x78, 0x3, 0xaa, 0x8b, 0x60, 0x40, 0x1c,
    0x44, 0x0, 0xe2, 0x8a, 0x2, 0xcb, 0x0, 0x90,
    0x14, 0x3, 0xa1, 0xc0, 0xf0, 0x20, 0x2, 0xe3,
    0x10, 0xf, 0x97, 0xb, 0xcc, 0x0, 0x4b, 0x40,
    0x1e, 0x1a, 0xa2, 0xe0, 0x80, 0x5e, 0x2c, 0x0,
    0x10, 0x73, 0xe5, 0x9a, 0x0, 0xee, 0xa0, 0x8,
    0x71, 0xe, 0x75, 0x80, 0x38,

    /* U+5F85 "待" */
    0x0, 0xc4, 0xa0, 0x19, 0x68, 0x3, 0xfd, 0x36,
    0x20, 0x11, 0x20, 0x7, 0xf3, 0xa6, 0x88, 0x80,
    0x3c, 0x22, 0x0, 0xcd, 0x12, 0x61, 0xff, 0x40,
    0xff, 0xba, 0x0, 0x25, 0x96, 0x62, 0x86, 0x6f,
    0x38, 0xf7, 0x50, 0x1, 0x1a, 0xc9, 0xd3, 0x11,
    0x7, 0xc0, 0x47, 0x0, 0x4d, 0x41, 0xc6, 0x4c,
    0xc5, 0xd0, 0x55, 0xcc, 0x20, 0x14, 0x97, 0x65,
    0xd4, 0xb1, 0x4d, 0x44, 0xd9, 0x80, 0x19, 0x82,
    0x51, 0xb9, 0x9c, 0x37, 0x9a, 0x40, 0xb2, 0x60,
    0x4, 0x55, 0xf0, 0xfa, 0xa8, 0x1, 0x6f, 0x40,
    0xf, 0xbb, 0xf0, 0x3d, 0xc0, 0x3, 0x20, 0x2,
    0xbe, 0x8f, 0xee, 0x86, 0x3b, 0x40, 0x4, 0x1,
    0xc5, 0x34, 0x1, 0xff, 0xc3, 0x28, 0x45, 0x0,
    0xff, 0xe1, 0xbc, 0x28, 0x0, 0x40, 0x3e, 0x11,
    0x0, 0x67, 0xb, 0xe0, 0x20, 0xf, 0xfe, 0x16,
    0xa5, 0x20, 0x4,

    /* U+5FAE "微" */
    0x0, 0x88, 0x2, 0x13, 0x0, 0x89, 0x0, 0x3e,
    0xf8, 0x0, 0x3c, 0x0, 0x49, 0x60, 0x1e, 0x90,
    0x98, 0x80, 0x0, 0xb0, 0x3d, 0x0, 0x3a, 0x5b,
    0xc4, 0x60, 0x8, 0x41, 0x30, 0x3, 0xba, 0xce,
    0x0, 0x3c, 0x25, 0x59, 0x8d, 0x0, 0x3a, 0x4a,
    0x9b, 0xc2, 0xe0, 0x38, 0xf5, 0x8c, 0x80, 0x46,
    0xfd, 0x5d, 0xdb, 0x69, 0x8c, 0x59, 0x0, 0x2e,
    0x13, 0xef, 0xef, 0xf5, 0x1a, 0x0, 0x88, 0x2,
    0xb3, 0x0, 0x77, 0xf7, 0xfc, 0x86, 0x1e, 0x60,
    0x11, 0x50, 0x0, 0x73, 0x28, 0x5b, 0x2, 0x3e,
    0x0, 0xa5, 0xc0, 0x6, 0x6f, 0xb2, 0x0, 0x1a,
    0x20, 0xc0, 0x3e, 0x10, 0x31, 0x0, 0x92, 0x5,
    0x0, 0x3e, 0x61, 0x0, 0xe, 0x16, 0xb, 0x0,
    0x7e, 0xc5, 0x1, 0x47, 0x3f, 0x4, 0x0, 0xf8,
    0x5b, 0x0, 0x9, 0x56, 0xb4, 0x76, 0x1, 0xc2,
    0x66, 0x70, 0x7e, 0xc5, 0xd5, 0xb4, 0xe1, 0x0,
    0x38, 0x16, 0x0, 0x44, 0x1a, 0x60, 0x99, 0x22,
    0x0, 0x4f, 0x0, 0xe7, 0xd2, 0x0, 0x8d, 0xc0,

    /* U+5FD9 "忙" */
    0x0, 0xff, 0xe4, 0xbf, 0x80, 0x71, 0xf2, 0x80,
    0x7f, 0xf0, 0xcd, 0x28, 0xc0, 0x3e, 0x11, 0x11,
    0x0, 0x35, 0x38, 0x80, 0x71, 0xef, 0x4, 0x43,
    0x3f, 0xf3, 0xef, 0xfc, 0x20, 0xa7, 0xc1, 0xcb,
    0x52, 0xf, 0x55, 0xe1, 0xc, 0x50, 0x2, 0x8,
    0x9c, 0x35, 0x57, 0xc0, 0x4, 0xc0, 0xb, 0x5c,
    0x3, 0xfc, 0x42, 0x80, 0x11, 0x80, 0x7f, 0xc5,
    0xc6, 0x1, 0xff, 0xc4, 0x10, 0xf, 0xff, 0xf8,
    0x7, 0x57, 0xff, 0x40, 0x6, 0x11, 0x0, 0x43,
    0x55, 0xf5, 0x80, 0x7f, 0x95, 0x7e, 0x30,

    /* U+6001 "态" */
    0x0, 0xf9, 0x9c, 0x3, 0xff, 0x87, 0x92, 0x1,
    0xfc, 0x86, 0x45, 0x91, 0x48, 0xb8, 0xcc, 0x0,
    0xac, 0xdd, 0xc2, 0x9b, 0xbd, 0x98, 0x30, 0xcd,
    0xee, 0x94, 0x76, 0xc2, 0xfb, 0xad, 0x30, 0x22,
    0x8, 0x8d, 0x64, 0x90, 0xfc, 0x46, 0x20, 0xe,
    0x1f, 0x25, 0x0, 0x7a, 0x30, 0x7, 0xc3, 0x85,
    0x5a, 0xa0, 0x71, 0x2e, 0x1, 0xcb, 0xe5, 0x6e,
    0xb4, 0xa0, 0xee, 0x8c, 0x61, 0x16, 0x51, 0xea,
    0x5, 0x2a, 0x0, 0x22, 0x8a, 0x58, 0x6d, 0xb4,
    0x80, 0x2a, 0x30, 0x9, 0x7a, 0x9c, 0x1e, 0x0,
    0x2, 0x41, 0x5c, 0x1, 0x12, 0xa8, 0x2, 0xf9,
    0xb, 0xc0, 0x93, 0x40, 0x5, 0x50, 0xc0, 0x4,
    0x3e, 0x0, 0x30, 0x37, 0x50, 0x4, 0x1e, 0x88,
    0x50, 0x30, 0x18, 0x5, 0x2, 0x1a, 0xdc, 0x30,
    0x2e, 0xc0, 0x11, 0x32, 0xad, 0x24, 0x5, 0x50,
    0x37, 0x60, 0x6, 0x94, 0x5d, 0xce, 0x8c, 0xa,
    0x20,

    /* U+6062 "恢" */
    0x0, 0xff, 0xe4, 0x9c, 0x80, 0x65, 0xe1, 0x0,
    0xfe, 0x66, 0x0, 0x6d, 0x21, 0x0, 0xff, 0x8,
    0x17, 0xf9, 0xcf, 0xff, 0xb8, 0x0, 0x90, 0x0,
    0x45, 0xcc, 0x4, 0xee, 0xec, 0xa0, 0x6, 0x28,
    0x0, 0xe0, 0x9c, 0x18, 0xa9, 0x88, 0xd0, 0x0,
    0x4c, 0x0, 0x70, 0x6d, 0x40, 0x3, 0x60, 0x7,
    0x31, 0x80, 0x52, 0xaf, 0xae, 0x22, 0xe0, 0xa8,
    0x0, 0x1f, 0x0, 0x4c, 0x82, 0x50, 0x60, 0x62,
    0xbc, 0x0, 0x74, 0x0, 0xd6, 0xd8, 0x40, 0x13,
    0x3, 0x0, 0x20, 0x80, 0x28, 0x2b, 0x65, 0x70,
    0x2b, 0x60, 0xf, 0x8d, 0xdc, 0x59, 0x3c, 0x17,
    0x92, 0x1, 0xe1, 0xe2, 0x80, 0x22, 0x25, 0x1a,
    0x0, 0x7c, 0x39, 0xe0, 0x1, 0xd4, 0x56, 0xa1,
    0x0, 0xf8, 0x48, 0xf, 0x2, 0x82, 0x4f, 0x8,
    0x3, 0x84, 0xa, 0xb0, 0x30, 0x40, 0x1e, 0x7a,
    0x80, 0x11, 0x80, 0xd, 0x1f, 0x48, 0x2, 0x2f,
    0x64, 0x0, 0x9b, 0xc0, 0x7a, 0x0, 0x3c, 0x32,
    0x0,

    /* U+606F "息" */
    0x0, 0xf1, 0xea, 0x80, 0x7f, 0xf0, 0xd4, 0x90,
    0x3, 0xff, 0x81, 0xbf, 0xe9, 0xe, 0xff, 0xee,
    0x0, 0xf9, 0xff, 0xff, 0x40, 0x7, 0xe1, 0x44,
    0xfd, 0xc0, 0x1f, 0x93, 0xff, 0xf2, 0x0, 0x7e,
    0x5b, 0xbf, 0xd4, 0x1, 0xf9, 0xff, 0xff, 0x40,
    0x7, 0xe8, 0xff, 0xfd, 0x0, 0x1f, 0x1c, 0x7f,
    0xfe, 0x81, 0x0, 0xf7, 0x7f, 0xff, 0xc0, 0x1f,
    0xf0, 0xa8, 0x6, 0x10, 0xe, 0x71, 0xf, 0x70,
    0x8a, 0x10, 0x1, 0x7b, 0x0, 0x47, 0x4, 0x1,
    0xa0, 0x18, 0x0, 0x49, 0x26, 0x0, 0xa2, 0x30,
    0xc, 0x3a, 0xe0, 0xe7, 0x45, 0xa2, 0x26, 0xa0,
    0xb, 0x84, 0x46, 0x22, 0x9a, 0xe, 0x61, 0x16,
    0x30, 0x1, 0x5b, 0xbb, 0x8e, 0xc0, 0xe0, 0x0,

    /* U+60C5 "情" */
    0x0, 0x8d, 0x80, 0x3c, 0x6e, 0x1, 0xf9, 0x20,
    0x0, 0x46, 0x44, 0xb8, 0x22, 0x19, 0x80, 0x30,
    0x98, 0x2, 0xf7, 0x30, 0xc1, 0x98, 0xdc, 0x10,
    0xe, 0x23, 0x9d, 0xd6, 0x30, 0xe6, 0x37, 0x42,
    0x7, 0xe2, 0x17, 0xc7, 0xba, 0xc6, 0x1c, 0xc6,
    0xd0, 0x1, 0x44, 0x41, 0x84, 0x1d, 0xd4, 0xf,
    0x75, 0x0, 0xf, 0x40, 0x2, 0xf6, 0xff, 0xd2,
    0x3f, 0xfa, 0xc1, 0x74, 0x2, 0x1f, 0xdd, 0xfd,
    0xf6, 0x14, 0xa0, 0x18, 0x77, 0x7f, 0x0, 0x4c,
    0x40, 0x1e, 0xbf, 0xfd, 0x40, 0x1f, 0xfc, 0xb,
    0xff, 0xd4, 0x20, 0x1f, 0xf5, 0x77, 0x69, 0x0,
    0xff, 0xe0, 0x19, 0xf0, 0x80, 0x7f, 0xf0, 0x23,
    0x33, 0x48, 0x7, 0xff, 0x2, 0xbb, 0xb5, 0x0,
    0x78, 0x4c, 0x3, 0xf1, 0x70, 0x7, 0xc6, 0x1,
    0xf8, 0xd2, 0x40, 0x0,

    /* U+6210 "成" */
    0x0, 0xfe, 0x3a, 0x20, 0x70, 0xf, 0xfe, 0x12,
    0x89, 0xc5, 0x80, 0x7f, 0xf0, 0xcf, 0x12, 0x0,
    0x30, 0xa2, 0x79, 0x41, 0x51, 0xdd, 0xa4, 0x1,
    0x35, 0xdf, 0xa4, 0x26, 0xec, 0xf5, 0x40, 0xe,
    0xff, 0xf0, 0x4f, 0xfe, 0x80, 0xf, 0xf8, 0x44,
    0x0, 0x81, 0x0, 0xf3, 0x36, 0x20, 0x2f, 0x1,
    0x7a, 0x0, 0xf4, 0x45, 0x2a, 0xc, 0x60, 0xc1,
    0x20, 0x1c, 0x3d, 0xd0, 0x10, 0x6a, 0x84, 0xa9,
    0x0, 0x6f, 0x30, 0xc, 0x20, 0x83, 0x43, 0x60,
    0x1c, 0x42, 0x0, 0x10, 0x70, 0x30, 0x58, 0x10,
    0xe, 0x76, 0x0, 0x10, 0x8, 0x8, 0x81, 0xc0,
    0x38, 0x4b, 0x49, 0xe0, 0x8, 0x74, 0x0, 0xe0,
    0x9a, 0x40, 0xc0, 0xa7, 0xd, 0x7, 0x83, 0x91,
    0x5, 0x32, 0x31, 0x94, 0x21, 0xfc, 0xfc, 0x1c,
    0x27, 0x3a, 0x82, 0x10, 0x69, 0x0, 0x84, 0xe3,
    0x4, 0x1, 0x8c, 0x50, 0x3, 0x4, 0x1, 0xad,
    0xc0, 0x3a, 0x75, 0x40,

    /* U+6211 "我" */
    0x0, 0xfe, 0x16, 0x20, 0xf, 0xfe, 0x1, 0xca,
    0x1c, 0xb0, 0xa8, 0x7, 0x12, 0xbd, 0x76, 0x21,
    0x98, 0x0, 0xf4, 0xc0, 0x19, 0xaa, 0xcc, 0x6f,
    0x5c, 0x2, 0x68, 0x96, 0x0, 0x93, 0xf2, 0x0,
    0x3f, 0x3b, 0x94, 0x2, 0x33, 0x94, 0x8, 0xcc,
    0xa0, 0x46, 0x6b, 0x3, 0x0, 0x76, 0xea, 0x82,
    0x37, 0x54, 0x11, 0xbb, 0xb8, 0x1, 0xbd, 0xcf,
    0xa, 0xee, 0x82, 0x3b, 0x9f, 0xda, 0x1, 0xff,
    0x8, 0x80, 0x11, 0xa0, 0x1f, 0xb6, 0xac, 0x17,
    0x80, 0x99, 0x40, 0x26, 0x9c, 0xe0, 0x70, 0xe0,
    0x34, 0x9, 0x28, 0x0, 0xb5, 0xda, 0x2, 0xa8,
    0xa1, 0x85, 0x49, 0xe0, 0x1a, 0xba, 0x98, 0x3,
    0x90, 0x16, 0x88, 0x3, 0x8, 0x7, 0xc5, 0x80,
    0x6, 0x1, 0x70, 0xe, 0x30, 0x72, 0x9d, 0x1c,
    0x5d, 0x34, 0x83, 0x0, 0x16, 0x68, 0x15, 0x33,
    0xe9, 0xd2, 0xe5, 0x11, 0x80, 0x9, 0x5f, 0x46,
    0x36, 0x0, 0x2b, 0x95, 0xe0,

    /* U+6216 "或" */
    0x0, 0xfc, 0x6c, 0x2, 0x20, 0xf, 0xfe, 0x2,
    0x48, 0x5e, 0x8, 0x7, 0xfc, 0x20, 0xb, 0xa,
    0x0, 0x95, 0x7f, 0x78, 0x2a, 0x56, 0x29, 0x7,
    0x44, 0x7c, 0xe1, 0x10, 0xaa, 0x43, 0x5, 0xee,
    0xfd, 0x41, 0xbb, 0xc8, 0x0, 0xdf, 0xfd, 0xc0,
    0xe0, 0x40, 0x9, 0x20, 0xc, 0xf9, 0x88, 0x0,
    0x10, 0x30, 0x1b, 0x20, 0x6, 0xf3, 0x31, 0x0,
    0x4, 0x44, 0x14, 0x4c, 0x1, 0xff, 0x2e, 0x13,
    0x40, 0x6, 0x38, 0xff, 0x50, 0x80, 0x31, 0x60,
    0xd4, 0x3, 0x66, 0x76, 0x80, 0x14, 0x17, 0xc0,
    0x38, 0x8c, 0xc0, 0xb1, 0xa0, 0x20, 0x46, 0x1,
    0x9a, 0x73, 0xf2, 0x8e, 0x13, 0x14, 0x98, 0x19,
    0xc3, 0x11, 0x17, 0xf9, 0x39, 0x6f, 0x4f, 0x29,
    0x54, 0xa, 0xd8, 0x40, 0x3e, 0x7a, 0x80, 0x84,
    0xb3, 0x80, 0xf, 0x1c, 0x7a, 0x80, 0x57, 0x34,
    0xa0,

    /* U+6237 "户" */
    0x0, 0xfc, 0x70, 0x1, 0xff, 0xc3, 0x67, 0x30,
    0xf, 0xfe, 0x12, 0x8c, 0x80, 0x7f, 0x12, 0xaf,
    0x37, 0xaa, 0xf0, 0x80, 0x4b, 0x55, 0xcf, 0x55,
    0xe5, 0x0, 0xc3, 0xff, 0xfd, 0x40, 0x1f, 0xfc,
    0x67, 0x0, 0x84, 0x3, 0xff, 0x88, 0x22, 0x55,
    0xfe, 0xd0, 0xe, 0xf0, 0xaa, 0xfe, 0x70, 0x70,
    0x8, 0x45, 0xff, 0xfd, 0x84, 0x1, 0x95, 0x40,
    0x1f, 0xc7, 0xa8, 0x0, 0x13, 0x30, 0x7, 0xff,
    0x9, 0x82, 0x80, 0x3f, 0xf8, 0x23, 0x28, 0x40,
    0x1f, 0xfc, 0x1d, 0x18, 0x0, 0xff, 0xe1, 0x4c,
    0x18, 0x7, 0xff, 0x4,

    /* U+623F "房" */
    0x0, 0xff, 0xe6, 0xce, 0x0, 0x7f, 0xf0, 0xf8,
    0xc8, 0x3, 0xf0, 0xf7, 0x74, 0x86, 0x77, 0x69,
    0x0, 0xc3, 0x35, 0x5a, 0xea, 0xb2, 0x98, 0x7,
    0x1a, 0x27, 0xf0, 0x80, 0x61, 0x3, 0x44, 0xfe,
    0x10, 0xf, 0x54, 0x47, 0x4c, 0x44, 0xe4, 0x1,
    0x8, 0x4e, 0x66, 0x76, 0xcc, 0xd0, 0x1, 0xc6,
    0x89, 0x89, 0x13, 0xe0, 0x1, 0x84, 0xd5, 0x56,
    0xe3, 0x55, 0xe0, 0x0, 0x86, 0x77, 0x20, 0x3b,
    0xbf, 0x0, 0x14, 0x8, 0x1, 0xc1, 0xff, 0xe7,
    0x0, 0xb0, 0xc0, 0x24, 0x45, 0xdf, 0x1, 0x0,
    0x4b, 0x60, 0x4, 0x38, 0x44, 0xcc, 0xc, 0x0,
    0x80, 0x50, 0x4b, 0x73, 0x0, 0xd4, 0x6, 0x0,
    0x55, 0x15, 0x5a, 0xc0, 0x0, 0x7f, 0xce, 0xa0,
    0x16, 0x58, 0x7c, 0xd0, 0x4, 0x35, 0x4c, 0xa0,
    0x0,

    /* U+6253 "打" */
    0x0, 0x87, 0x54, 0x3, 0xff, 0x88, 0x46, 0x1,
    0xff, 0xc5, 0x30, 0x7, 0xf7, 0x7b, 0xfc, 0x20,
    0x1f, 0xa6, 0xee, 0x15, 0xba, 0x91, 0xd, 0xfe,
    0xa, 0xff, 0x32, 0xac, 0x26, 0xaa, 0x60, 0x4,
    0xdd, 0x81, 0xee, 0xc0, 0x1f, 0xf2, 0x21, 0x43,
    0x51, 0x0, 0x1f, 0xfc, 0x41, 0x50, 0xf, 0xfe,
    0x1c, 0x77, 0x0, 0x3f, 0xe7, 0xce, 0x7, 0xcb,
    0x0, 0xff, 0xa9, 0x6c, 0x3c, 0xc0, 0x3f, 0xf8,
    0x1b, 0x2a, 0x1, 0xff, 0xe8, 0x25, 0x0, 0xf8,
    0x84, 0x3, 0xef, 0xb1, 0x40, 0x8, 0x7f, 0x43,
    0x0, 0x3d, 0x37, 0xc2, 0x1, 0xc, 0xcb, 0x50,
    0x3, 0x0,

    /* U+6267 "执" */
    0x0, 0x89, 0x40, 0x39, 0xcc, 0x3, 0xf9, 0x28,
    0x3, 0xa2, 0xc0, 0x3f, 0x8c, 0x40, 0x3d, 0xe0,
    0x1f, 0xfc, 0xd5, 0x56, 0xa, 0xa2, 0x37, 0x41,
    0x3b, 0xa6, 0x0, 0xd1, 0x6e, 0x17, 0xcd, 0x76,
    0x4, 0xb0, 0x10, 0xd, 0xbd, 0x63, 0xd4, 0x4c,
    0xc0, 0xf6, 0x10, 0xf, 0xf0, 0x80, 0x61, 0x0,
    0x8, 0x7, 0xc3, 0x96, 0x38, 0xe0, 0xe0, 0x1f,
    0x24, 0xd8, 0x2c, 0x3, 0x40, 0x10, 0x7, 0xd4,
    0xca, 0x32, 0x43, 0x4a, 0x14, 0x20, 0x1e, 0xbe,
    0xe0, 0x7, 0x39, 0x24, 0xb8, 0x80, 0x65, 0x10,
    0xe, 0x52, 0xeb, 0x82, 0xe0, 0xf, 0xf0, 0xda,
    0x9a, 0x7, 0xa0, 0x10, 0x7, 0xc3, 0x81, 0x60,
    0x13, 0x92, 0xea, 0x0, 0x2a, 0xc, 0xde, 0x5a,
    0x20, 0x10, 0xa5, 0xa, 0x0, 0x4, 0x52, 0x73,
    0x66, 0x1, 0xd2, 0x56, 0x1, 0x5e, 0x20, 0x3a,
    0x0, 0x78, 0xb5, 0x40,

    /* U+626B "扫" */
    0x0, 0xce, 0x80, 0x1f, 0xfc, 0x38, 0x30, 0x3,
    0x31, 0x57, 0xc6, 0x1, 0xfa, 0xe6, 0xef, 0xaa,
    0xc0, 0x84, 0x2, 0x12, 0xdf, 0xee, 0xe1, 0x0,
    0x6f, 0x78, 0x47, 0x68, 0x7, 0xef, 0xb, 0xcc,
    0x3, 0x65, 0x80, 0x7f, 0x90, 0xcc, 0x1c, 0x6a,
    0x1, 0xff, 0xc2, 0xea, 0x90, 0xff, 0xf0, 0x80,
    0x64, 0x6, 0x39, 0xb, 0xb6, 0x66, 0x0, 0x9b,
    0x6c, 0x22, 0x44, 0x11, 0x6, 0x78, 0x40, 0x1a,
    0xbc, 0x1, 0xff, 0xc2, 0xb8, 0x10, 0xf, 0xfe,
    0xca, 0xff, 0x77, 0x84, 0x3, 0xf3, 0xcc, 0x5d,
    0xf0, 0x4, 0x5b, 0xc0, 0x20, 0x4c, 0xc5, 0x5e,
    0x1f, 0x2, 0x31, 0x47, 0x0, 0xff, 0xe0, 0xef,
    0xd8, 0x80, 0x7f, 0x74, 0x0,

    /* U+626C "扬" */
    0x0, 0x92, 0x80, 0x21, 0x1f, 0xc0, 0x1c, 0x4a,
    0x0, 0x1e, 0xef, 0xc6, 0x1, 0x8c, 0x2, 0x1b,
    0xcc, 0xa8, 0x45, 0x26, 0x1, 0xc2, 0x1, 0x21,
    0x98, 0x2c, 0xbd, 0x80, 0x3, 0x76, 0x91, 0xb9,
    0x0, 0x97, 0x13, 0x4, 0x2, 0x1d, 0xd2, 0x87,
    0x60, 0xc, 0xd4, 0x50, 0x7, 0x99, 0x98, 0x2a,
    0xa0, 0xf6, 0x8, 0xff, 0xe3, 0x0, 0xe2, 0x40,
    0xab, 0x33, 0x58, 0x3c, 0x0, 0x80, 0x7, 0x7,
    0x70, 0x11, 0x4e, 0x94, 0x2c, 0x80, 0xc7, 0x79,
    0x83, 0x60, 0x1, 0x2, 0xc8, 0x6, 0x60, 0x11,
    0x2d, 0xd0, 0x90, 0x1, 0x5a, 0x3, 0xcc, 0x4,
    0x40, 0x8, 0x40, 0xc, 0xf4, 0xec, 0x4b, 0x41,
    0xe6, 0x1, 0xf5, 0x43, 0xc0, 0x71, 0x30, 0x8,
    0x80, 0x3e, 0xaa, 0x40, 0x59, 0xf0, 0x0, 0xdc,
    0x2, 0x4c, 0x0, 0x95, 0x35, 0x2c, 0xc9, 0x10,
    0x60, 0x14, 0xb3, 0x80, 0x1e, 0xc7, 0x50, 0x32,
    0xce, 0x80, 0x2c, 0xf9, 0x0, 0x3d, 0x61, 0x0,
    0x2b, 0x34, 0x80,

    /* U+62A5 "报" */
    0x0, 0xdc, 0x80, 0x1f, 0xfc, 0x41, 0x0, 0xb7,
    0xff, 0xd0, 0x1, 0xff, 0x3e, 0x66, 0x10, 0xf,
    0xfe, 0x7, 0x19, 0xe0, 0xf0, 0xb, 0xba, 0xb,
    0xf9, 0x0, 0xe2, 0x12, 0x0, 0xae, 0xa8, 0x11,
    0x54, 0x0, 0x93, 0xf4, 0x50, 0x2, 0x54, 0x40,
    0x1a, 0x98, 0x4, 0x93, 0x7e, 0x20, 0x1f, 0x88,
    0xc2, 0x7f, 0xd3, 0x7d, 0xc0, 0xe, 0x40, 0xad,
    0x40, 0x71, 0x7b, 0xb1, 0x90, 0x0, 0xf3, 0xec,
    0x1f, 0x5c, 0x39, 0xcd, 0x10, 0x76, 0x0, 0x31,
    0x7d, 0xd, 0x20, 0xb, 0x50, 0x90, 0x14, 0x2,
    0xd8, 0x20, 0xf, 0x21, 0xc4, 0x10, 0x80, 0x3f,
    0xf8, 0x30, 0xa7, 0xe0, 0x1f, 0xfc, 0x25, 0x0,
    0x8, 0x7, 0xff, 0xb, 0x49, 0x29, 0x80, 0x33,
    0x48, 0x30, 0x0, 0xfb, 0xb, 0xed, 0x26, 0xc4,
    0x1, 0xae, 0xe2, 0x0, 0xc3, 0x84, 0x16, 0xec,
    0x20, 0xb, 0xe8, 0x0, 0xba, 0x34, 0x80, 0x28,
    0xd0,

    /* U+62D2 "拒" */
    0x0, 0x96, 0x80, 0x3f, 0xf8, 0x9a, 0xa0, 0x13,
    0x77, 0x7b, 0xfc, 0x1, 0xfc, 0x22, 0x88, 0xe9,
    0x80, 0xd, 0xe2, 0x1, 0x8, 0x99, 0xbc, 0xe0,
    0x3b, 0x92, 0x39, 0xaa, 0x1, 0xfe, 0x15, 0xb5,
    0xb, 0x56, 0x1, 0x33, 0xf0, 0x5, 0xf, 0x82,
    0xf0, 0x60, 0xc, 0xcf, 0x0, 0x7f, 0xc3, 0xff,
    0xa0, 0x3, 0xe1, 0x7d, 0x40, 0xf, 0xf0, 0xc5,
    0xc0, 0x6c, 0x20, 0x7, 0xf8, 0x54, 0x94, 0x69,
    0x40, 0x3, 0xff, 0xa0, 0x3, 0x6c, 0xe8, 0x7,
    0xb3, 0x3c, 0x1, 0xff, 0x9, 0x9f, 0x80, 0x3f,
    0xf9, 0x7e, 0x1, 0x84, 0x4c, 0xdf, 0x10, 0x1e,
    0x3a, 0x80, 0x61, 0x88, 0xf9, 0x80, 0xc1, 0xe8,
    0x2, 0x7e, 0xef, 0xc8,

    /* U+62E9 "择" */
    0x0, 0xad, 0x80, 0x2, 0x45, 0xf0, 0x80, 0x72,
    0x70, 0x2, 0x77, 0x7e, 0x90, 0xf, 0xe8, 0x81,
    0xff, 0xd0, 0x32, 0x1, 0x2a, 0x80, 0x94, 0xc1,
    0x8d, 0x40, 0xe2, 0xc4, 0x0, 0x37, 0x60, 0x5b,
    0x40, 0x1a, 0xb6, 0xd7, 0x50, 0x8, 0x7b, 0x83,
    0x1c, 0xe0, 0x4, 0x39, 0x39, 0x0, 0xff, 0x1b,
    0x57, 0x35, 0xf, 0x65, 0x40, 0x7, 0x5e, 0xd,
    0x16, 0xfe, 0x6e, 0x23, 0x0, 0x5, 0xec, 0x45,
    0x45, 0x90, 0x44, 0x60, 0x38, 0xc8, 0x2, 0x81,
    0xa, 0x60, 0xdf, 0xe9, 0xf, 0xf9, 0xc0, 0x7,
    0x94, 0x20, 0x17, 0x66, 0xc0, 0x56, 0x5b, 0x0,
    0x46, 0x1, 0xc6, 0x71, 0x2, 0x9a, 0x8, 0x7,
    0xc2, 0x89, 0x88, 0x11, 0x31, 0x80, 0x78, 0xaa,
    0xb4, 0x85, 0xd5, 0x50, 0x0, 0x24, 0x10, 0x3e,
    0xed, 0x61, 0xfd, 0xd5, 0x80, 0x2a, 0xc1, 0x0,
    0x3f, 0xf8, 0x57, 0x3a, 0x60, 0x1c, 0x60, 0x1f,
    0x0,

    /* U+6301 "持" */
    0x0, 0x8d, 0xc0, 0x3d, 0x26, 0x1, 0xf9, 0x20,
    0x3, 0xcc, 0xc0, 0xf, 0xc2, 0x20, 0x8, 0x40,
    0x3c, 0x20, 0x1f, 0xcb, 0xdf, 0xe0, 0xaf, 0xf8,
    0x2, 0xff, 0x48, 0xff, 0x97, 0xbf, 0x82, 0xbf,
    0xbc, 0x2, 0x9a, 0x60, 0xaa, 0x0, 0x80, 0x80,
    0x42, 0x20, 0x9, 0x97, 0xc5, 0x54, 0x64, 0x43,
    0x3, 0x22, 0x8c, 0x3, 0xe2, 0xcd, 0xd6, 0x4,
    0xee, 0xd8, 0x40, 0x18, 0x6a, 0x7f, 0xfc, 0x51,
    0xfe, 0x20, 0x28, 0x80, 0x1c, 0x99, 0xfd, 0xc6,
    0x60, 0x2d, 0x65, 0x19, 0x2e, 0xcd, 0xdc, 0x2d,
    0x9a, 0x5, 0x3d, 0xa0, 0x16, 0xe7, 0x76, 0x28,
    0xfe, 0x0, 0x30, 0x7, 0xe, 0x48, 0x7, 0xff,
    0xc, 0x59, 0x86, 0x1, 0xff, 0xc3, 0x81, 0x70,
    0xf, 0xc7, 0x56, 0x60, 0x10, 0xf2, 0x3c, 0x90,
    0x80, 0x63, 0x76, 0xe0, 0xf, 0x7b, 0xa3, 0x80,
    0x40,

    /* U+6302 "挂" */
    0x0, 0x92, 0x40, 0x3c, 0x90, 0x1, 0xf8, 0xd8,
    0x3, 0xc4, 0xc0, 0x1f, 0x84, 0x40, 0x1f, 0x18,
    0x7, 0xff, 0x1, 0x37, 0x68, 0x2d, 0xdb, 0x0,
    0x8, 0x8f, 0x14, 0x35, 0x89, 0x93, 0x8c, 0xcd,
    0x0, 0x8, 0x83, 0x84, 0xc8, 0x55, 0x11, 0xe6,
    0x89, 0x80, 0x19, 0x88, 0x1d, 0xa4, 0x4d, 0xc6,
    0x89, 0x8c, 0x3, 0xc3, 0x55, 0x98, 0x2a, 0xb8,
    0x3, 0xd, 0x5f, 0x76, 0xc8, 0xee, 0xd2, 0xd,
    0x72, 0x19, 0x60, 0x19, 0x24, 0x3, 0xd8, 0xc,
    0x2c, 0x22, 0x32, 0x20, 0x81, 0x10, 0xcc, 0x0,
    0xab, 0xf0, 0x9, 0x37, 0x31, 0x21, 0x98, 0xdf,
    0x0, 0xfc, 0xbd, 0xd5, 0x8f, 0x75, 0x80, 0x1f,
    0xfc, 0xa1, 0x0, 0x9, 0x8, 0xc6, 0x2, 0x31,
    0x10, 0x6, 0xe4, 0x82, 0xb7, 0xba, 0x91, 0xee,
    0xb7, 0xc0, 0x44, 0xfc, 0x17, 0xff, 0xfe, 0xd0,

    /* U+6307 "指" */
    0x0, 0x8d, 0x80, 0x22, 0x0, 0xff, 0xe0, 0x24,
    0x80, 0x7, 0x54, 0x3, 0x8, 0x7, 0x84, 0x40,
    0x1, 0x1, 0x0, 0x25, 0x72, 0x80, 0x7f, 0xdf,
    0x9f, 0x41, 0x2e, 0x1, 0x1a, 0x78, 0xa2, 0x0,
    0x2a, 0xde, 0xa6, 0x20, 0xa, 0x69, 0xc2, 0xa0,
    0x1, 0xec, 0x40, 0x12, 0xb8, 0x2, 0xba, 0x7,
    0xb0, 0x0, 0x62, 0x38, 0xa6, 0x40, 0x1f, 0xcb,
    0x1d, 0xdb, 0x4a, 0xc0, 0x38, 0x6a, 0x81, 0x1b,
    0xbe, 0xc5, 0x0, 0x1c, 0x58, 0x1c, 0x8e, 0xef,
    0xe0, 0x1, 0x62, 0xb0, 0xc9, 0x88, 0x5f, 0xfe,
    0x91, 0x0, 0x15, 0x6e, 0x80, 0x38, 0xd1, 0x37,
    0x80, 0x65, 0x0, 0xfa, 0xa2, 0x32, 0x0, 0x7f,
    0xf0, 0x27, 0x33, 0x58, 0x6, 0x12, 0xf0, 0xe,
    0xbf, 0xfd, 0x20, 0x19, 0xf5, 0x88, 0x3, 0x4e,
    0x66, 0x70, 0xc, 0xa0, 0x7e, 0x0, 0x10, 0x23,
    0x3d, 0xc2, 0x0,

    /* U+6309 "按" */
    0x0, 0x89, 0x40, 0x38, 0xa4, 0x3, 0xf9, 0x2c,
    0x3, 0xcc, 0xc0, 0xf, 0xe3, 0x0, 0xe2, 0x6e,
    0x0, 0xff, 0xe0, 0x4f, 0x74, 0xed, 0xdd, 0x50,
    0x3, 0x75, 0x5, 0xca, 0xb, 0x99, 0xe4, 0x0,
    0xbb, 0x8c, 0x3a, 0x80, 0x2, 0x1c, 0x12, 0x20,
    0x6, 0x33, 0x71, 0x98, 0x77, 0xc2, 0xc0, 0xc0,
    0x13, 0x20, 0xf, 0xc8, 0x80, 0x69, 0x0, 0x8c,
    0xc0, 0x1c, 0x75, 0x3b, 0xdc, 0x19, 0xee, 0xe3,
    0x1, 0x7b, 0x12, 0x8e, 0xc3, 0x5c, 0xc5, 0x8d,
    0x69, 0x87, 0xd3, 0x14, 0x9, 0xb9, 0x59, 0x13,
    0xd, 0xc, 0x1, 0x9b, 0xa0, 0xd, 0x68, 0x20,
    0x2d, 0x20, 0x18, 0x80, 0x3d, 0x4f, 0xd1, 0x46,
    0xa0, 0x1f, 0xf2, 0x65, 0xba, 0x30, 0x80, 0x78,
    0x40, 0x30, 0xbd, 0x94, 0xa7, 0x38, 0x4, 0x3b,
    0x2, 0xf, 0xbd, 0x51, 0xad, 0xeb, 0x18, 0x0,
    0x1a, 0x8d, 0x3, 0x4b, 0xd6, 0x0, 0xd, 0x5f,
    0x80,

    /* U+6362 "换" */
    0x0, 0x97, 0x0, 0x31, 0xc0, 0x7, 0xfc, 0x40,
    0x1a, 0x50, 0x3, 0xfe, 0x30, 0x8, 0x94, 0x6e,
    0xea, 0x0, 0xff, 0xa5, 0x67, 0xf9, 0x34, 0x3,
    0x5e, 0x41, 0x5c, 0x3a, 0xda, 0x23, 0x9, 0xc0,
    0x31, 0xa3, 0x89, 0x9a, 0x24, 0xc8, 0xda, 0xc8,
    0x80, 0x14, 0x43, 0xce, 0x29, 0x63, 0x32, 0x8,
    0xdd, 0x0, 0x7f, 0x70, 0x77, 0xd, 0xfb, 0x0,
    0x3e, 0x2e, 0x60, 0xc, 0x3e, 0x1, 0xe4, 0xaa,
    0xe, 0xb8, 0x6, 0x31, 0x0, 0xf7, 0x84, 0x19,
    0xb2, 0x83, 0x74, 0x31, 0xba, 0xe, 0x70, 0xba,
    0x20, 0x7, 0xee, 0x75, 0x0, 0xce, 0xe6, 0xa8,
    0x7, 0x8c, 0xe2, 0xa6, 0x3e, 0x33, 0x88, 0x3,
    0xf0, 0xe8, 0x47, 0x2c, 0x80, 0x78, 0xc0, 0x26,
    0xf0, 0xc1, 0x2b, 0x6c, 0x30, 0x0, 0xfc, 0xa0,
    0xf4, 0xb6, 0x8, 0x1, 0x2c, 0xb0, 0x80, 0x6b,
    0x24, 0x6b, 0xa0, 0x3, 0x93, 0xec, 0x80,

    /* U+636E "据" */
    0x0, 0x85, 0x0, 0x3f, 0xf8, 0x8f, 0x60, 0x1,
    0x33, 0xfc, 0x1, 0xc6, 0x20, 0x4, 0xce, 0xef,
    0x61, 0x80, 0x7e, 0x11, 0x6e, 0xf8, 0x4, 0x1,
    0x10, 0xf1, 0x88, 0x8, 0x8, 0xf1, 0x0, 0x70,
    0x88, 0x0, 0x20, 0x3d, 0xdd, 0xa0, 0x20, 0x8,
    0x9e, 0x18, 0x91, 0x17, 0xfc, 0x19, 0xfe, 0x30,
    0xf, 0x1e, 0x0, 0x79, 0xc0, 0x2, 0x1, 0x88,
    0x76, 0x84, 0x5f, 0xf0, 0x5f, 0xfb, 0x8c, 0x17,
    0x20, 0x3d, 0x8c, 0xbb, 0xa0, 0xbe, 0xe8, 0xc2,
    0x1a, 0x4, 0x40, 0x2c, 0x23, 0x3, 0x88, 0xc0,
    0xc, 0xa2, 0x0, 0xb4, 0xaf, 0xfc, 0x19, 0xfe,
    0x40, 0x0, 0x80, 0x72, 0x78, 0xc7, 0xfe, 0x7,
    0x0, 0xf8, 0x85, 0x0, 0x3f, 0xf8, 0x6, 0x0,
    0xa2, 0x20, 0x71, 0x9e, 0x0, 0xc3, 0x50, 0x64,
    0xf6, 0x0, 0x7e, 0xec, 0xe, 0x0, 0x17, 0x59,
    0x28, 0x60, 0x19, 0xdd, 0xc0, 0x1d, 0xb6, 0x80,
    0xe0, 0xb, 0x70, 0xd, 0xe8, 0x0,

    /* U+63A5 "接" */
    0x0, 0x98, 0xc0, 0x39, 0x2c, 0x3, 0xfa, 0x14,
    0x3, 0xc8, 0x80, 0xf, 0xe3, 0x2, 0xee, 0xa8,
    0x2b, 0xba, 0x70, 0x12, 0x10, 0x32, 0x3a, 0xad,
    0x74, 0xd5, 0x45, 0x7, 0xde, 0x19, 0xd0, 0x43,
    0x84, 0x49, 0xf1, 0x8, 0x1b, 0x78, 0x67, 0x84,
    0x8, 0xd4, 0x10, 0x28, 0x3, 0x10, 0x81, 0x88,
    0x91, 0x94, 0xf, 0x88, 0x50, 0x80, 0x3c, 0x2b,
    0x5a, 0x97, 0xa8, 0x7b, 0x4a, 0x1, 0xd3, 0xc9,
    0xdc, 0xf2, 0xae, 0xec, 0xe0, 0x2d, 0x82, 0x2a,
    0x33, 0x13, 0x18, 0x91, 0x63, 0x5, 0x96, 0x8,
    0x58, 0xcd, 0x80, 0xad, 0xdd, 0x82, 0x99, 0x42,
    0x0, 0xbf, 0xb0, 0xdf, 0xe0, 0xcf, 0xf0, 0x81,
    0x80, 0x7a, 0x49, 0x82, 0xc, 0xc0, 0x1f, 0xf7,
    0x25, 0xeb, 0x78, 0x7, 0xc2, 0x1, 0x8e, 0x10,
    0x87, 0x5c, 0x40, 0x28, 0xb0, 0x10, 0x58, 0xce,
    0x7c, 0xe6, 0x8f, 0x60, 0x7, 0xb3, 0xa0, 0x6a,
    0x23, 0x30, 0x61, 0x1a, 0xa8, 0x0,

    /* U+63A7 "控" */
    0x0, 0x90, 0x80, 0x38, 0x50, 0x3, 0xfa, 0xd4,
    0x3, 0x9a, 0xcc, 0x3, 0xf8, 0x40, 0x59, 0xa0,
    0x4, 0xb3, 0x4a, 0x1, 0x84, 0x0, 0xb3, 0x10,
    0x91, 0x48, 0x8a, 0x80, 0xa, 0xa1, 0xf5, 0x0,
    0x7f, 0x77, 0xa0, 0x0, 0x31, 0x20, 0xf0, 0xe8,
    0x35, 0x40, 0x1c, 0x42, 0x40, 0x1d, 0xc1, 0x8d,
    0x3b, 0x85, 0xc0, 0x15, 0xb0, 0xb0, 0xf, 0x8,
    0x4b, 0xcb, 0x0, 0x25, 0x6c, 0xc0, 0x3a, 0xf8,
    0x6, 0x98, 0x3, 0x53, 0x90, 0x15, 0xf8, 0xbe,
    0x81, 0x5f, 0x77, 0x7b, 0x8, 0x12, 0xc8, 0xe1,
    0x4, 0xee, 0xc3, 0x3b, 0x94, 0x1, 0x73, 0x0,
    0x63, 0x3c, 0x4, 0x66, 0x40, 0xf, 0xfe, 0xe8,
    0x80, 0xd, 0xc, 0xe0, 0xd3, 0x32, 0x28, 0x82,
    0xf0, 0x10, 0x5d, 0x6e, 0xc2, 0xdb, 0xaa, 0xa1,
    0x2, 0x22, 0x90, 0x23, 0xbb, 0xfb, 0xcc,

    /* U+63D0 "提" */
    0x0, 0xa5, 0x0, 0x22, 0x2f, 0x80, 0x3c, 0xc4,
    0x0, 0x5d, 0xdf, 0x98, 0x3, 0x84, 0x3, 0xbb,
    0xb8, 0x40, 0x3f, 0xc2, 0x1f, 0xfc, 0x20, 0x10,
    0xff, 0x86, 0x7e, 0x0, 0x15, 0x5c, 0x20, 0x10,
    0xd5, 0x83, 0x55, 0x4, 0x15, 0x78, 0x3, 0x95,
    0x7, 0xd4, 0x80, 0x1d, 0xdc, 0x20, 0x1f, 0x8c,
    0x17, 0xff, 0xe6, 0x0, 0xf4, 0x6c, 0x7f, 0x77,
    0xef, 0x2, 0x8e, 0x14, 0xfa, 0xbd, 0xd5, 0xc,
    0xee, 0xd6, 0x2, 0xee, 0xc, 0x12, 0x75, 0x34,
    0x3, 0x3c, 0x80, 0x79, 0x22, 0x1, 0x2c, 0x80,
    0x58, 0xcc, 0x30, 0x8, 0xc0, 0x3b, 0xc8, 0x2,
    0x5a, 0xa2, 0x80, 0x7f, 0x20, 0x6, 0x9c, 0xc3,
    0x0, 0x7e, 0x52, 0x25, 0x90, 0x7, 0xe2, 0x41,
    0x1, 0x82, 0xc5, 0xd0, 0xd6, 0x57, 0x80, 0x2,
    0x58, 0x26, 0x9f, 0x9f, 0x41, 0xbc, 0xd4, 0x20,
    0x1, 0xef, 0xcb, 0xb4, 0x80, 0xf, 0x9d, 0xff,
    0x60, 0x0,

    /* U+6444 "摄" */
    0x0, 0xa1, 0x0, 0x3f, 0xf8, 0x8e, 0x41, 0x1f,
    0xff, 0xd4, 0x1, 0x84, 0xc2, 0x78, 0x6b, 0xba,
    0xa0, 0xeb, 0x0, 0x22, 0x7, 0x50, 0x4, 0x23,
    0x76, 0x80, 0x11, 0x0, 0x2a, 0x80, 0xd4, 0x40,
    0xa, 0xff, 0xa8, 0x3, 0xbb, 0x83, 0x7c, 0x60,
    0xb, 0x99, 0xac, 0x3, 0xff, 0x83, 0x7d, 0xd2,
    0x0, 0x7e, 0x9b, 0x5b, 0x1a, 0x89, 0x93, 0x7,
    0xf0, 0x1, 0xf0, 0x45, 0xc3, 0x93, 0x2f, 0xfa,
    0xc3, 0xf8, 0x1, 0x2, 0x10, 0xae, 0xa8, 0xc2,
    0x33, 0x51, 0x8, 0x2, 0xf4, 0x40, 0x73, 0x76,
    0xbc, 0xca, 0xb5, 0x40, 0x8, 0x1, 0xd, 0xf7,
    0x86, 0xba, 0x7e, 0x2, 0x80, 0x7d, 0xfd, 0x22,
    0x94, 0x85, 0x4a, 0x20, 0x1f, 0x5c, 0xb0, 0x11,
    0x17, 0xda, 0x40, 0x38, 0x40, 0x2f, 0x14, 0x90,
    0xd2, 0x28, 0x2, 0x9d, 0x1, 0x2b, 0x6d, 0xaf,
    0xb9, 0xa6, 0xf8, 0x10, 0xd4, 0xb4, 0x31, 0xd3,
    0xd, 0xf, 0x5b, 0x80, 0x10,

    /* U+64AD "播" */
    0x0, 0xa4, 0xc0, 0x3f, 0x8c, 0x3, 0xcc, 0xc0,
    0x34, 0x56, 0x79, 0xbe, 0xc7, 0x0, 0xe1, 0x10,
    0x35, 0xc5, 0xd3, 0x13, 0x30, 0x80, 0x3f, 0x2c,
    0x3e, 0xd8, 0xce, 0xb3, 0x80, 0x17, 0x70, 0x66,
    0x81, 0x50, 0x80, 0x2e, 0x62, 0x0, 0x27, 0x78,
    0xdc, 0x7e, 0x8e, 0xc8, 0xfa, 0x37, 0xf0, 0x9,
    0x98, 0x8, 0x9b, 0xaa, 0x3, 0x4, 0x3e, 0xdc,
    0x0, 0xf2, 0x11, 0xc2, 0x50, 0x41, 0xc1, 0x10,
    0x2, 0x10, 0xb8, 0x2c, 0x1b, 0x0, 0x1c, 0x35,
    0x88, 0x14, 0xf0, 0xaa, 0x61, 0x4a, 0x2, 0x20,
    0xcc, 0x9e, 0xe, 0xe9, 0x1e, 0xe2, 0x84, 0x42,
    0xd2, 0x20, 0x6f, 0x60, 0xbc, 0xc0, 0x6, 0xb1,
    0xbc, 0x82, 0xcc, 0x6, 0xa8, 0x7, 0xf4, 0xfd,
    0x17, 0xf8, 0x3, 0xff, 0x81, 0x3d, 0x25, 0xdc,
    0x0, 0xff, 0xe0, 0x9, 0x9, 0x91, 0x0, 0x39,
    0xa8, 0x5c, 0x2, 0x9e, 0xa3, 0xee, 0x0, 0x79,
    0x1c, 0xc0, 0x3, 0x7b, 0xbc, 0x1, 0x80,

    /* U+6536 "收" */
    0x0, 0xff, 0x10, 0x7, 0xfc, 0x7e, 0x20, 0x3,
    0xd8, 0x0, 0xff, 0xe1, 0xd8, 0x48, 0x7, 0xda,
    0xe0, 0x1e, 0x64, 0x42, 0xaf, 0x0, 0x8, 0x3,
    0xca, 0x2b, 0x76, 0xaa, 0x5d, 0x80, 0x2, 0x20,
    0xe, 0x86, 0xee, 0x95, 0x5d, 0xc0, 0xf, 0xcc,
    0x44, 0x40, 0x3, 0x18, 0x7, 0xf1, 0xc3, 0xb6,
    0x80, 0xb, 0xc0, 0x3f, 0xcf, 0x2a, 0x80, 0x22,
    0x50, 0xf, 0xe3, 0x91, 0xb2, 0x22, 0x1, 0x80,
    0x61, 0xe5, 0xa0, 0xc, 0x63, 0x5c, 0xa0, 0x19,
    0x41, 0xe0, 0xc0, 0x39, 0x9d, 0x38, 0x3, 0x2b,
    0xee, 0xa4, 0x3, 0xac, 0x9, 0x0, 0x3a, 0x8,
    0x3, 0xef, 0x2, 0x50, 0xf, 0xfe, 0x1, 0x69,
    0xdb, 0x54, 0x0, 0x7f, 0x1c, 0x68, 0x62, 0x4c,
    0x3f, 0xc8, 0x7, 0xce, 0xcb, 0x86, 0x0, 0x7c,
    0x4f, 0x0, 0xe3, 0xf5, 0xea, 0x10, 0xc, 0x76,
    0xc0,

    /* U+653E "放" */
    0x0, 0x91, 0xc0, 0x3d, 0x28, 0x1, 0xf8, 0xe0,
    0x80, 0x31, 0x31, 0x80, 0x7e, 0x71, 0xb0, 0xc,
    0x80, 0xc0, 0x1e, 0x10, 0x5, 0x58, 0x8, 0x83,
    0x54, 0x40, 0x38, 0x7b, 0xfd, 0x7b, 0xfd, 0xa0,
    0x8b, 0xff, 0xc0, 0x39, 0xa6, 0xbb, 0xb7, 0x30,
    0xe6, 0x40, 0xf6, 0x0, 0x32, 0x3, 0x22, 0xd6,
    0x42, 0x64, 0x18, 0x80, 0x1c, 0x67, 0x9c, 0x8d,
    0x0, 0xc1, 0xc0, 0x3c, 0xbb, 0xac, 0x29, 0x4c,
    0x7, 0x3, 0x0, 0xe1, 0x9e, 0xe0, 0x33, 0x35,
    0x3, 0x48, 0x3, 0xc4, 0x60, 0x1c, 0x82, 0x68,
    0xe0, 0x1c, 0x60, 0xe0, 0x10, 0x81, 0x1c, 0x1f,
    0x80, 0x72, 0x9, 0x0, 0x81, 0x80, 0x25, 0x5,
    0x40, 0x3a, 0x90, 0x0, 0x60, 0x20, 0x3, 0x3,
    0x10, 0xc, 0xa5, 0x20, 0x34, 0x20, 0x8, 0x97,
    0x3c, 0x20, 0x1, 0x52, 0x18, 0xf3, 0xbd, 0xcf,
    0x51, 0x81, 0xb6, 0x24, 0xd4, 0x3, 0x57, 0x22,
    0xbc, 0xa0, 0x5a, 0xe0, 0x21, 0x22, 0x0, 0x54,
    0x6, 0xb1, 0x0, 0xd1, 0x60,

    /* U+6548 "效" */
    0x0, 0xcc, 0x40, 0x1c, 0xce, 0x20, 0x1f, 0xa2,
    0x0, 0x1d, 0xb2, 0x20, 0x1f, 0xa5, 0x80, 0x39,
    0x20, 0x3, 0x8a, 0xee, 0xc7, 0xbb, 0x81, 0x40,
    0x8c, 0xf0, 0x9e, 0xf6, 0xf7, 0x5b, 0xa0, 0xe1,
    0x9e, 0xcd, 0xd2, 0x8b, 0x3d, 0xb2, 0xf8, 0x31,
    0x25, 0x6e, 0x82, 0xf9, 0x0, 0x10, 0x64, 0x7,
    0x25, 0x26, 0x80, 0x10, 0x80, 0x48, 0xb4, 0x21,
    0x25, 0xe2, 0x52, 0x4, 0xc, 0x0, 0x1b, 0x64,
    0x0, 0x34, 0x42, 0xe4, 0x81, 0xc0, 0x80, 0x3,
    0x99, 0x8, 0xa4, 0xd4, 0x4d, 0x3, 0x4c, 0x3,
    0x1a, 0x7, 0xd8, 0xb0, 0x1, 0x1, 0x51, 0x0,
    0x1c, 0x38, 0x8a, 0x80, 0x19, 0x60, 0xec, 0x3,
    0xe6, 0x5, 0x60, 0xb, 0xc8, 0xcc, 0x1, 0xeb,
    0x2d, 0x59, 0x30, 0x19, 0x2, 0x10, 0xc, 0x7a,
    0xba, 0x55, 0x43, 0x5f, 0x1d, 0x2f, 0x40, 0xb,
    0xc3, 0xc, 0x0, 0x7b, 0x49, 0xa5, 0xa5, 0x76,
    0x10, 0xcd, 0x20, 0xe, 0xba, 0x0, 0xe, 0x3e,
    0x8, 0x7, 0xcd, 0xa8, 0x1, 0xd0, 0xe0,

    /* U+6570 "数" */
    0x0, 0xe8, 0x20, 0x10, 0x2, 0x88, 0x7, 0xf,
    0x20, 0x3b, 0x17, 0x10, 0x54, 0x80, 0x70, 0xc5,
    0x8, 0x2, 0xd0, 0x8c, 0x2c, 0x3, 0x8c, 0xd2,
    0xa0, 0x63, 0x86, 0x82, 0x60, 0x1d, 0x71, 0x56,
    0x14, 0xb5, 0x78, 0x3f, 0xfa, 0x82, 0x36, 0x84,
    0x22, 0x1b, 0x29, 0x3b, 0xa2, 0x78, 0x0, 0x3c,
    0x50, 0x6d, 0x23, 0x81, 0x14, 0x7c, 0x41, 0x71,
    0x68, 0x19, 0x1f, 0x40, 0x60, 0x1, 0x20, 0x4,
    0x6a, 0x43, 0xab, 0xf1, 0xa6, 0x80, 0x83, 0x0,
    0x4c, 0x8e, 0x2a, 0x81, 0x1c, 0x80, 0xa2, 0x40,
    0x8, 0xab, 0x7, 0xab, 0xb3, 0xa0, 0x9e, 0x28,
    0x5, 0x7c, 0x6f, 0xdc, 0x36, 0x1, 0x58, 0x6c,
    0x0, 0xca, 0x62, 0x8a, 0x72, 0x0, 0x94, 0x16,
    0x0, 0xcb, 0x63, 0x34, 0x2e, 0x1, 0x84, 0x3,
    0xc9, 0x86, 0xd3, 0x4, 0xb8, 0xc7, 0x84, 0x0,
    0x26, 0xca, 0x89, 0x7d, 0x9a, 0x89, 0xf3, 0xd6,
    0x7, 0xba, 0xe6, 0x0, 0x28, 0x6b, 0x81, 0x7a,
    0xa8,

    /* U+6587 "文" */
    0x0, 0xf9, 0x8c, 0x3, 0xff, 0x89, 0x7e, 0x1,
    0xff, 0xc4, 0xe3, 0x60, 0xf, 0xfe, 0x19, 0xb1,
    0x80, 0x7f, 0x7f, 0xfc, 0xd5, 0xff, 0xf0, 0x2,
    0x6a, 0xcc, 0xaa, 0xb9, 0x2, 0xa6, 0x60, 0x3,
    0x2a, 0x59, 0x2a, 0xf0, 0x22, 0xb3, 0x40, 0x1c,
    0xa0, 0x60, 0x19, 0x30, 0x3, 0xf8, 0x8e, 0x80,
    0x26, 0x6, 0x0, 0xff, 0x4b, 0x10, 0x2, 0xd4,
    0x40, 0x3f, 0xca, 0x7c, 0xe, 0x50, 0x1, 0xff,
    0xc0, 0xe3, 0xb8, 0x81, 0x0, 0x7f, 0xf0, 0x9,
    0xd0, 0x18, 0x3, 0xff, 0x83, 0xe, 0xa5, 0xec,
    0x1, 0xfc, 0x51, 0xcd, 0x54, 0xd6, 0x9e, 0x83,
    0x0, 0xd1, 0xba, 0x66, 0x72, 0x80, 0x23, 0x5d,
    0xd9, 0xf4, 0x0, 0xc6, 0x9e, 0x80, 0xe, 0x29,
    0xfa, 0x58, 0x0,

    /* U+65AD "断" */
    0x0, 0xea, 0x40, 0xf, 0xe2, 0x43, 0x60, 0x41,
    0x26, 0x3, 0x46, 0x8d, 0x25, 0xb6, 0x90, 0x9,
    0x60, 0xf2, 0x34, 0x55, 0x84, 0x4e, 0x4, 0x7,
    0x32, 0x20, 0xeb, 0x98, 0x40, 0x1, 0x38, 0x0,
    0x5d, 0x80, 0x3f, 0x8b, 0x58, 0x3f, 0x14, 0x3,
    0xf9, 0xe6, 0x85, 0x67, 0xc0, 0x1f, 0x99, 0x68,
    0x1, 0x71, 0x42, 0x3a, 0xc0, 0x17, 0x24, 0xb6,
    0x1, 0x12, 0x7, 0xe0, 0x80, 0x1d, 0x4f, 0x18,
    0x2, 0x84, 0x1f, 0x38, 0x0, 0xfe, 0x45, 0x80,
    0x4, 0x32, 0x80, 0x80, 0x7b, 0x54, 0xc4, 0x16,
    0xc0, 0x40, 0x3e, 0x9a, 0x0, 0x18, 0x21, 0x90,
    0x7, 0xc4, 0x54, 0x91, 0x8d, 0xa8, 0x7, 0x8,
    0xb7, 0x69, 0xbc, 0x93, 0xd0, 0xe, 0x7f, 0xff,
    0x90, 0x90, 0x0, 0x66, 0x0, 0xfc, 0x22, 0x90,
    0xc, 0x20, 0x1f, 0x87, 0x50, 0x2, 0xe7, 0x0,

    /* U+65B0 "新" */
    0x0, 0xcb, 0x40, 0x1f, 0x8d, 0xcc, 0x3, 0x8d,
    0x44, 0x2, 0x5b, 0xdf, 0xc9, 0x90, 0x3, 0x7f,
    0xd2, 0x1d, 0xfe, 0x32, 0x5f, 0xfb, 0xa8, 0x1,
    0x35, 0x35, 0x49, 0x95, 0x10, 0x81, 0x0, 0x79,
    0x37, 0x15, 0x5f, 0x6a, 0x20, 0x1f, 0xec, 0x51,
    0x4, 0xa0, 0xf, 0xf9, 0x89, 0x5d, 0xc4, 0xc,
    0x80, 0x3f, 0xfc, 0x22, 0x88, 0x24, 0x40, 0x66,
    0x38, 0x6, 0xa8, 0x2d, 0x42, 0x2e, 0xea, 0x3,
    0xba, 0xa1, 0x35, 0x50, 0x7a, 0x80, 0x19, 0xac,
    0x6, 0x68, 0xc0, 0x3f, 0xae, 0x20, 0x81, 0x11,
    0x5f, 0x8, 0x7, 0xdb, 0x5b, 0x1, 0xdb, 0xd0,
    0x4c, 0x1, 0xfa, 0x7c, 0x0, 0xb8, 0x40, 0xa4,
    0x1, 0xf4, 0x1f, 0x0, 0x14, 0xf8, 0xc7, 0x0,
    0x3c, 0x4f, 0x44, 0x1, 0x7f, 0xa8, 0x10, 0x3,
    0xc5, 0x89, 0x56, 0x40, 0x62, 0xcc, 0x0, 0x84,
    0x40, 0x11, 0x81, 0x34, 0x80, 0x18, 0xac, 0x3,
    0xfd, 0x16, 0x80, 0x4, 0xd2, 0x0, 0xbd, 0xc0,
    0x0,

    /* U+65B9 "方" */
    0x0, 0xf1, 0xc8, 0x7, 0xff, 0x9, 0x19, 0x0,
    0x3f, 0xf8, 0x2e, 0x32, 0x1, 0xf1, 0x10, 0x47,
    0xaf, 0x84, 0x78, 0x89, 0xdb, 0xdd, 0xd5, 0x9d,
    0xdd, 0xb9, 0xdb, 0xb4, 0x86, 0x6e, 0xfe, 0xc2,
    0x2c, 0x60, 0x45, 0xfe, 0x0, 0xff, 0xe4, 0x10,
    0x77, 0xff, 0xb4, 0x3, 0xdc, 0x39, 0x9e, 0x36,
    0x0, 0xf2, 0xa8, 0xcf, 0xc2, 0x20, 0xe, 0x13,
    0xc0, 0xf, 0x19, 0x0, 0x74, 0x3, 0x0, 0x78,
    0x78, 0x3, 0x23, 0x38, 0x80, 0x70, 0x81, 0x0,
    0x45, 0x47, 0x0, 0x1e, 0x90, 0x60, 0x2, 0x61,
    0xe8, 0x6, 0x5d, 0xf7, 0x32, 0x0, 0x97, 0x4,
    0x3, 0x23, 0xba, 0xf0, 0x2,

    /* U+65E0 "无" */
    0x0, 0x2a, 0x91, 0x3f, 0xc0, 0x1a, 0xed, 0x54,
    0xbb, 0x55, 0x74, 0x80, 0x6e, 0xed, 0x3, 0xdd,
    0xda, 0x1, 0xfb, 0xc0, 0x3f, 0xfa, 0x86, 0x1,
    0xf9, 0x7f, 0xf9, 0xcb, 0xff, 0xe8, 0x4b, 0xcc,
    0xc4, 0xb4, 0x15, 0x99, 0x5d, 0xa, 0x19, 0xe2,
    0xf7, 0x4, 0x33, 0x90, 0x80, 0x39, 0x81, 0x0,
    0x3f, 0xf8, 0x36, 0xa2, 0x1, 0xff, 0xc0, 0xa2,
    0x80, 0xf, 0x88, 0x3, 0x4a, 0xc1, 0x0, 0x7d,
    0x3a, 0x5, 0x8c, 0xee, 0x0, 0x18, 0x4a, 0x21,
    0x51, 0xdd, 0xa7, 0x30, 0x1, 0xb, 0x3d, 0xda,
    0x86, 0x59, 0x9c, 0xc0, 0x1d, 0x3f, 0xfb, 0x8c,

    /* U+65E7 "旧" */
    0x0, 0xc2, 0x45, 0xfc, 0x14, 0xe0, 0x8, 0xdd,
    0xfe, 0x14, 0xd0, 0xd, 0xbd, 0xdc, 0xe0, 0x1e,
    0x10, 0x31, 0x1e, 0xf0, 0xf, 0xfe, 0xd2, 0xa2,
    0x77, 0x0, 0x7e, 0xbb, 0xf3, 0x0, 0x7e, 0xef,
    0xfe, 0x80, 0xf, 0xff, 0x4f, 0x7f, 0xf4, 0x0,
    0x7e, 0xbc, 0xce, 0x60, 0xf, 0x8, 0x29, 0x9f,
    0x70, 0x4, 0x20, 0x1f, 0xfc, 0x3, 0xeb, 0x0,
    0x4f, 0x88, 0x7, 0x3f, 0x90,

    /* U+65F6 "时" */
    0x0, 0xff, 0xe0, 0x1f, 0x20, 0x4, 0x23, 0xc0,
    0x1f, 0x8, 0x5, 0x1d, 0xdc, 0x60, 0x1f, 0x38,
    0x4, 0x3b, 0xaa, 0x1, 0x0, 0xe1, 0x0, 0xf1,
    0x10, 0x40, 0x7f, 0xfb, 0x43, 0x3d, 0xfc, 0x3,
    0x86, 0xef, 0xa4, 0x26, 0xd4, 0x5, 0x10, 0x60,
    0x4, 0x4f, 0x2, 0xa1, 0x0, 0x2e, 0xd0, 0x1,
    0x21, 0x0, 0x7e, 0x1f, 0xf5, 0x80, 0x55, 0x20,
    0x1f, 0xfc, 0x3a, 0x45, 0x0, 0xf7, 0x80, 0x7c,
    0x88, 0x30, 0xf, 0x87, 0xb9, 0x40, 0x1a, 0xd8,
    0x3, 0xf5, 0xda, 0x40, 0x3f, 0xf8, 0x22, 0xaa,
    0x41, 0x0, 0xff, 0xbc, 0x80, 0x7, 0xc4, 0x1,
    0xcc, 0x1, 0x9f, 0x0, 0x3f, 0x1f, 0x58, 0x10,
    0x7, 0xff, 0x0, 0xe6, 0x5a, 0x20, 0x0,

    /* U+662F "是" */
    0x0, 0x84, 0x7f, 0xc0, 0x1e, 0x2e, 0xef, 0xf2,
    0x0, 0x7d, 0x5d, 0xde, 0xb0, 0x70, 0xf, 0xb5,
    0x13, 0xc6, 0x1, 0xfc, 0xd7, 0x7e, 0x90, 0xf,
    0xea, 0xee, 0xf6, 0x80, 0x7c, 0x21, 0x7f, 0xfe,
    0xc0, 0x70, 0xe, 0x3c, 0xcf, 0xf2, 0x80, 0x44,
    0x88, 0x77, 0xff, 0x2a, 0x20, 0x2a, 0xbf, 0x5d,
    0x57, 0xc3, 0x1d, 0xcd, 0xce, 0xe4, 0xf, 0x77,
    0xc2, 0x1, 0x7e, 0x0, 0x42, 0x89, 0x2a, 0x84,
    0x3, 0x9, 0xb8, 0x6, 0x99, 0xa2, 0xa, 0x1,
    0x98, 0x19, 0x40, 0x3, 0xbb, 0xc8, 0x1, 0xc,
    0xaa, 0xaa, 0x9c, 0x1, 0xfe, 0xa1, 0x8a, 0x94,
    0x71, 0x97, 0x73, 0x3c, 0x52, 0x3a, 0x51, 0x3,
    0x75, 0x2a, 0x4c, 0x4c, 0x3a, 0xa3, 0xda, 0x80,
    0x65, 0xad, 0xef, 0xfe, 0x0,

    /* U+663E "显" */
    0x0, 0xb7, 0xff, 0xfd, 0x0, 0x1e, 0x5b, 0xbf,
    0xc0, 0x1f, 0x8d, 0x13, 0xf0, 0xf8, 0x7, 0x9b,
    0xff, 0xf0, 0x80, 0x7c, 0x95, 0x5f, 0x80, 0x3f,
    0x12, 0xaf, 0xe1, 0xf0, 0xe, 0x36, 0xff, 0xfc,
    0x20, 0x1e, 0xdb, 0xbf, 0xf5, 0x0, 0x71, 0xa2,
    0x34, 0x11, 0x1a, 0x28, 0x82, 0x0, 0xc8, 0x20,
    0x6, 0x30, 0x3, 0xe8, 0x1, 0x0, 0x21, 0xb8,
    0x0, 0xfe, 0x1b, 0xa0, 0x0, 0xb3, 0xc, 0x3,
    0xf4, 0x84, 0x80, 0x52, 0x30, 0x1, 0xf1, 0x3b,
    0x18, 0x6, 0x97, 0x0, 0xf9, 0x6, 0x40, 0x25,
    0x43, 0x84, 0xe, 0x44, 0x1, 0x12, 0xd1, 0x20,
    0xab, 0xaa, 0x85, 0xea, 0x80, 0x95, 0x75, 0x72,

    /* U+6682 "暂" */
    0x0, 0x91, 0x80, 0x3f, 0xf8, 0x5f, 0x80, 0x19,
    0xe2, 0xb7, 0xe4, 0x1f, 0xfc, 0x8b, 0xff, 0xc,
    0xf, 0xce, 0xc0, 0x3f, 0x1b, 0xee, 0x7f, 0x8,
    0x6a, 0xa1, 0x8, 0x1, 0xca, 0x2b, 0xc4, 0x2,
    0x9c, 0xcc, 0x61, 0x63, 0xee, 0x79, 0xa2, 0xb,
    0x47, 0x74, 0x41, 0xfd, 0xee, 0x7f, 0xe5, 0x9,
    0x70, 0x46, 0x17, 0xff, 0x9c, 0xfe, 0xb8, 0x84,
    0x3, 0x92, 0x37, 0x4c, 0x7b, 0x4b, 0x0, 0x1e,
    0x35, 0x32, 0xb8, 0x3, 0xd5, 0x1, 0xb2, 0x0,
    0xd3, 0xfb, 0x7f, 0xed, 0xff, 0xad, 0xc0, 0x38,
    0xfb, 0xbf, 0x1, 0x80, 0x61, 0x3c, 0xcf, 0xc0,
    0x1f, 0x1e, 0x67, 0xe0, 0xf, 0x8, 0x7, 0xff,
    0x10, 0xf3, 0x3f, 0x1, 0x80, 0x71, 0xee, 0xfe,
    0x0, 0xc0,

    /* U+66F4 "更" */
    0x3, 0x31, 0x17, 0xfc, 0x62, 0x5, 0x98, 0xdd,
    0xff, 0xb1, 0x80, 0xbf, 0xfd, 0x23, 0xff, 0xe7,
    0x0, 0xb7, 0xff, 0x48, 0xff, 0xee, 0x0, 0xf3,
    0x77, 0x50, 0x3d, 0xd3, 0x88, 0x7, 0x8c, 0xf7,
    0x81, 0x9c, 0x22, 0x0, 0xf2, 0xee, 0xce, 0x3b,
    0xb3, 0x0, 0x7c, 0xdf, 0xf4, 0xf, 0xfd, 0x0,
    0x1f, 0x12, 0xad, 0xa0, 0xab, 0x68, 0x80, 0x70,
    0xac, 0x44, 0xa3, 0x11, 0x39, 0x0, 0x76, 0x13,
    0xee, 0x8d, 0xf7, 0x78, 0x3, 0xdc, 0x98, 0xa7,
    0x60, 0x1f, 0xf1, 0x7b, 0xd0, 0x90, 0x7, 0xff,
    0x1, 0x5c, 0x43, 0xa9, 0x44, 0x3, 0x91, 0xa7,
    0x6d, 0x7f, 0xa8, 0x6b, 0xb9, 0x95, 0x0, 0x70,
    0x55, 0xd2, 0x20, 0xb7, 0xf7, 0x2c, 0xce, 0x7,
    0xeb, 0x71, 0x0, 0xf2, 0x3d, 0x63, 0x0,

    /* U+6700 "最" */
    0x0, 0x2f, 0x77, 0xf9, 0x0, 0x38, 0xfb, 0xbe,
    0xf1, 0x0, 0xf1, 0x7f, 0xfd, 0xc0, 0x1f, 0x17,
    0xff, 0xdc, 0x1, 0xf1, 0xf7, 0x7d, 0xe2, 0x1,
    0xcb, 0xdd, 0xfe, 0x40, 0x6, 0x7f, 0xff, 0xf0,
    0x97, 0xb4, 0x6b, 0xb8, 0x53, 0xdd, 0xdb, 0xa5,
    0x22, 0x4, 0x6e, 0x88, 0xf7, 0x7a, 0x48, 0x3,
    0x5f, 0x70, 0x82, 0x4f, 0xb8, 0xa2, 0x1, 0xd5,
    0x32, 0x20, 0x51, 0x62, 0x4f, 0x0, 0xea, 0x99,
    0x11, 0x8c, 0xc9, 0x4d, 0x40, 0x38, 0x52, 0xca,
    0x51, 0xc2, 0x98, 0x2, 0x6d, 0x18, 0xa1, 0x14,
    0xa8, 0x8c, 0xc8, 0x0, 0x54, 0xbf, 0xc8, 0x0,
    0x1e, 0x3f, 0x4d, 0xe9, 0x1c, 0xa0, 0x7, 0x52,
    0x58, 0x3e, 0x21, 0x0, 0x7b, 0x9a, 0x64, 0x1,
    0x1c, 0x80,

    /* U+6709 "有" */
    0x0, 0xf8, 0xa0, 0x80, 0x3f, 0xf8, 0x48, 0xe0,
    0x1f, 0xc2, 0x88, 0x33, 0xa8, 0x44, 0x67, 0xc8,
    0x80, 0x2b, 0xb6, 0x64, 0x63, 0x99, 0xeb, 0xb0,
    0x1f, 0xfe, 0x60, 0xef, 0xff, 0xc0, 0x1c, 0x6c,
    0xa6, 0x45, 0xe1, 0x0, 0xe1, 0xe0, 0x5d, 0xdf,
    0x9c, 0x3, 0xa8, 0x97, 0xff, 0xdc, 0x6, 0x1,
    0xad, 0x0, 0x4, 0x5e, 0x30, 0xc, 0x58, 0x94,
    0x4b, 0xbb, 0xf0, 0x6, 0xf3, 0xa5, 0x5, 0xff,
    0xf7, 0x0, 0x6f, 0xc5, 0x0, 0x9, 0x17, 0xc0,
    0x18, 0x8c, 0x2, 0x4d, 0xdf, 0x60, 0x7, 0xf2,
    0xff, 0xfb, 0x80, 0x3f, 0xfa, 0x95, 0xa0, 0x20,
    0x1e, 0x30, 0xf, 0x9, 0x32, 0x0, 0x7b, 0xa8,
    0x3, 0xaf, 0xa4, 0x0,

    /* U+670D "服" */
    0x0, 0x67, 0x76, 0x41, 0xff, 0xf3, 0x0, 0x42,
    0xf7, 0x61, 0x0, 0xa7, 0x31, 0x60, 0x60, 0x1b,
    0xd5, 0x40, 0x1, 0x5, 0x33, 0x28, 0x8, 0x7,
    0xff, 0x4, 0x98, 0x18, 0x3, 0x4f, 0xf8, 0x3,
    0xdf, 0xa, 0x40, 0x19, 0xf3, 0x0, 0x19, 0xc3,
    0xfa, 0x80, 0x3b, 0x8c, 0xc0, 0x1a, 0xff, 0x7b,
    0xfc, 0x1, 0x19, 0x80, 0x3c, 0xe1, 0x9a, 0xa6,
    0x1, 0xab, 0xfc, 0x1, 0xac, 0x58, 0x99, 0x40,
    0x21, 0x9c, 0xc0, 0x7, 0x26, 0x1, 0xe0, 0x0,
    0x81, 0xc, 0xc0, 0x1d, 0xec, 0xe0, 0xa0, 0x7,
    0x2, 0x0, 0xf9, 0x46, 0x18, 0x2, 0xc3, 0x0,
    0xfe, 0x70, 0x10, 0x9, 0xd0, 0x0, 0x20, 0x1c,
    0x8c, 0xae, 0xe0, 0x51, 0xb0, 0x8e, 0x6, 0x10,
    0x4b, 0x6a, 0x88, 0x52, 0xc9, 0x85, 0xa5, 0x10,
    0x4, 0xb2, 0xf, 0x52, 0xc, 0x0, 0x3b, 0x50,
    0x1f, 0x7a, 0x0, 0x94, 0xc0,

    /* U+671F "期" */
    0x0, 0x13, 0x0, 0x4c, 0x60, 0x1f, 0xe7, 0x90,
    0xa, 0x6c, 0xa, 0xef, 0x98, 0x4, 0xc0, 0x47,
    0x0, 0x89, 0x33, 0xb8, 0x9c, 0x1b, 0x21, 0xdd,
    0xb, 0xd0, 0x1, 0x15, 0x43, 0xe1, 0x94, 0x1f,
    0xf0, 0xc5, 0x88, 0x7, 0xf9, 0x12, 0x10, 0xc,
    0x89, 0x8, 0x7, 0x44, 0x40, 0x1d, 0x51, 0x0,
    0xf, 0x66, 0x42, 0x1, 0xbb, 0x30, 0x20, 0x1d,
    0xff, 0x8, 0x0, 0x40, 0x3f, 0xdd, 0xd0, 0x80,
    0x6a, 0x77, 0x8, 0x0, 0xc8, 0xc, 0xe0, 0xe2,
    0x70, 0x5b, 0xb0, 0x0, 0xf6, 0x47, 0x32, 0x7,
    0x92, 0xc, 0xc8, 0x40, 0xfb, 0xe7, 0xb9, 0x95,
    0xd7, 0x84, 0x1, 0xf5, 0xc9, 0x2, 0xda, 0xa,
    0xa8, 0x3, 0xce, 0xba, 0x40, 0xe9, 0x16, 0x14,
    0x1, 0xc3, 0x32, 0x30, 0xa, 0x91, 0x5c, 0x80,
    0x6c, 0x46, 0xe6, 0x0, 0xc3, 0x4d, 0x0, 0x1,
    0x13, 0xb0,

    /* U+672A "未" */
    0x0, 0xfd, 0xce, 0x1, 0xff, 0xc4, 0x10, 0xf,
    0xfe, 0x28, 0x80, 0x7f, 0xd3, 0xdd, 0xc3, 0x1d,
    0xdb, 0xc4, 0x3, 0x5d, 0x6e, 0xe0, 0x6d, 0xda,
    0xac, 0x40, 0x31, 0x21, 0x9e, 0x1e, 0x33, 0x91,
    0x0, 0x1f, 0xfc, 0xaf, 0xff, 0x86, 0x3f, 0xfd,
    0x0, 0xc, 0xdd, 0xd0, 0x1, 0x2e, 0xed, 0x98,
    0x90, 0x1, 0x91, 0x47, 0x2a, 0x26, 0xac, 0x44,
    0x33, 0x8, 0x7, 0xac, 0x6c, 0x2d, 0x28, 0x80,
    0x3f, 0xa5, 0x68, 0x40, 0x14, 0x1e, 0x20, 0x1f,
    0x4b, 0x3a, 0x80, 0x43, 0x45, 0xe8, 0x1, 0x8b,
    0x19, 0xe0, 0x3, 0x92, 0xc2, 0xec, 0xa0, 0x38,
    0x73, 0x0, 0x1f, 0x27, 0xa2, 0x38, 0x7, 0x6d,
    0x80, 0x30, 0xf8, 0x4, 0x37, 0x69, 0x0, 0x1a,
    0x0, 0x7f, 0xf0, 0x10, 0x80,

    /* U+672C "本" */
    0x0, 0xfd, 0x4c, 0x1, 0xff, 0xc3, 0x51, 0x0,
    0xff, 0xe1, 0x88, 0x7, 0xf8, 0x40, 0x3d, 0xe0,
    0x1c, 0x20, 0x9, 0xef, 0xfe, 0x17, 0xff, 0xee,
    0x30, 0xbc, 0xdd, 0xa4, 0x2, 0x3d, 0xdd, 0x86,
    0x4, 0x64, 0x56, 0xa0, 0xa9, 0x98, 0x8a, 0x30,
    0xf, 0x12, 0x78, 0x69, 0xc0, 0x7, 0xfb, 0x8d,
    0x0, 0x12, 0xc4, 0x1, 0xf9, 0x8f, 0xc0, 0x25,
    0x4f, 0x0, 0xf9, 0x25, 0x8c, 0x3, 0x49, 0x60,
    0x80, 0x63, 0xb3, 0x90, 0xe, 0x2b, 0x3c, 0x20,
    0x3, 0xe0, 0xff, 0xe1, 0x8f, 0xfa, 0xcb, 0x5c,
    0xa4, 0xbc, 0xee, 0xd8, 0xd, 0x97, 0x9, 0xa6,
    0xa5, 0x98, 0x10, 0x44, 0x18, 0x9, 0xa1, 0x81,
    0x61, 0x1, 0x8, 0x7, 0xff, 0x4c,

    /* U+673A "机" */
    0x0, 0x89, 0x84, 0x3, 0xff, 0x86, 0x92, 0x1,
    0x91, 0x38, 0x40, 0x3c, 0x60, 0x18, 0xae, 0xf9,
    0x0, 0x3f, 0xf8, 0x39, 0xfa, 0x2, 0x1, 0xb7,
    0x56, 0x19, 0xd0, 0x1, 0xff, 0x44, 0xa8, 0x45,
    0x58, 0x0, 0x40, 0x3f, 0x2a, 0x30, 0x22, 0xc,
    0x3, 0xff, 0x80, 0x44, 0x2, 0x20, 0x7, 0xff,
    0x6, 0x80, 0x1d, 0x20, 0x20, 0x60, 0x1f, 0xcc,
    0x41, 0x28, 0xce, 0x1, 0xfe, 0x61, 0xa0, 0x56,
    0x51, 0x1, 0x0, 0xfd, 0x8, 0x40, 0x9, 0x32,
    0x20, 0x7, 0xe2, 0x1f, 0x0, 0xed, 0x70, 0xf,
    0xc5, 0xa8, 0x1, 0xcb, 0x80, 0x1f, 0xc4, 0x1,
    0xce, 0xe, 0x1, 0xc5, 0xe6, 0x1, 0xe4, 0x87,
    0x10, 0x1, 0x87, 0x50, 0x8, 0x4, 0x60, 0x2,
    0x38, 0x0, 0x85, 0x15, 0xd0, 0x80, 0x26, 0xf1,
    0x6c, 0x0, 0xeb, 0xff, 0x58, 0x0,

    /* U+675F "束" */
    0x0, 0xfc, 0xa6, 0x1, 0xff, 0xc4, 0xab, 0x0,
    0xfe, 0x45, 0x5f, 0x1, 0x2a, 0xfc, 0x0, 0x8b,
    0xbf, 0x2, 0xdd, 0xfc, 0x0, 0xce, 0xef, 0xc,
    0x77, 0x7c, 0x1, 0xa, 0xaf, 0xe, 0xaa, 0xf0,
    0x80, 0x62, 0xa8, 0x8c, 0x9, 0x11, 0xa9, 0x40,
    0x3d, 0xfb, 0xb0, 0xce, 0xed, 0x80, 0x1f, 0x9c,
    0xce, 0x1e, 0x33, 0x94, 0x3, 0xf5, 0x66, 0x40,
    0xd9, 0x95, 0x80, 0x78, 0xff, 0xe8, 0x0, 0x8,
    0x5f, 0xfc, 0x80, 0x1f, 0x24, 0x48, 0xb9, 0xd0,
    0x80, 0x7f, 0x2d, 0xab, 0x0, 0x38, 0x74, 0x3,
    0xf4, 0x52, 0x50, 0x4, 0x56, 0x7a, 0x60, 0x18,
    0xf1, 0xd6, 0xc0, 0x39, 0x30, 0xf2, 0x90, 0x1,
    0x27, 0x14, 0x1, 0x8, 0x4, 0x7e, 0xcb, 0xe0,
    0xb, 0xd7, 0x0, 0xfe, 0x19, 0xd9, 0x0,

    /* U+6765 "来" */
    0x0, 0xfc, 0xc6, 0x1, 0xff, 0xc4, 0x9b, 0x0,
    0xff, 0x10, 0x8f, 0x80, 0x47, 0x10, 0x80, 0x6d,
    0xee, 0xe1, 0x7e, 0xed, 0xb2, 0x1, 0xb7, 0xaf,
    0xba, 0x17, 0xee, 0x56, 0xea, 0x40, 0x31, 0xd,
    0x48, 0x88, 0x3c, 0x42, 0xa8, 0x42, 0x1, 0xeb,
    0x73, 0x0, 0xd0, 0x30, 0x1, 0xf9, 0x5c, 0x40,
    0x3a, 0x80, 0x3d, 0xff, 0x9f, 0x7c, 0x63, 0xda,
    0xff, 0xea, 0x0, 0x55, 0xde, 0x51, 0x0, 0xae,
    0xfa, 0x40, 0xa, 0x89, 0x3a, 0xd8, 0xb0, 0xfa,
    0x26, 0x30, 0xe, 0x2d, 0x45, 0xe, 0xa4, 0xb0,
    0xf, 0xc7, 0x87, 0x60, 0x12, 0x42, 0x69, 0x80,
    0x73, 0x60, 0x78, 0x7, 0x3c, 0x96, 0x52, 0x0,
    0x32, 0x4b, 0xc8, 0x0, 0x20, 0x13, 0x58, 0xae,
    0x80, 0x29, 0x30, 0x40, 0x37, 0x80, 0x49, 0xef,
    0x20, 0x6, 0xb1, 0x0, 0xff, 0xc, 0x0, 0x0,

    /* U+677F "板" */
    0x0, 0x89, 0x40, 0x3f, 0xc2, 0x1, 0xc9, 0x40,
    0x18, 0x49, 0x1a, 0x77, 0xc4, 0x3, 0x18, 0x80,
    0x5d, 0xcd, 0xaa, 0x1a, 0xc1, 0x80, 0x7f, 0xa3,
    0xfb, 0x2a, 0x18, 0x80, 0x15, 0x90, 0x39, 0x82,
    0x31, 0x0, 0xfe, 0xe8, 0x60, 0x89, 0x20, 0x8d,
    0xde, 0xc0, 0x9, 0x10, 0xc2, 0x8a, 0x0, 0x42,
    0x99, 0x99, 0xc0, 0x31, 0x10, 0x18, 0x80, 0xf0,
    0x1d, 0x10, 0xe6, 0x1, 0xac, 0x1, 0x70, 0x0,
    0x34, 0xb0, 0x1, 0xe0, 0x4, 0x2c, 0xa1, 0xa,
    0x42, 0xd8, 0xa0, 0x80, 0xa0, 0x15, 0x97, 0x82,
    0xd9, 0x80, 0xa9, 0x1e, 0xa0, 0x80, 0x9, 0x64,
    0x2, 0x45, 0x2, 0x22, 0xc3, 0x78, 0x4, 0x54,
    0x80, 0x1b, 0x4c, 0x1, 0x8, 0x68, 0x1, 0x94,
    0x3, 0x9e, 0xc0, 0x8, 0x4, 0x60, 0x1f, 0xd0,
    0x2c, 0xf, 0x32, 0x5c, 0x50, 0xe, 0x31, 0x47,
    0x71, 0xdc, 0x4b, 0x5a, 0xd5, 0x80, 0x79, 0x22,
    0xa, 0xab, 0x60, 0x5, 0x41, 0x80, 0x66, 0xf0,
    0x70, 0x7e, 0x40, 0xc, 0xf0, 0x0,

    /* U+6784 "构" */
    0x0, 0x85, 0xc4, 0x2, 0x56, 0x0, 0xfe, 0x28,
    0x30, 0xb, 0xec, 0x3, 0xff, 0x86, 0xb6, 0x1,
    0xff, 0xc2, 0x60, 0xc9, 0x9f, 0x5, 0x7e, 0x6,
    0xf8, 0xd9, 0x98, 0x3, 0x2b, 0x84, 0x62, 0x85,
    0xe3, 0x96, 0xcc, 0xf5, 0x80, 0x8, 0xdc, 0x18,
    0xed, 0xc9, 0xc0, 0x38, 0xc0, 0x6, 0x40, 0xe9,
    0x93, 0x70, 0x40, 0x1f, 0x48, 0x84, 0x48, 0x89,
    0x5c, 0x8c, 0x3, 0x8d, 0x64, 0x20, 0x95, 0xa,
    0x4f, 0x14, 0x3c, 0x43, 0x8d, 0x1, 0xe1, 0x21,
    0xc4, 0xc7, 0xc0, 0x24, 0x2e, 0x0, 0x9d, 0x8c,
    0x66, 0x81, 0x0, 0x5d, 0x30, 0x80, 0x30, 0x83,
    0x99, 0x20, 0x91, 0x88, 0x18, 0x7, 0x36, 0xf5,
    0x44, 0x24, 0x84, 0x3, 0xf8, 0x80, 0x22, 0x60,
    0x52, 0x0, 0xff, 0xe0, 0x3d, 0x60, 0xe0, 0x4,
    0xe0, 0x20, 0x1f, 0x28, 0x4a, 0x0, 0x49, 0xe6,
    0x1, 0xe7, 0xfc, 0x60,

    /* U+6790 "析" */
    0x0, 0xcc, 0x60, 0x1f, 0xc4, 0x1, 0xe9, 0x50,
    0x9, 0x1a, 0x27, 0x3f, 0x54, 0x3, 0xc6, 0x1,
    0x55, 0x90, 0xd6, 0x72, 0x80, 0x7f, 0x8e, 0xa9,
    0xc, 0x62, 0x1, 0x5f, 0xf8, 0x2b, 0xf4, 0x3,
    0xfe, 0x9d, 0xa0, 0x9d, 0xf0, 0xf, 0xf8, 0x89,
    0x80, 0x64, 0x40, 0x4, 0xf7, 0x79, 0x80, 0x26,
    0xd, 0xb0, 0x9, 0xea, 0x8c, 0x35, 0x44, 0x0,
    0x30, 0x3, 0xd1, 0xc0, 0xfd, 0x11, 0xc2, 0x88,
    0x20, 0x4, 0x30, 0x12, 0xc0, 0x88, 0xc0, 0x3f,
    0x40, 0xd8, 0x2, 0x64, 0x0, 0x60, 0xf, 0x8d,
    0xd8, 0x80, 0x6, 0xca, 0x4, 0x1, 0xf1, 0xac,
    0x0, 0x76, 0x10, 0x80, 0x7e, 0xa1, 0x0, 0xe6,
    0x70, 0xf, 0xfe, 0x1b, 0xf, 0x0, 0x7f, 0xf0,
    0x8e, 0x49, 0x0, 0x21, 0x10, 0x7, 0xe3, 0x25,
    0x80, 0xf, 0xfe, 0xe, 0xb0, 0xd2, 0x80, 0x67,
    0xf0, 0x8,

    /* U+679C "果" */
    0x0, 0xc2, 0x3f, 0xe0, 0xf, 0x77, 0x7f, 0xde,
    0x1, 0xc6, 0xdf, 0xf1, 0x47, 0xfd, 0x20, 0x1f,
    0xfc, 0x51, 0x0, 0xf3, 0x7f, 0xc5, 0x1f, 0xf4,
    0x80, 0x7c, 0xdd, 0xd1, 0x3f, 0x75, 0x0, 0x1f,
    0x84, 0x60, 0xf1, 0x1e, 0x0, 0xe3, 0x6f, 0xf8,
    0xa3, 0xfe, 0x90, 0xf, 0x7f, 0x76, 0x27, 0xee,
    0xe0, 0xb, 0x7b, 0x33, 0x89, 0xb3, 0x3b, 0x94,
    0x22, 0xe6, 0x60, 0x11, 0x20, 0x8a, 0x66, 0x87,
    0x5, 0x52, 0x20, 0xcb, 0x8f, 0x64, 0xc1, 0x10,
    0xc4, 0x1, 0xa2, 0x22, 0x0, 0x2a, 0x5a, 0x80,
    0x71, 0xe3, 0xbc, 0x1, 0xac, 0xea, 0xd0, 0x1,
    0x78, 0x75, 0x0, 0x1e, 0xc7, 0x4b, 0x80, 0x34,
    0xd5, 0x0, 0x8f, 0xc0, 0x28, 0xd6, 0xa0, 0x8b,
    0x20, 0xf, 0xf1, 0x49, 0x0,

    /* U+67E5 "查" */
    0x0, 0xf9, 0x50, 0x3, 0xff, 0x87, 0xda, 0x1,
    0xf8, 0x55, 0x7c, 0xe4, 0xab, 0xe1, 0x5, 0xab,
    0xba, 0xa8, 0x69, 0x54, 0xbb, 0xca, 0x9, 0xfd,
    0xcc, 0x7, 0x46, 0x61, 0x7f, 0x74, 0x80, 0x18,
    0xbd, 0x20, 0x1, 0x2d, 0xe8, 0x1, 0xe5, 0xc6,
    0xb0, 0xd, 0x69, 0x78, 0xa0, 0x5, 0xca, 0x49,
    0x22, 0x39, 0x91, 0x21, 0xca, 0xb8, 0x49, 0xb5,
    0x77, 0x63, 0x5d, 0xd9, 0xfa, 0xa8, 0x2f, 0x44,
    0x35, 0xff, 0xea, 0x10, 0x54, 0x0, 0xea, 0xff,
    0xf5, 0x0, 0x7e, 0x19, 0xee, 0xf4, 0x88, 0x7,
    0xe8, 0xcc, 0xf4, 0x0, 0x7e, 0xba, 0x99, 0xf5,
    0x58, 0x7, 0xc8, 0x9f, 0xe0, 0xc, 0x28, 0x67,
    0xff, 0xc2, 0x5, 0xbc, 0xdd, 0xff, 0x66, 0x34,
    0x0,

    /* U+6807 "标" */
    0x0, 0x8e, 0x0, 0x3f, 0xf8, 0x8a, 0xe0, 0x1,
    0x44, 0xfc, 0x20, 0x18, 0xc4, 0x0, 0x57, 0x7f,
    0x88, 0x3, 0xf1, 0xff, 0xfe, 0x30, 0x5, 0xda,
    0x46, 0xac, 0xc0, 0x3f, 0xec, 0xd1, 0xc, 0xc0,
    0x80, 0x7f, 0xce, 0xc6, 0x2c, 0xfb, 0xff, 0xfc,
    0x1, 0x18, 0x8a, 0xca, 0xae, 0xe4, 0x3b, 0xbc,
    0x1, 0x58, 0xb, 0x4a, 0xa2, 0x44, 0xe8, 0x98,
    0x2, 0x63, 0x8, 0x43, 0x44, 0x0, 0x67, 0x10,
    0xa, 0x6, 0x81, 0x58, 0xbe, 0x80, 0x22, 0x8b,
    0x0, 0x1b, 0xc1, 0x80, 0x24, 0x52, 0x40, 0x22,
    0x65, 0x30, 0x14, 0x70, 0xc, 0xe0, 0xc0, 0x1a,
    0x2, 0x0, 0xac, 0x3, 0xa5, 0x44, 0x3, 0xb,
    0x21, 0x80, 0x78, 0xc2, 0x40, 0x6, 0x1, 0x5d,
    0x18, 0x4, 0x62, 0x7, 0xc6, 0xda, 0xa4, 0x0,
    0x25, 0x0, 0xff, 0x28, 0xbc, 0x0, 0x70,

    /* U+683C "格" */
    0x0, 0x85, 0xc4, 0x3, 0x18, 0x7, 0xf8, 0xe0,
    0xc0, 0x24, 0xc3, 0x0, 0xff, 0xe1, 0xf9, 0x32,
    0xac, 0x60, 0x1f, 0xe4, 0x40, 0xf7, 0x26, 0x98,
    0x2, 0x9e, 0xc0, 0xce, 0x29, 0xb, 0xb9, 0x9,
    0x40, 0x2a, 0xa2, 0x85, 0xd4, 0x9e, 0x49, 0x11,
    0xe0, 0x3, 0x1a, 0x30, 0xa, 0x46, 0x9c, 0xff,
    0x2a, 0x80, 0x38, 0xc8, 0x2a, 0xc, 0xc0, 0x84,
    0x78, 0x1, 0xe9, 0x30, 0x86, 0x3, 0xad, 0x99,
    0x46, 0xb9, 0x80, 0x9, 0x64, 0x12, 0xbb, 0x4b,
    0xd9, 0x9d, 0x53, 0xe0, 0x8, 0x47, 0x0, 0x25,
    0x4a, 0xe6, 0xed, 0x53, 0xa0, 0x2b, 0x0, 0x19,
    0x3c, 0xfb, 0xb1, 0xf8, 0x80, 0xe9, 0x80, 0x77,
    0x81, 0x9e, 0xf, 0x0, 0x88, 0x3, 0xff, 0x9a,
    0x39, 0x98, 0x40, 0x3f, 0xef, 0x8, 0x8c, 0x1e,
    0x1, 0xff, 0xa, 0x26, 0x10, 0xf, 0x16, 0x90,
    0x2, 0x38, 0x3, 0x74, 0x0, 0x0,

    /* U+6846 "框" */
    0x0, 0xc2, 0x1, 0xff, 0xc4, 0x8e, 0x0, 0x84,
    0x7f, 0xc0, 0x17, 0x88, 0x1, 0xbb, 0xff, 0xf3,
    0x0, 0x42, 0x1, 0x18, 0xf7, 0x7e, 0x70, 0x43,
    0xe0, 0x34, 0x0, 0x90, 0xcf, 0xc0, 0xf, 0xe6,
    0x1e, 0x90, 0x0, 0xcf, 0xee, 0x7f, 0x58, 0x2,
    0xf4, 0x87, 0x74, 0x0, 0x1d, 0xc8, 0x1c, 0xd8,
    0x0, 0x84, 0xc0, 0x80, 0x3f, 0xf8, 0x4c, 0x3,
    0xaa, 0x1, 0x7f, 0xa4, 0x7f, 0xcc, 0x1, 0x4a,
    0xa, 0xc0, 0x5, 0xfe, 0x91, 0xff, 0x30, 0x2,
    0x3, 0x42, 0x54, 0x3, 0xfe, 0x17, 0x90, 0x1,
    0xc0, 0x4, 0x23, 0x0, 0x88, 0x80, 0x65, 0xc0,
    0x3c, 0x9f, 0xe9, 0xf, 0xf6, 0x0, 0x18, 0x3,
    0xe4, 0xee, 0xf8, 0x3, 0xf1, 0x81, 0x17, 0xe1,
    0x0, 0x84, 0x40, 0x3, 0x37, 0xff, 0xd9, 0x0,
    0x17, 0x80, 0x4b, 0xbb, 0xfb, 0xa4,

    /* U+68C0 "检" */
    0x0, 0x8d, 0xc0, 0x38, 0xd4, 0x3, 0xf9, 0xa0,
    0x3, 0xa2, 0x84, 0x3, 0xf8, 0x40, 0x31, 0x21,
    0x58, 0x7, 0xff, 0xa, 0xf, 0x11, 0x80, 0x3a,
    0xbe, 0x87, 0xfc, 0x2a, 0xaf, 0x1b, 0x97, 0x0,
    0xd1, 0x8a, 0x19, 0x6b, 0x4c, 0x60, 0xb1, 0xc,
    0x40, 0x1, 0x1b, 0x89, 0x85, 0x9b, 0x7f, 0xd7,
    0x47, 0x64, 0x0, 0x32, 0x0, 0x9, 0xee, 0x66,
    0xe5, 0xea, 0x20, 0x4, 0x80, 0xeb, 0x60, 0x9a,
    0xa8, 0xc9, 0xdc, 0xa0, 0x2, 0x56, 0x16, 0xf6,
    0xd0, 0xdb, 0x0, 0x55, 0x0, 0x2e, 0x3c, 0x8,
    0x43, 0x24, 0xf2, 0x2d, 0x20, 0x2, 0x24, 0x0,
    0xe, 0x14, 0xb9, 0x2, 0x94, 0x54, 0x0, 0x58,
    0x80, 0x1c, 0xaa, 0x18, 0xcb, 0x60, 0xc, 0x40,
    0x1e, 0xa8, 0x17, 0x63, 0xa0, 0xf, 0xe3, 0x56,
    0x34, 0x44, 0x13, 0x2a, 0x80, 0x38, 0x42, 0xa2,
    0x67, 0x38, 0x4c, 0x40, 0x3, 0x18, 0x2, 0x77,
    0x7f, 0xc0,

    /* U+6B21 "次" */
    0x0, 0xfc, 0x22, 0x0, 0xff, 0xe2, 0x37, 0x10,
    0x7, 0xe4, 0xd1, 0x0, 0xd6, 0x84, 0x1, 0xf9,
    0x4f, 0x40, 0x22, 0x3c, 0x44, 0xf0, 0x4, 0x3a,
    0x72, 0x0, 0xb0, 0x8b, 0xbf, 0x0, 0x63, 0x86,
    0x41, 0x69, 0xff, 0xe3, 0x40, 0xe, 0x79, 0x48,
    0x26, 0x7, 0x30, 0x13, 0xd0, 0xf, 0x31, 0x34,
    0x0, 0x21, 0x1, 0xc1, 0xc0, 0x3c, 0x25, 0xca,
    0x1, 0x8, 0x37, 0x8, 0x7, 0xbd, 0x84, 0x0,
    0x60, 0x20, 0x1, 0x0, 0xf3, 0x8a, 0x0, 0x4a,
    0x16, 0x1, 0xf8, 0x65, 0xc8, 0x2, 0xa4, 0x33,
    0x0, 0x7d, 0x61, 0x0, 0x13, 0x1c, 0xb7, 0x8,
    0x7, 0x2a, 0xac, 0x2, 0x49, 0x82, 0x83, 0xc1,
    0x0, 0x86, 0x8d, 0x40, 0xf, 0x6c, 0xe0, 0x38,
    0x7e, 0xa0, 0x1, 0xaf, 0x4, 0xc8, 0x79, 0x0,
    0x8b, 0xe, 0xb0, 0x41, 0x4c, 0x0, 0x37, 0x0,
    0x1c, 0x5a, 0xf6, 0x20, 0x19, 0x35, 0x0, 0x3f,
    0x43, 0x80,

    /* U+6B62 "止" */
    0x0, 0xfc, 0x26, 0x1, 0xff, 0xc3, 0x4c, 0x30,
    0xf, 0xfe, 0x10, 0x80, 0x80, 0x7f, 0xf3, 0x92,
    0x84, 0x3, 0xff, 0x84, 0x4a, 0x1, 0xcc, 0x45,
    0xc0, 0x1f, 0xf5, 0xee, 0xe8, 0x0, 0xff, 0xb3,
    0x77, 0x58, 0x7, 0xfc, 0x24, 0x58, 0x40, 0x3f,
    0xff, 0xe0, 0x1f, 0xf1, 0xff, 0x48, 0x7f, 0x72,
    0xc3, 0x3b, 0xb7, 0xf1, 0x4c, 0x55, 0x2e, 0xea,
    0xa5, 0xdf, 0x4d, 0x80,

    /* U+6B63 "正" */
    0x0, 0xff, 0xe2, 0xdf, 0xff, 0xff, 0x4, 0x1,
    0x17, 0x7c, 0xe1, 0x77, 0xe0, 0x1, 0xa2, 0x76,
    0x82, 0xa2, 0x70, 0x7, 0xff, 0x1c, 0xf0, 0xc0,
    0x3f, 0xf8, 0x2e, 0x60, 0x1c, 0xa6, 0x72, 0x10,
    0x7, 0xfa, 0xf3, 0x2b, 0xb0, 0x7, 0xfb, 0xbf,
    0xf4, 0x80, 0x7f, 0xfd, 0x59, 0x98, 0x16, 0xcc,
    0xc0, 0x76, 0x6c, 0xe9, 0x70, 0xc2, 0xd1, 0x7,
    0x18, 0x8e, 0x9c,

    /* U+6B65 "步" */
    0x0, 0xfc, 0xa4, 0x1, 0xff, 0xc3, 0xa5, 0x0,
    0xff, 0xc, 0x10, 0x4, 0x20, 0x1f, 0xe3, 0x71,
    0x0, 0xa7, 0xff, 0x48, 0x7, 0xf8, 0x5f, 0x76,
    0xcb, 0x0, 0xff, 0xb8, 0x8a, 0x32, 0x0, 0x1a,
    0xa9, 0x1, 0x15, 0x43, 0xea, 0xbe, 0x9, 0xbb,
    0x40, 0xcd, 0xd8, 0x5e, 0xef, 0xc5, 0x5d, 0xdf,
    0x3d, 0x77, 0x78, 0x80, 0x33, 0xd8, 0x83, 0x18,
    0x6, 0x50, 0xe, 0x48, 0x11, 0x0, 0x88, 0x2,
    0xaa, 0x20, 0x4, 0x96, 0xd4, 0x1, 0xe8, 0x58,
    0x40, 0x2, 0xdb, 0x48, 0x7, 0xa9, 0xe5, 0xc0,
    0x2d, 0x79, 0x0, 0xef, 0xd5, 0xb6, 0x0, 0xd1,
    0x0, 0x8, 0x58, 0x59, 0xf9, 0x0, 0x31, 0xbc,
    0x55, 0xf7, 0x21, 0xb6, 0x84, 0x3, 0x8e, 0x94,
    0x4e, 0x37, 0xa4, 0x80, 0x3e,

    /* U+6BB5 "段" */
    0x0, 0xf1, 0x80, 0x7f, 0xf0, 0x51, 0xeb, 0xb0,
    0x43, 0xbf, 0xf1, 0x0, 0x75, 0x50, 0xaf, 0x44,
    0x0, 0xfb, 0x60, 0x60, 0x1c, 0x75, 0xa, 0x40,
    0x17, 0x13, 0x0, 0x7f, 0xc2, 0x0, 0x12, 0x0,
    0xff, 0x47, 0xfb, 0x81, 0x81, 0x0, 0x2b, 0x74,
    0x0, 0xcf, 0xbb, 0xc, 0x38, 0x0, 0x9c, 0x71,
    0xc0, 0x37, 0x91, 0x43, 0x90, 0x1, 0x45, 0xd8,
    0xc0, 0x36, 0xb3, 0x41, 0xf9, 0x9e, 0x20, 0xe,
    0x4a, 0xba, 0xb, 0x34, 0x99, 0x31, 0x90, 0x7,
    0x4e, 0x6e, 0x3, 0x18, 0xaa, 0x99, 0x40, 0x3f,
    0x88, 0x1, 0x6e, 0x4, 0x7c, 0x1, 0x8c, 0xd7,
    0x6e, 0xd2, 0x6, 0x17, 0x93, 0x40, 0x9, 0x70,
    0x44, 0x77, 0xa4, 0x3, 0x10, 0x4f, 0x0, 0xc9,
    0x85, 0x50, 0xa4, 0x0, 0x2c, 0x0, 0x20, 0x80,
    0x42, 0x60, 0x18, 0x9f, 0x34, 0x31, 0xe3, 0xb2,
    0x0, 0x23, 0xf0, 0xa, 0x57, 0x2c, 0xe3, 0x9c,
    0x7c, 0x2, 0xe8, 0x0, 0x17, 0x49, 0x80, 0x43,
    0x1a, 0xe0,

    /* U+6C42 "求" */
    0x0, 0xfc, 0xc6, 0x0, 0x20, 0xf, 0xfe, 0xc,
    0xd8, 0xe, 0xd8, 0x7, 0xff, 0x0, 0x40, 0x3,
    0x8b, 0x40, 0x18, 0xd0, 0xcf, 0x80, 0x4c, 0xc1,
    0x1e, 0x86, 0x0, 0xaa, 0x6e, 0xf0, 0xb6, 0xed,
    0x17, 0x52, 0x0, 0x9e, 0xef, 0xb, 0x77, 0x7a,
    0x80, 0x22, 0xb2, 0x0, 0xc8, 0x1, 0xc, 0x0,
    0x70, 0xae, 0x18, 0x4, 0x48, 0x0, 0xa7, 0x40,
    0xc, 0x7e, 0x78, 0x20, 0x1, 0x90, 0xa5, 0xd4,
    0x0, 0xe1, 0xcc, 0x6, 0xb, 0x1e, 0xbf, 0x90,
    0x7, 0xc2, 0x1e, 0xe0, 0x8, 0x2e, 0x10, 0xf,
    0xcd, 0x8d, 0x62, 0xc, 0x7c, 0x20, 0x1e, 0x1b,
    0x9a, 0x80, 0xd, 0xc7, 0xe4, 0x1, 0x9f, 0x9b,
    0x54, 0x3, 0x8b, 0xf, 0x60, 0x40, 0x1c, 0x98,
    0x40, 0x1, 0x17, 0x80, 0xb, 0x11, 0xd8, 0x1,
    0x36, 0x20, 0xa, 0xe0, 0x30, 0x8, 0x6f, 0x1c,
    0x3, 0xe9, 0xae, 0x40, 0xe, 0x30, 0x0,

    /* U+6CA1 "没" */
    0x0, 0x30, 0x7, 0xff, 0xd, 0x66, 0xc4, 0x7,
    0x77, 0xc2, 0x1, 0x96, 0xd7, 0x8, 0xa, 0xe6,
    0x54, 0x40, 0x1e, 0x4c, 0x63, 0x30, 0x22, 0x46,
    0x1, 0xc6, 0xc0, 0x56, 0x2e, 0x4, 0x1, 0xfa,
    0xe6, 0x40, 0x14, 0xa8, 0x4, 0xe0, 0xc8, 0xa1,
    0x14, 0xd8, 0x38, 0x56, 0x1, 0x1a, 0x4d, 0x78,
    0x1, 0x72, 0x46, 0xf0, 0x40, 0x35, 0xf7, 0x28,
    0x2, 0x35, 0x5, 0xde, 0xef, 0x88, 0x3, 0xa0,
    0xca, 0xc6, 0x73, 0x22, 0x52, 0x0, 0xc2, 0xe8,
    0x8, 0xb6, 0x44, 0x13, 0x80, 0xe, 0x91, 0x70,
    0x4, 0x1c, 0x7, 0x31, 0x80, 0x61, 0x78, 0x0,
    0x8a, 0xdf, 0x42, 0x40, 0x3a, 0xc5, 0x80, 0x30,
    0x88, 0x84, 0x80, 0x32, 0x2c, 0x80, 0xd, 0xf6,
    0x9b, 0x5f, 0x6d, 0x40, 0x2, 0x4e, 0xb, 0x90,
    0x9b, 0x5, 0x74, 0xd5, 0x20, 0xba, 0x0, 0x5a,
    0xf9, 0x20, 0x9, 0x76, 0xe0, 0x0,

    /* U+6CD5 "法" */
    0x0, 0xff, 0x1b, 0x0, 0x7e, 0x35, 0x0, 0xf5,
    0xc8, 0x7, 0xea, 0xa8, 0x3, 0xc2, 0x1, 0xfa,
    0x64, 0xb4, 0x26, 0x44, 0x10, 0x22, 0x8c, 0x3,
    0x9a, 0xec, 0xf9, 0xba, 0x61, 0xdd, 0xb0, 0xc0,
    0x4, 0x60, 0x82, 0xdf, 0xf4, 0xf, 0xfe, 0x30,
    0x4, 0x64, 0x0, 0x7f, 0xf0, 0xea, 0x1e, 0xc0,
    0x40, 0x2f, 0x0, 0xc2, 0x20, 0x9, 0xee, 0x5f,
    0xbf, 0xe7, 0x1f, 0xfb, 0xb8, 0x1, 0x90, 0x9b,
    0x7b, 0x94, 0x13, 0xdd, 0xb4, 0x3, 0x95, 0x44,
    0x22, 0xe2, 0x61, 0x1c, 0x40, 0x18, 0x6f, 0x0,
    0x6, 0x9c, 0x3, 0x42, 0x1, 0xea, 0x38, 0x0,
    0x7b, 0x18, 0x1, 0x28, 0x3, 0x99, 0x38, 0x1,
    0x3, 0x20, 0x1, 0xd4, 0x80, 0x8, 0xe5, 0x4c,
    0x25, 0xda, 0x6a, 0xf3, 0xc1, 0xd0, 0x1, 0xe1,
    0x60, 0x3, 0x20, 0x6, 0xea, 0x63, 0x4e, 0x40,
    0x19, 0x81, 0x0, 0x56, 0xdc, 0xbb, 0x2a, 0x17,
    0x78, 0x0,

    /* U+6CE8 "注" */
    0x0, 0xfc, 0x4a, 0x1, 0xfa, 0x28, 0x3, 0x96,
    0x98, 0x3, 0xed, 0x5c, 0x10, 0x9, 0xdd, 0x24,
    0x1, 0xe5, 0xc2, 0x53, 0x55, 0xb5, 0xdc, 0xab,
    0x10, 0x4, 0x7c, 0x95, 0x77, 0x9e, 0xef, 0x38,
    0x0, 0x80, 0x29, 0xee, 0xa4, 0x7b, 0xb2, 0x83,
    0x6b, 0x80, 0x7f, 0xf0, 0x99, 0xe2, 0xc0, 0x3f,
    0xf8, 0x51, 0x7e, 0x0, 0x55, 0xb4, 0x55, 0x70,
    0x6, 0x44, 0x1, 0x5d, 0xc8, 0x17, 0x78, 0x40,
    0x34, 0x89, 0x77, 0x52, 0x3d, 0xd8, 0x40, 0x22,
    0x67, 0x0, 0xff, 0xe1, 0x40, 0xb0, 0x7, 0xff,
    0x4, 0x96, 0x0, 0x3f, 0xf8, 0x50, 0x2c, 0x1,
    0xff, 0xc1, 0x45, 0x60, 0x24, 0x4d, 0xc2, 0x89,
    0x94, 0x78, 0x24, 0x12, 0xef, 0x30, 0x5d, 0xea,
    0x2a, 0xa0, 0x83, 0x7f, 0xff, 0xc6,

    /* U+6D3B "活" */
    0x0, 0xff, 0xe3, 0x3e, 0x10, 0x7, 0x89, 0x63,
    0x20, 0x2, 0x32, 0xc4, 0x45, 0xe6, 0xfe, 0xc9,
    0x27, 0x0, 0x49, 0xe5, 0xca, 0x57, 0x2e, 0x39,
    0x50, 0xc0, 0x18, 0x72, 0x86, 0x5d, 0x38, 0x3,
    0xe3, 0x60, 0x0, 0x99, 0x15, 0xc0, 0x45, 0x8c,
    0x2a, 0x6c, 0x53, 0x37, 0x67, 0x1d, 0xdd, 0x83,
    0x34, 0x9e, 0x9f, 0xfa, 0x47, 0xff, 0x84, 0x17,
    0x60, 0x40, 0x3f, 0xf8, 0x44, 0x62, 0x4, 0x50,
    0x81, 0x16, 0x0, 0xeb, 0x80, 0xdd, 0xa0, 0x77,
    0x70, 0x6, 0x61, 0xb0, 0x1a, 0xff, 0xe9, 0x0,
    0xeb, 0x42, 0x0, 0xfe, 0x10, 0x9, 0x8a, 0x0,
    0x3f, 0xf8, 0x23, 0x26, 0x60, 0xa, 0xbf, 0xfa,
    0x40, 0x2b, 0x9, 0x0, 0xd1, 0x99, 0xce, 0x1,
    0x5b, 0x28, 0x4, 0x24, 0x67, 0xdc, 0x20, 0x1,
    0x90, 0xd, 0xca, 0x1, 0xcd, 0xe0, 0x0,

    /* U+6D41 "流" */
    0x0, 0xfe, 0x40, 0xf, 0xcc, 0x80, 0x1c, 0xb6,
    0x60, 0x1f, 0x6d, 0xc8, 0xaa, 0x90, 0x45, 0xc8,
    0x92, 0xa0, 0x2, 0xe5, 0x96, 0xed, 0x36, 0x61,
    0x33, 0x47, 0x80, 0x4d, 0xc9, 0xdd, 0x4, 0x6e,
    0xf5, 0x81, 0xa0, 0x8, 0x5, 0xcc, 0xa1, 0x18,
    0x1, 0xa6, 0xe8, 0x40, 0x16, 0x92, 0x0, 0xa1,
    0xc0, 0xa, 0xa1, 0x74, 0x31, 0x1f, 0xbf, 0xda,
    0x65, 0x60, 0x13, 0xdf, 0x85, 0xbd, 0x6f, 0x7f,
    0xba, 0xd0, 0xc0, 0x24, 0x30, 0x78, 0x43, 0x0,
    0x85, 0x64, 0xc0, 0x34, 0x88, 0x5e, 0x17, 0x21,
    0x71, 0xb0, 0x6, 0x56, 0x20, 0x3, 0x18, 0x0,
    0xc0, 0x3e, 0x94, 0x30, 0x72, 0x0, 0xff, 0x29,
    0xc0, 0x0, 0xf8, 0x3, 0xfd, 0x68, 0x60, 0xa0,
    0xe0, 0x1f, 0x41, 0x48, 0xc0, 0x15, 0xa8, 0x80,
    0x72, 0x21, 0xd2, 0x9c, 0xcb, 0x4e, 0xc0, 0xc0,
    0x2, 0x71, 0x66, 0xc7, 0x0, 0x57, 0xa2, 0x5,
    0xe8, 0x19, 0xfe, 0xc0,

    /* U+6D4B "测" */
    0x0, 0xff, 0xe1, 0xa0, 0x84, 0xe1, 0x2, 0x27,
    0x80, 0x35, 0xa0, 0x58, 0xe9, 0xcd, 0x4c, 0xd6,
    0x1, 0xf1, 0x6c, 0x18, 0xc6, 0xeb, 0x80, 0xf,
    0xc0, 0x1e, 0x70, 0x9, 0x60, 0x2, 0x13, 0x0,
    0xd4, 0x40, 0x18, 0x98, 0x3, 0xf0, 0xb6, 0xa0,
    0x6, 0x30, 0xf, 0xc3, 0x89, 0xe0, 0x18, 0x40,
    0x3f, 0xd7, 0x60, 0xb, 0xc0, 0x3f, 0xf8, 0xa,
    0x2, 0x2, 0xe0, 0x1f, 0xe2, 0xa6, 0x0, 0x29,
    0x0, 0x4, 0x3, 0xeb, 0x16, 0xe4, 0x3f, 0x3c,
    0x10, 0x30, 0xc, 0x2d, 0x20, 0x68, 0x0, 0xa3,
    0x2, 0x60, 0xd, 0x2, 0xe0, 0xb, 0x45, 0x55,
    0x2, 0x40, 0x4, 0x8c, 0xc0, 0x4, 0x14, 0x9c,
    0xab, 0x0, 0x4, 0x0, 0xe5, 0x20, 0xae, 0xe2,
    0x6, 0x3c, 0x5, 0xf0, 0x63, 0xd1, 0x5, 0x88,
    0x0, 0x5b, 0x40, 0x8f, 0x66,

    /* U+6D88 "消" */
    0x0, 0xff, 0xa1, 0x0, 0x3c, 0x36, 0x80, 0x4,
    0x80, 0x9, 0xf4, 0x0, 0xce, 0x1, 0x3d, 0xb0,
    0x63, 0xa8, 0x4, 0x20, 0x31, 0x62, 0x3, 0x87,
    0x3, 0x7, 0x62, 0x1, 0xac, 0x34, 0x40, 0x2c,
    0xc0, 0x87, 0xb0, 0x80, 0x63, 0xb1, 0x0, 0x10,
    0x0, 0x80, 0x2b, 0x33, 0x1, 0x1d, 0x30, 0x80,
    0xee, 0x18, 0x0, 0xb3, 0x30, 0x2e, 0x65, 0x20,
    0x38, 0x18, 0xa0, 0x61, 0x7f, 0xfe, 0xf, 0x0,
    0x1e, 0x52, 0x80, 0x58, 0xab, 0xe0, 0xf, 0x28,
    0x6, 0x7a, 0xaf, 0x0, 0x7a, 0xe0, 0x2, 0xbf,
    0xff, 0x0, 0x79, 0x4, 0x2, 0x22, 0xf8, 0x3,
    0x94, 0x2c, 0x2, 0x9d, 0xdf, 0x0, 0x77, 0x11,
    0x0, 0x2a, 0xff, 0xf0, 0x6, 0x34, 0x50, 0xc,
    0x20, 0x1f, 0xee, 0xb, 0x0, 0x18, 0x7, 0x96,
    0x80, 0x40, 0x1c, 0x86, 0x1, 0xfc, 0xea, 0x8e,
    0x0, 0x3b, 0x0, 0x8b, 0xd0, 0x3, 0x17, 0xd8,
    0x80,

    /* U+6DFB "添" */
    0x0, 0xf1, 0x21, 0x9f, 0x90, 0xc0, 0x36, 0x30,
    0x2, 0xa9, 0xba, 0xcd, 0xda, 0xa4, 0x3, 0x54,
    0xd8, 0x47, 0x72, 0xc3, 0xbb, 0x50, 0x6, 0x6c,
    0x11, 0x80, 0x18, 0x40, 0x18, 0x44, 0x1, 0x8e,
    0x9b, 0xbf, 0xcc, 0x5f, 0xfb, 0xbc, 0x0, 0xa4,
    0x0, 0x5c, 0xc4, 0x84, 0xc8, 0x2f, 0x31, 0xa0,
    0x9, 0xd8, 0x2, 0x33, 0x52, 0x33, 0xf, 0x8c,
    0xe0, 0x6, 0x3b, 0x94, 0x1, 0x45, 0x22, 0x1c,
    0x98, 0x40, 0x1a, 0x2d, 0x4b, 0x17, 0x6b, 0xc0,
    0xb0, 0x37, 0xc, 0x2, 0x42, 0xd2, 0xb3, 0xf0,
    0x8, 0xb2, 0x5c, 0xc0, 0x27, 0x6c, 0xc1, 0x90,
    0x0, 0x94, 0x74, 0xac, 0x3, 0x57, 0x1b, 0x40,
    0x4, 0xb4, 0x3, 0xe0, 0x19, 0x4a, 0x3, 0x94,
    0x80, 0xa, 0xf, 0x28, 0x60, 0x15, 0xb1, 0xa,
    0xc8, 0x4, 0x47, 0xaa, 0x32, 0x0, 0x91, 0x80,
    0x83, 0x30, 0x6, 0x44, 0x3, 0x0, 0x5, 0x18,
    0x42, 0x78, 0x2a, 0x84, 0x13, 0xa1, 0x14, 0x3,
    0xb0, 0x1, 0x10, 0x1b, 0xf8, 0x9, 0x0, 0x60,

    /* U+6E05 "清" */
    0x0, 0xfe, 0x48, 0x0, 0xf9, 0xd8, 0x0, 0x20,
    0x16, 0x38, 0x4, 0x20, 0x10, 0xcd, 0xe, 0x7f,
    0xce, 0x1f, 0xf7, 0x28, 0x1, 0xb1, 0xcb, 0x7f,
    0xe8, 0x1f, 0xfc, 0xa0, 0x11, 0xe9, 0xaf, 0xfd,
    0x3, 0xff, 0x88, 0x11, 0x0, 0x12, 0xee, 0xb9,
    0xc7, 0xb9, 0xba, 0x20, 0xfb, 0x90, 0x25, 0x66,
    0x29, 0xa, 0xa9, 0x9d, 0x42, 0xd9, 0x92, 0x93,
    0x11, 0x31, 0xc4, 0x53, 0x0, 0x9, 0xb8, 0x6c,
    0x88, 0xfd, 0xda, 0x1, 0x20, 0x81, 0x5c, 0xc4,
    0x75, 0xd0, 0x7, 0x48, 0x98, 0x4e, 0xef, 0x7,
    0x80, 0x63, 0x63, 0x0, 0x5f, 0x77, 0x0, 0x7a,
    0x18, 0x80, 0x17, 0xdd, 0xc0, 0x1c, 0x88, 0xb0,
    0xa, 0xfb, 0xb8, 0x3, 0xa5, 0x88, 0x2, 0xcf,
    0xfe, 0x0, 0xd0, 0x56, 0x0, 0x30, 0xf, 0x48,
    0x6, 0x89, 0x20, 0xf, 0xe2, 0x45, 0x0, 0x98,
    0x2, 0x2f, 0x30, 0xd, 0x76, 0x20, 0x0,

    /* U+6E90 "源" */
    0x0, 0x18, 0x7, 0xff, 0x10, 0xb2, 0x40, 0xbf,
    0xff, 0xe0, 0x1, 0x5b, 0x59, 0x84, 0xe6, 0x4d,
    0x59, 0x98, 0x2, 0x4c, 0x80, 0x1, 0x19, 0x9d,
    0x98, 0x67, 0x80, 0x4, 0x6, 0x60, 0x9, 0x7a,
    0xc3, 0x7b, 0xa0, 0xb, 0x30, 0x60, 0x1c, 0x39,
    0x8d, 0xd3, 0x8, 0x5, 0x81, 0x8a, 0x0, 0x70,
    0x0, 0x8e, 0x1, 0x0, 0x8b, 0x21, 0x4c, 0x3,
    0x6e, 0xe7, 0x0, 0xf3, 0x80, 0x80, 0x6f, 0xfd,
    0x20, 0x1c, 0x38, 0x2e, 0x2, 0x61, 0xff, 0xa4,
    0x40, 0x33, 0x99, 0x88, 0x9, 0xf7, 0x4e, 0x3b,
    0xb0, 0x6, 0xc3, 0x2f, 0x10, 0x1, 0x97, 0x1,
    0x19, 0x0, 0x42, 0xb6, 0x8, 0x80, 0xbf, 0x10,
    0xb, 0x6c, 0x2, 0x70, 0x54, 0x2e, 0x45, 0x81,
    0x0, 0xbd, 0x24, 0x1, 0x4, 0x72, 0x4d, 0x4a,
    0xc0, 0x20, 0x3, 0x96, 0x21, 0x7a, 0x42, 0x90,
    0x5b, 0x9, 0x82, 0x0, 0x36, 0x10, 0xcb, 0xae,
    0x21, 0x58, 0x86, 0x36, 0x80, 0x46, 0x0,

    /* U+6EE1 "满" */
    0x0, 0xfc, 0xd4, 0x0, 0x7b, 0x0, 0xe2, 0xe5,
    0x0, 0xdc, 0xc0, 0xe, 0x60, 0xe, 0x35, 0xa9,
    0x97, 0xf9, 0xcf, 0xfc, 0xc5, 0xff, 0x0, 0x6,
    0xe3, 0x6f, 0x35, 0x8f, 0x74, 0xa5, 0xb9, 0x80,
    0xc, 0xe8, 0x46, 0x59, 0x64, 0x4f, 0x42, 0x33,
    0x0, 0x10, 0x40, 0x8, 0xaa, 0x2, 0x55, 0x6,
    0x2a, 0x98, 0x6, 0xbd, 0x43, 0x62, 0x65, 0x51,
    0x35, 0x13, 0x2b, 0x1, 0xe9, 0xd0, 0x9d, 0xcc,
    0x7, 0xe0, 0xc6, 0x63, 0x40, 0x27, 0x80, 0x6e,
    0xe8, 0x33, 0x86, 0xbb, 0x9a, 0x1, 0x9e, 0x44,
    0x5b, 0x61, 0x5a, 0x13, 0xac, 0x60, 0x1a, 0x78,
    0x44, 0x60, 0x7, 0x10, 0x73, 0xe0, 0xc, 0xc2,
    0xe0, 0x17, 0x8e, 0x58, 0x40, 0x7, 0xad, 0xc0,
    0x22, 0x5b, 0x85, 0x36, 0xa1, 0x0, 0x9c, 0xa4,
    0x2, 0xb2, 0x53, 0x37, 0xd0, 0x80, 0x43, 0xa,
    0x20, 0x14, 0xf8, 0x12, 0x1a, 0xd8, 0x4, 0x35,
    0x20, 0x1, 0x0, 0x10, 0x35, 0x82, 0x45, 0x18,
    0x1, 0x4c, 0x3, 0xfc, 0xee, 0x9, 0x0, 0xf3,
    0xf0, 0x7, 0x8f, 0xf5, 0x0,

    /* U+70B9 "点" */
    0x0, 0xf8, 0x68, 0xc0, 0x3f, 0xf8, 0x66, 0xac,
    0x1, 0xff, 0xc5, 0xd5, 0x5f, 0x8, 0x7, 0xf9,
    0xae, 0xfc, 0x60, 0x1f, 0xeb, 0xee, 0xf1, 0x0,
    0x70, 0x8e, 0x3, 0x11, 0xc0, 0x1f, 0x4f, 0x75,
    0x81, 0x3d, 0xda, 0x0, 0x3e, 0x1d, 0xdf, 0xc2,
    0x1, 0xfc, 0x45, 0xf8, 0x3c, 0x3, 0xff, 0x9a,
    0x28, 0x9f, 0x87, 0xc0, 0x3c, 0x22, 0xaa, 0xfc,
    0x3e, 0x1, 0xc3, 0x5d, 0xdf, 0xe7, 0x0, 0xe8,
    0xd1, 0x2c, 0x10, 0x2d, 0x10, 0x2e, 0x50, 0x8,
    0x59, 0x44, 0xcd, 0x20, 0x47, 0x0, 0x44, 0xb1,
    0x0, 0x48, 0x40, 0xa, 0xb0, 0x2, 0x58, 0x83,
    0x86, 0x80, 0x1e, 0xc4, 0x0, 0xe6, 0x0, 0x3b,
    0x18, 0x13, 0x98, 0x0,

    /* U+70ED "热" */
    0x0, 0xca, 0x20, 0x19, 0x8, 0x3, 0xfd, 0x44,
    0x1, 0xaa, 0x80, 0x1f, 0xfc, 0x5e, 0x0, 0xf8,
    0xd5, 0x40, 0x8a, 0x2c, 0xc0, 0xc8, 0x82, 0x0,
    0x64, 0x99, 0x5, 0xc9, 0x67, 0x88, 0x81, 0xc4,
    0x3, 0x3e, 0x60, 0x3f, 0xe, 0xa4, 0x7e, 0x0,
    0x40, 0x3f, 0x24, 0x14, 0x18, 0xb0, 0x1, 0xc0,
    0x33, 0xd6, 0x84, 0x88, 0x26, 0x1, 0x0, 0x7d,
    0xe1, 0x61, 0xb2, 0x58, 0x61, 0x40, 0x2e, 0x1,
    0xa2, 0x98, 0x3, 0x11, 0xc2, 0x62, 0xe1, 0x68,
    0x80, 0x42, 0x2, 0x3, 0xe8, 0xff, 0x5a, 0xd6,
    0x62, 0x0, 0xae, 0x22, 0xe, 0x9d, 0x0, 0xb3,
    0x15, 0xa0, 0x2, 0x8c, 0xd0, 0x1b, 0xc1, 0x0,
    0xdd, 0xc6, 0x0, 0xaa, 0x40, 0x61, 0xc8, 0x98,
    0x20, 0x54, 0x80, 0x10, 0xb9, 0x0, 0x1d, 0x40,
    0x89, 0x20, 0x4d, 0x60, 0x14, 0xc, 0x0, 0xaf,
    0x0, 0x1d, 0x80, 0x10, 0x2e, 0x0, 0x29, 0x0,
    0xbc, 0x80, 0x17, 0x20, 0x1, 0x93, 0x0, 0x5b,
    0x80, 0x4b, 0x20, 0x2, 0x70, 0x9, 0x90, 0x0,

    /* U+7247 "片" */
    0x0, 0x89, 0xc8, 0x3, 0x37, 0x8, 0x7, 0xc3,
    0xc, 0x1, 0xc2, 0x1, 0xfe, 0x70, 0xf, 0xff,
    0x36, 0x77, 0x69, 0xf, 0xef, 0xf2, 0x0, 0x4e,
    0x15, 0xbb, 0xb3, 0x1b, 0xac, 0xc2, 0x80, 0x42,
    0xe, 0x67, 0xfe, 0x10, 0x8, 0xc0, 0x3f, 0xf8,
    0x82, 0x1b, 0xff, 0xf4, 0x0, 0x7b, 0x83, 0x33,
    0xe0, 0xf, 0xca, 0x86, 0x7f, 0xf, 0x80, 0x70,
    0x9e, 0x0, 0x7f, 0xf0, 0x98, 0x14, 0x3, 0xff,
    0x85, 0x26, 0x40, 0x1f, 0x8, 0x7, 0x48, 0xc8,
    0x7, 0xf7, 0x80, 0x6d, 0x55, 0x0, 0x7f, 0xf0,
    0x40,

    /* U+724C "牌" */
    0x0, 0xe7, 0x30, 0xd, 0x28, 0x1, 0xf4, 0xa0,
    0x4a, 0x80, 0x42, 0xce, 0x1, 0xf3, 0x98, 0x6,
    0xdf, 0xe0, 0xcf, 0xf9, 0x80, 0x30, 0x80, 0x73,
    0xec, 0x86, 0xe8, 0x4c, 0x3, 0xfd, 0xc4, 0x62,
    0x44, 0x0, 0xf7, 0xa0, 0x71, 0x85, 0xda, 0x6,
    0xec, 0x20, 0x1c, 0xf2, 0x6d, 0x40, 0xf8, 0x27,
    0x98, 0x0, 0xf4, 0x6e, 0xba, 0x43, 0x1c, 0x6d,
    0xdc, 0x20, 0x1f, 0xe3, 0xd8, 0x2e, 0x77, 0x9,
    0x80, 0x43, 0x3f, 0xea, 0x6, 0x26, 0x20, 0xee,
    0x32, 0x80, 0x67, 0xc3, 0x0, 0x40, 0x3, 0xf9,
    0xe6, 0x46, 0x0, 0x10, 0xc3, 0x73, 0x5, 0x7c,
    0x20, 0xf, 0x88, 0x1c, 0x2, 0x5a, 0x1d, 0xf8,
    0x1f, 0xf8, 0xc1, 0x40, 0xc0, 0x24, 0xcd, 0xd9,
    0xc7, 0x75, 0x86, 0x18, 0x60, 0x18, 0x4c, 0x8a,
    0xe3, 0x22, 0x18, 0xa, 0xd8, 0x4, 0x60, 0x1c,
    0x26, 0x1, 0x85, 0xd8, 0x3, 0xff, 0x89, 0x2,
    0x0, 0xba, 0x0, 0xe7, 0xe0, 0xc,

    /* U+7269 "物" */
    0x0, 0xc8, 0xe0, 0x1a, 0xc, 0x3, 0xfc, 0x70,
    0x1, 0x1b, 0xa0, 0x7, 0xe3, 0x1, 0x10, 0x5,
    0x42, 0xe0, 0x1f, 0x1e, 0x28, 0x6, 0x16, 0xa,
    0xaf, 0x18, 0x30, 0xf, 0x8a, 0x14, 0x8b, 0x29,
    0xb2, 0x1a, 0xb8, 0x10, 0x4b, 0x85, 0x43, 0xc5,
    0x84, 0x32, 0xd0, 0x30, 0x63, 0x6c, 0xf, 0x19,
    0x32, 0x10, 0xb1, 0x0, 0xc, 0x53, 0x0, 0x34,
    0xe0, 0x52, 0x81, 0x73, 0x80, 0x6, 0xd0, 0x3,
    0x85, 0xa, 0x84, 0x44, 0x20, 0x20, 0x82, 0x0,
    0x19, 0xd0, 0x94, 0x24, 0x4, 0x30, 0x9, 0x62,
    0xe4, 0xe, 0x28, 0xa4, 0x3c, 0x84, 0x60, 0x4,
    0x31, 0xb0, 0xd0, 0xa4, 0x91, 0x16, 0xc3, 0xc0,
    0x2f, 0xe8, 0xf0, 0x2, 0x7b, 0x4, 0x93, 0x0,
    0xc, 0x0, 0x40, 0x1e, 0x10, 0x84, 0xe0, 0x0,
    0x80, 0x78, 0x40, 0x21, 0xa7, 0x93, 0x0, 0x23,
    0x0, 0x78, 0x40, 0xbd, 0x69, 0xa3, 0xbc, 0xb8,
    0x3, 0xbc, 0x0, 0x55, 0xaa, 0x14, 0x91, 0xaa,
    0x0,

    /* U+72B6 "状" */
    0x0, 0xc2, 0xc2, 0x1, 0x9, 0x88, 0x7, 0xf1,
    0x49, 0x0, 0x49, 0x88, 0x2, 0x1, 0xff, 0xc1,
    0x10, 0x67, 0xf2, 0x0, 0xe, 0xa0, 0x7, 0xf0,
    0xba, 0x60, 0x80, 0xa5, 0x90, 0x7, 0x9c, 0x2,
    0xa6, 0x10, 0x4, 0xa4, 0x0, 0x48, 0x83, 0x50,
    0x73, 0x36, 0x18, 0x5, 0x56, 0x1, 0x5d, 0xb2,
    0x42, 0xb3, 0x17, 0xe0, 0x10, 0x88, 0x2, 0xff,
    0xa8, 0x27, 0xfe, 0xc0, 0xe, 0xf0, 0xe, 0xd0,
    0xc0, 0xf, 0xd6, 0x40, 0x1c, 0x62, 0x80, 0x1f,
    0x52, 0xd8, 0x7, 0x24, 0x89, 0x80, 0x75, 0xad,
    0x30, 0x6, 0x60, 0x63, 0xa0, 0xe, 0x39, 0x40,
    0xe, 0xb5, 0x19, 0x62, 0x0, 0xd0, 0xc0, 0x1c,
    0xc5, 0x20, 0xa5, 0xe2, 0x1, 0xfc, 0x72, 0xa6,
    0x0, 0xe2, 0xd2, 0x0, 0xe7, 0x4, 0xd1, 0xb0,
    0x8, 0xe4, 0xf8, 0x3, 0xe1, 0x5c, 0x10, 0xc,
    0xd3, 0xa0,

    /* U+7406 "理" */
    0x0, 0xf9, 0xb7, 0x7f, 0x20, 0x2f, 0xff, 0x48,
    0x94, 0xc8, 0x92, 0x64, 0x42, 0x9, 0x76, 0x8,
    0xba, 0x11, 0x22, 0x7, 0xd1, 0x0, 0x10, 0xa2,
    0x0, 0xd0, 0xc0, 0x3f, 0xf8, 0xe3, 0xfe, 0x19,
    0xff, 0x0, 0x7f, 0xc3, 0xdc, 0x18, 0xee, 0x0,
    0x43, 0x74, 0x11, 0x66, 0x0, 0x11, 0x0, 0x8c,
    0x1, 0xfe, 0x10, 0x33, 0x7, 0x19, 0x80, 0x21,
    0xba, 0x8, 0xb3, 0x1, 0xcc, 0xb, 0xe6, 0x0,
    0x3f, 0xcf, 0xff, 0xc, 0xff, 0xca, 0x1, 0xf8,
    0x8c, 0x88, 0x1c, 0x45, 0x8, 0x7, 0x14, 0x4c,
    0x66, 0xe8, 0x5f, 0x76, 0x60, 0x9, 0x82, 0x57,
    0xeb, 0xfe, 0x19, 0xff, 0x9c, 0xb, 0xa4, 0xef,
    0x58, 0x3, 0xfe, 0x22, 0x56, 0x20, 0x11, 0x70,
    0x9, 0x16, 0x0, 0x62, 0x80, 0x5d, 0xbb, 0x86,
    0x37, 0x71, 0x80, 0x7b, 0x3f, 0xff, 0xc6,

    /* U+751F "生" */
    0x0, 0xfd, 0x2a, 0x1, 0xfe, 0x74, 0x0, 0x9b,
    0x0, 0x3f, 0xd1, 0x0, 0x8, 0x44, 0x1, 0xfc,
    0x81, 0x0, 0x1f, 0xfc, 0x2e, 0x2, 0x66, 0x84,
    0xd9, 0xb8, 0x40, 0x2, 0xa3, 0x11, 0x81, 0x22,
    0x34, 0x98, 0x2, 0xc3, 0xfb, 0xb0, 0xbf, 0x76,
    0xf2, 0x4, 0x56, 0x10, 0xf, 0xfe, 0xa, 0x64,
    0x0, 0x7f, 0xf0, 0xcc, 0x67, 0xff, 0xb, 0xff,
    0xe2, 0x0, 0xea, 0xa5, 0xdc, 0xb, 0x77, 0x51,
    0x0, 0x71, 0xaa, 0x24, 0x24, 0x89, 0x28, 0x7,
    0xff, 0x69, 0x15, 0x7c, 0x26, 0xab, 0xe2, 0x8,
    0xbb, 0xf0, 0xad, 0xdf, 0x9c,

    /* U+7528 "用" */
    0x0, 0xf, 0xff, 0xff, 0x1, 0x80, 0x34, 0xee,
    0xc2, 0xdb, 0xb8, 0x3, 0x8, 0x11, 0x63, 0x12,
    0x2c, 0x1, 0xff, 0xca, 0xbf, 0xf8, 0x9f, 0xff,
    0x0, 0x7a, 0xbb, 0xa2, 0x6e, 0xec, 0x1, 0xe1,
    0x1c, 0x2, 0x3c, 0x1, 0x84, 0x3, 0xff, 0x8b,
    0x7f, 0xf1, 0x3f, 0xfe, 0x0, 0xc6, 0x15, 0xbb,
    0xb, 0x6e, 0xe0, 0xc, 0xc0, 0x84, 0x51, 0x89,
    0x16, 0x0, 0xd8, 0x42, 0x1, 0xff, 0xc1, 0x54,
    0x0, 0xff, 0xe0, 0xa9, 0x50, 0x6, 0x31, 0x0,
    0x3d, 0x1, 0x7, 0x19, 0x80, 0x32, 0x70, 0x3,
    0x91, 0x90, 0x2f, 0x40, 0x3a, 0x9c, 0x1, 0x3d,
    0x20,

    /* U+7531 "由" */
    0x0, 0xf9, 0x68, 0x3, 0xff, 0x82, 0x68, 0x1,
    0xff, 0xc2, 0x30, 0xf, 0xfe, 0x57, 0x77, 0xa4,
    0xbb, 0xbc, 0x2, 0xdb, 0xb9, 0xc7, 0x77, 0x38,
    0x80, 0x38, 0xcf, 0x71, 0x9f, 0x70, 0x80, 0x7f,
    0xf5, 0x27, 0xff, 0x49, 0x7f, 0xe8, 0x0, 0xa3,
    0x77, 0x38, 0xee, 0xe6, 0x0, 0x84, 0x8b, 0x71,
    0x91, 0x6e, 0x0, 0xff, 0xea, 0xcf, 0x76, 0x92,
    0xee, 0xd0, 0x1, 0x3e, 0xee, 0xcc, 0x6e, 0xe7,
    0x10, 0x7, 0x19, 0xff, 0xb8, 0x1, 0xcc, 0x1,
    0xfe, 0x6f,

    /* U+7533 "申" */
    0x0, 0xf5, 0xb0, 0x7, 0xff, 0x1, 0x44, 0x3,
    0xff, 0x91, 0xbf, 0xfc, 0x31, 0xff, 0xd0, 0x69,
    0x55, 0x85, 0xaa, 0xb0, 0x0, 0xcc, 0xab, 0x83,
    0x95, 0x70, 0xf8, 0x9, 0x16, 0xf, 0x22, 0xc0,
    0x13, 0x6e, 0xe1, 0x7d, 0xdc, 0x20, 0x6, 0xee,
    0xc2, 0xfd, 0xd8, 0x40, 0x2, 0x3c, 0x1e, 0x23,
    0x80, 0x21, 0x22, 0xc1, 0xe4, 0x58, 0x0, 0x6d,
    0xbb, 0x85, 0xf7, 0x70, 0x80, 0x1b, 0xbb, 0xb,
    0xf7, 0x61, 0xfa, 0xb1, 0x1c, 0x1e, 0x23, 0xbe,
    0x10, 0x80, 0x3f, 0xc2, 0x1, 0xff, 0xca, 0xf0,
    0xf, 0x0,

    /* U+7535 "电" */
    0x0, 0xf2, 0xe8, 0x80, 0x7f, 0xf0, 0x8c, 0x84,
    0x3, 0xff, 0x9d, 0xdd, 0xd0, 0x1d, 0xdd, 0x60,
    0x18, 0x52, 0xaa, 0x60, 0xba, 0xa8, 0x9c, 0x3,
    0x89, 0x12, 0xe0, 0x54, 0x49, 0x9c, 0x3, 0xff,
    0x94, 0xff, 0xf4, 0x87, 0xfe, 0x50, 0xf, 0x36,
    0xed, 0x1, 0x9b, 0xb2, 0x0, 0x78, 0x48, 0xa1,
    0x3, 0x22, 0x84, 0x3, 0xff, 0x8a, 0xe0, 0x1c,
    0xff, 0xf4, 0x87, 0xfe, 0x50, 0xf, 0x2e, 0x64,
    0xe1, 0x79, 0x9b, 0x80, 0x34, 0xc8, 0xce, 0xe0,
    0x43, 0x3c, 0x44, 0x60, 0x3, 0x18, 0x4, 0x60,
    0x1f, 0x3c, 0xa8, 0x7, 0x84, 0x25, 0x13, 0x2c,
    0x82, 0x80, 0x79, 0x15, 0xee, 0xf5, 0x14, 0x80,

    /* U+753B "画" */
    0x16, 0x62, 0xaf, 0xf9, 0x98, 0x65, 0x75, 0x33,
    0xfe, 0xab, 0x53, 0xdc, 0xcf, 0xfe, 0x6, 0xb0,
    0x6, 0xee, 0xfc, 0x20, 0x1f, 0xd, 0xe4, 0x6,
    0x50, 0x80, 0x66, 0xe0, 0x8, 0x48, 0xc0, 0x9c,
    0x2, 0xf7, 0x1, 0x0, 0x84, 0x46, 0x2, 0xe0,
    0x1f, 0xea, 0xe9, 0x1e, 0xb0, 0xf, 0xf5, 0xfd,
    0xf, 0xe0, 0x7, 0xff, 0x38, 0x8a, 0x2, 0x60,
    0xf, 0xf4, 0xec, 0xe, 0xd0, 0x18, 0x7, 0xdf,
    0xff, 0x88, 0x3, 0xb3, 0x3f, 0xf8, 0x0, 0x7,
    0xb8, 0x8f, 0xfe, 0x0, 0x0, 0x51, 0x3f, 0xf8,
    0x21, 0xe0,

    /* U+7684 "的" */
    0x0, 0x90, 0x40, 0x30, 0xa8, 0x7, 0xe9, 0xa0,
    0xc, 0xb4, 0xa0, 0x1f, 0x17, 0x0, 0x6c, 0x15,
    0x0, 0xe1, 0x40, 0x71, 0x10, 0x1, 0x89, 0x9b,
    0x12, 0x75, 0x86, 0xf7, 0x5, 0x4, 0xa2, 0x29,
    0x40, 0x6, 0xf7, 0x28, 0x7, 0xcf, 0xbb, 0x8,
    0x38, 0x18, 0x88, 0x0, 0x69, 0x0, 0x1f, 0xfc,
    0x14, 0x34, 0x10, 0xc, 0x60, 0x4, 0x48, 0x81,
    0xf2, 0xb4, 0x2, 0x10, 0xa, 0xae, 0xd0, 0x1,
    0x71, 0xa0, 0x4, 0x20, 0xe, 0xff, 0x50, 0x4,
    0x85, 0xe0, 0x1f, 0xfc, 0x2b, 0x51, 0x0, 0x38,
    0x7, 0xf9, 0xb8, 0x44, 0x2, 0x0, 0x44, 0x88,
    0x3, 0xe3, 0x3, 0x70, 0xab, 0xb4, 0x0, 0x7c,
    0x80, 0x20, 0xe, 0xff, 0x50, 0x8, 0x1, 0x2f,
    0x25, 0x81, 0x6c, 0x40, 0xb, 0xa2, 0x0, 0x40,
    0x4c, 0x90,

    /* U+76D1 "监" */
    0x0, 0xf5, 0xb8, 0x0, 0x71, 0x40, 0x3e, 0x6f,
    0x0, 0x2f, 0x80, 0x1c, 0xc0, 0x3f, 0xf8, 0x7,
    0xe0, 0xd, 0x25, 0x0, 0xff, 0xe1, 0xa, 0x1e,
    0x66, 0xd3, 0x0, 0xfe, 0x60, 0x89, 0x9a, 0xa8,
    0x40, 0x1f, 0xd2, 0xad, 0xc0, 0xac, 0xe2, 0x1,
    0xf9, 0xc6, 0x0, 0x69, 0xc0, 0x3f, 0x8f, 0xfc,
    0xc4, 0x14, 0xb0, 0xc0, 0x19, 0x2c, 0x3, 0x44,
    0x80, 0x54, 0xc8, 0x1, 0x89, 0x0, 0x1d, 0x0,
    0x1e, 0x92, 0x0, 0xcf, 0xff, 0xff, 0xc0, 0x70,
    0xc, 0x21, 0x76, 0x43, 0xbb, 0x3, 0x5d, 0x80,
    0x3f, 0x22, 0x5, 0xd1, 0x3, 0xe8, 0x81, 0x10,
    0x7, 0xff, 0x68, 0x93, 0x80, 0x88, 0x0, 0x22,
    0x0, 0x91, 0x3, 0x90, 0x5e, 0xdc, 0x37, 0x4a,
    0x9b, 0xa1, 0x8d, 0xd0, 0xbd, 0xa2, 0xf7, 0xff,
    0xff, 0xb, 0x94,

    /* U+76F8 "相" */
    0x0, 0x86, 0x90, 0x3, 0xff, 0x86, 0xa2, 0x0,
    0x25, 0x5f, 0x88, 0x3, 0xf2, 0xd4, 0x47, 0x52,
    0x80, 0x7f, 0xe, 0xef, 0x8, 0x2, 0x26, 0x3,
    0xa6, 0x42, 0x1, 0xf0, 0x80, 0x44, 0x1, 0xe2,
    0x2e, 0x0, 0xa2, 0x48, 0x3a, 0x64, 0x3, 0xbb,
    0xc2, 0x1, 0x90, 0x8, 0xc0, 0x3, 0xff, 0xc2,
    0x1, 0x19, 0x5, 0x61, 0x80, 0x7f, 0xd2, 0x41,
    0x9, 0xc2, 0x23, 0x3e, 0x10, 0x1, 0x2d, 0x80,
    0x29, 0x0, 0x19, 0x9c, 0x1, 0x71, 0x38, 0x0,
    0x64, 0x45, 0xff, 0xc2, 0x0, 0x69, 0x0, 0xff,
    0xe1, 0xd2, 0x0, 0x7f, 0xf2, 0xc7, 0xff, 0x84,
    0x40, 0x1f, 0x84, 0x2e, 0xf8, 0x3, 0xe3, 0x0,
    0x85, 0x13, 0x84, 0x3, 0xe, 0xb0, 0x1, 0xb0,
    0x3, 0xb9, 0xc0,

    /* U+770B "看" */
    0x0, 0xff, 0x84, 0xda, 0x50, 0x3, 0x4d, 0xdd,
    0x98, 0xde, 0xfe, 0xc8, 0x4f, 0x0, 0xde, 0x59,
    0xb2, 0xc5, 0xbd, 0xfe, 0xed, 0xb0, 0xc, 0xd4,
    0x88, 0x70, 0x11, 0x19, 0x14, 0x62, 0x1, 0xdb,
    0xac, 0xc2, 0x86, 0x67, 0x6a, 0x80, 0x77, 0x75,
    0x81, 0xbd, 0xde, 0x41, 0x0, 0x7f, 0xf6, 0x86,
    0x7f, 0xfd, 0xc6, 0x1d, 0xcf, 0xf5, 0x5, 0x7f,
    0xfd, 0xdc, 0x30, 0x11, 0x1, 0xd0, 0x4e, 0x67,
    0xc6, 0x20, 0x19, 0x70, 0x23, 0xff, 0xd4, 0x60,
    0x18, 0x66, 0xa0, 0x2b, 0xff, 0xd6, 0x1, 0x87,
    0xd9, 0xdc, 0xb, 0x11, 0xeb, 0x0, 0xc2, 0xd3,
    0x0, 0xf, 0x66, 0xf1, 0x80, 0x74, 0x30, 0x5,
    0x5f, 0xfe, 0x80, 0xf, 0xf5, 0x7f, 0xfa, 0x0,
    0x3f, 0xd1, 0xbb, 0xea, 0x0, 0xfc, 0x21, 0x5f,
    0xfe, 0xc0, 0xc,

    /* U+77E5 "知" */
    0x0, 0x9d, 0x80, 0x3f, 0xf8, 0x70, 0x20, 0x1f,
    0xfc, 0x24, 0x6, 0x0, 0xc2, 0xef, 0xe3, 0x0,
    0x68, 0x66, 0xed, 0x85, 0x17, 0xbb, 0x42, 0x80,
    0x1d, 0xac, 0xde, 0xe4, 0x42, 0x2a, 0xa0, 0x9,
    0xc6, 0x18, 0x35, 0x94, 0x3, 0xfd, 0x2, 0x2,
    0x20, 0xf, 0xf9, 0xdc, 0x1, 0x18, 0x7, 0xfd,
    0xff, 0x82, 0xbf, 0xca, 0x1, 0xfa, 0xee, 0x70,
    0xbb, 0x90, 0x3, 0xf2, 0x24, 0x22, 0x44, 0x84,
    0x3, 0xfe, 0x71, 0xc1, 0x0, 0xff, 0xe0, 0x30,
    0xe8, 0x79, 0x0, 0x2b, 0xba, 0x0, 0xe8, 0x72,
    0xc3, 0xf1, 0x8, 0xdd, 0x50, 0x6, 0xa0, 0x80,
    0x7, 0x58, 0x0, 0x8c, 0xc8, 0x1, 0x3a, 0xe8,
    0x4, 0x6c, 0x2a, 0xc0, 0x15, 0x20, 0x35, 0x98,
    0x7, 0x15, 0x10, 0x4, 0xa4,

    /* U+7801 "码" */
    0x3, 0x22, 0xc6, 0x4f, 0x31, 0x1c, 0x60, 0xc,
    0xc6, 0xeb, 0x36, 0x4, 0x3, 0x9d, 0xc0, 0xf,
    0xe6, 0x4e, 0xe5, 0x36, 0xe4, 0x42, 0x81, 0x80,
    0x32, 0xe0, 0x6, 0xef, 0x0, 0x30, 0x10, 0x4,
    0x26, 0x80, 0x19, 0x8c, 0x0, 0x44, 0x0, 0xcc,
    0x15, 0x32, 0x20, 0x1e, 0x0, 0x73, 0x0, 0x69,
    0xe, 0xe3, 0x30, 0x8, 0x80, 0x2, 0x20, 0x4,
    0xa2, 0xe, 0xe0, 0x0, 0x85, 0xff, 0x95, 0xbe,
    0x86, 0xcc, 0x3, 0x87, 0x77, 0xc6, 0x71, 0x48,
    0x7, 0x88, 0xbc, 0x2, 0x58, 0x1, 0xee, 0xdd,
    0xdd, 0x63, 0xe0, 0x1b, 0xfc, 0x0, 0xa9, 0x9d,
    0x5e, 0x42, 0x1, 0xb7, 0x40, 0x4, 0x4f, 0x81,
    0x40, 0x31, 0x11, 0xd8, 0x3, 0xc8, 0x4, 0x0,
    0x67, 0x0, 0x41, 0x0, 0x67, 0xaa, 0x18, 0x80,
    0xe, 0x0, 0x3f, 0x7b, 0xa7, 0x0,

    /* U+786E "确" */
    0x0, 0xfe, 0x1c, 0x40, 0xf, 0x8, 0xf8, 0x1,
    0x6, 0xa0, 0x1e, 0xae, 0xee, 0x23, 0x60, 0xef,
    0xf3, 0x80, 0x55, 0xea, 0x9f, 0xc1, 0xa9, 0xdf,
    0x60, 0xc0, 0x10, 0x82, 0x60, 0x3, 0xce, 0xc4,
    0x21, 0xc4, 0x3, 0x18, 0xa8, 0xc, 0x5e, 0xec,
    0x6d, 0xba, 0x50, 0x4, 0x8a, 0xbb, 0x29, 0x7,
    0xc0, 0xe7, 0x99, 0x80, 0xd4, 0xbf, 0x2c, 0x2,
    0x21, 0x2, 0x20, 0x18, 0xe8, 0x2c, 0x68, 0x0,
    0x4b, 0x68, 0x77, 0x42, 0xa, 0x6a, 0x1, 0xe2,
    0xf8, 0x1f, 0xf0, 0x82, 0x69, 0x80, 0x71, 0x81,
    0x10, 0x8, 0x80, 0x1f, 0xe1, 0x2f, 0xb1, 0xff,
    0x8, 0x6, 0x6f, 0x90, 0x7, 0x1f, 0xd0, 0xff,
    0x84, 0x3, 0x2f, 0x40, 0x1, 0xd0, 0x4, 0x3,
    0xf1, 0x8a, 0x21, 0xc6, 0x80, 0x38, 0x40, 0x21,
    0xe0, 0x3d, 0x87, 0x20, 0x1, 0x84, 0x80, 0x80,
    0x21, 0xc0, 0x9, 0x90, 0x0, 0x4d, 0xe, 0xa4,

    /* U+793A "示" */
    0x0, 0x12, 0xaf, 0xfc, 0x1, 0x92, 0xef, 0xfd,
    0x0, 0x19, 0xbb, 0xbf, 0xda, 0x1, 0xff, 0xd6,
    0x46, 0x55, 0xff, 0xe0, 0x32, 0xe5, 0xc4, 0x7a,
    0xa2, 0x3a, 0xe6, 0x37, 0x7d, 0x21, 0x9b, 0xbd,
    0x80, 0x10, 0xb0, 0x7, 0x8c, 0x3, 0xe8, 0x93,
    0x0, 0xed, 0xa0, 0xe, 0x26, 0x61, 0x80, 0x76,
    0xab, 0x80, 0x69, 0x19, 0x0, 0xf1, 0xc4, 0x10,
    0x0, 0xe9, 0x40, 0x1f, 0x9d, 0x28, 0x52, 0x19,
    0x0, 0x3f, 0xa8, 0x1d, 0x2e, 0x40, 0x8, 0xf0,
    0x2, 0x1, 0xf, 0xb0, 0x20, 0x4, 0xd0, 0x32,
    0x1, 0xc2, 0x1, 0xe2, 0xfd, 0x60, 0xf, 0x80,

    /* U+7981 "禁" */
    0x0, 0xe6, 0x20, 0xc, 0x28, 0x20, 0x1f, 0xd0,
    0xe0, 0x18, 0xac, 0x80, 0x38, 0x4c, 0xc4, 0x6,
    0x62, 0x20, 0xb8, 0x38, 0x90, 0x80, 0x1f, 0x75,
    0x83, 0x1b, 0x7f, 0xd6, 0x17, 0xda, 0xc0, 0x6,
    0xee, 0x20, 0x5d, 0x4e, 0xe8, 0x2, 0xdf, 0x70,
    0xd, 0x8, 0x19, 0x6a, 0x3e, 0x60, 0x98, 0x40,
    0x1a, 0x5f, 0x47, 0x68, 0xf0, 0x78, 0x25, 0x31,
    0x0, 0x16, 0xf8, 0x60, 0x29, 0xd, 0x82, 0x3,
    0x4f, 0xc0, 0xb, 0xc3, 0x34, 0x89, 0x5c, 0x1b,
    0xb3, 0x94, 0xd0, 0x4, 0x44, 0xd9, 0xad, 0xbd,
    0xd5, 0x3d, 0x48, 0x7, 0x8b, 0xbb, 0xfd, 0x60,
    0x19, 0x7f, 0xff, 0xf8, 0x4a, 0x0, 0x5e, 0xff,
    0x6f, 0xfa, 0x43, 0xfd, 0xbf, 0xee, 0x50, 0x8,
    0x42, 0x34, 0x80, 0x30, 0xe5, 0x90, 0x80, 0x64,
    0xd7, 0x82, 0x0, 0xc3, 0x6d, 0xb0, 0x1, 0x3d,
    0xbf, 0x39, 0x3d, 0x8, 0x1, 0x76, 0x1c, 0xc0,
    0xf, 0x74, 0x20, 0x52, 0x16, 0x1, 0x9f, 0x8c,
    0x0,

    /* U+79BB "离" */
    0x0, 0xfa, 0x5c, 0x3, 0xe1, 0x1f, 0x8e, 0x44,
    0x7c, 0x4d, 0xdf, 0xfc, 0x81, 0xff, 0xdd, 0x8f,
    0xfd, 0xd4, 0x7f, 0x74, 0x91, 0xdc, 0xfe, 0x0,
    0x31, 0xa5, 0xf5, 0xb6, 0xa0, 0x1, 0x10, 0x1,
    0x42, 0xa6, 0xd2, 0xc9, 0x33, 0x87, 0x70, 0x2,
    0x30, 0x5e, 0xb9, 0xea, 0x4e, 0x43, 0x0, 0xee,
    0x69, 0xd4, 0x26, 0xf8, 0x72, 0x0, 0xcc, 0xbd,
    0x5d, 0xbd, 0xd5, 0x73, 0x18, 0x5, 0x7b, 0xb6,
    0x5, 0x6e, 0xf4, 0x80, 0x3b, 0xff, 0x70, 0xc7,
    0xff, 0xa0, 0x1, 0x3d, 0xca, 0xb, 0xee, 0x5e,
    0x77, 0x10, 0x40, 0x6, 0x27, 0x6e, 0x82, 0x2f,
    0xf0, 0x88, 0x3, 0xd8, 0x21, 0x15, 0x8a, 0x6e,
    0x1, 0xf1, 0x9, 0x8e, 0x46, 0x3f, 0x80, 0x61,
    0x0, 0x6f, 0x5c, 0xb2, 0x14, 0x6c, 0x28, 0x80,
    0x61, 0x0, 0xfc, 0xe7, 0x61, 0xea, 0x1, 0xfc,
    0xbf, 0xa6,

    /* U+7A0B "程" */
    0x0, 0xc6, 0xf0, 0x1, 0xff, 0xc0, 0x7c, 0xfc,
    0x93, 0x16, 0xff, 0xf9, 0x40, 0x7, 0x74, 0x1b,
    0x62, 0x61, 0x99, 0xa8, 0x3, 0x23, 0xa0, 0x7,
    0x9, 0x9e, 0x70, 0xf, 0xfe, 0x0, 0xa2, 0x67,
    0x0, 0xd7, 0xb8, 0x1b, 0xc8, 0x61, 0x77, 0xa8,
    0x3, 0x7c, 0x28, 0x4c, 0x33, 0x3f, 0xfe, 0x50,
    0x2, 0x28, 0x82, 0x31, 0x8, 0x80, 0x38, 0x44,
    0x1, 0xb, 0x3, 0x38, 0x67, 0x7f, 0xf7, 0x50,
    0x5, 0x20, 0x2, 0x84, 0xce, 0xe4, 0x87, 0x73,
    0x68, 0x0, 0x6f, 0x0, 0x8b, 0xe2, 0x31, 0x80,
    0x88, 0x84, 0x7, 0x49, 0x80, 0x17, 0x65, 0xed,
    0xb0, 0xdd, 0x71, 0x80, 0x9c, 0x80, 0x42, 0xf,
    0x10, 0x60, 0x88, 0x88, 0x1, 0x88, 0x1, 0xc4,
    0xcb, 0xa0, 0xaa, 0x61, 0x0, 0x8, 0x7, 0xff,
    0x2c, 0xd1, 0x2d, 0x4, 0x49, 0x48, 0x3, 0x9c,
    0x26, 0xee, 0x70, 0xbb, 0xa9, 0xc0,

    /* U+7A0D "稍" */
    0x0, 0xf0, 0x80, 0x64, 0xa0, 0xf, 0x85, 0x27,
    0xb4, 0x1d, 0x40, 0x54, 0x0, 0xf4, 0x21, 0x7d,
    0x6d, 0x3e, 0x1b, 0x0, 0x18, 0x60, 0xc4, 0x27,
    0x2c, 0x18, 0xc2, 0x49, 0x40, 0x2d, 0x39, 0x0,
    0x11, 0x80, 0x71, 0xc2, 0x0, 0x51, 0xc0, 0x12,
    0xa8, 0xc1, 0x14, 0x85, 0x4c, 0x80, 0x98, 0x4,
    0x1, 0x57, 0x1, 0x76, 0x76, 0xdd, 0x40, 0x6e,
    0xd2, 0x0, 0xfe, 0x40, 0xfe, 0x51, 0x17, 0x77,
    0xf, 0x80, 0x42, 0x80, 0x42, 0x0, 0x14, 0x4e,
    0x10, 0xd, 0x20, 0xe, 0xd0, 0xa, 0xab, 0x80,
    0x30, 0xba, 0x84, 0x9c, 0x0, 0xff, 0xf0, 0x80,
    0x54, 0x3c, 0xb, 0x14, 0x2, 0xab, 0xc2, 0x0,
    0x24, 0xb0, 0x9, 0xc8, 0x1, 0x55, 0xc0, 0x11,
    0x62, 0x80, 0x78, 0x7f, 0xf8, 0x40, 0x23, 0x0,
    0xff, 0xe3, 0x88, 0x6, 0x10, 0xc, 0xb4, 0x20,
    0x1c, 0x24, 0x1, 0xf8, 0x55, 0x18, 0x3, 0x26,
    0x88, 0x1, 0xf8, 0x2, 0x4f, 0xb1, 0x0,

    /* U+7A7A "空" */
    0x0, 0xfa, 0x20, 0x1, 0xff, 0xc3, 0x37, 0x10,
    0xf, 0x85, 0x57, 0xc6, 0x4e, 0xab, 0xc4, 0xb,
    0x55, 0xe7, 0x29, 0xaa, 0xe5, 0x7, 0xc, 0xff,
    0x77, 0xff, 0xdc, 0x1, 0x38, 0x5, 0x3e, 0x60,
    0x1, 0xb6, 0x0, 0x10, 0x82, 0x71, 0x5b, 0x21,
    0x0, 0xd, 0xe7, 0x9f, 0x58, 0x0, 0x9e, 0x93,
    0x42, 0x0, 0x2c, 0xb3, 0x9d, 0x40, 0x5a, 0x2d,
    0x60, 0xf, 0x26, 0xc1, 0x8, 0x2d, 0xc3, 0x22,
    0x7f, 0x1f, 0x28, 0x1, 0x3e, 0xef, 0xfd, 0x22,
    0x1, 0xaf, 0xff, 0x28, 0xff, 0xec, 0x0, 0xff,
    0xe2, 0x8, 0x7, 0xff, 0x65, 0x10, 0x67, 0xc2,
    0x23, 0x3f, 0x21, 0x55, 0xe6, 0x72, 0x6, 0x67,
    0xae, 0xbf, 0xff, 0xf8, 0x7d, 0x20,

    /* U+7ACB "立" */
    0x0, 0xf1, 0xa8, 0x7, 0xff, 0xe, 0x68, 0x80,
    0x3f, 0xf8, 0x56, 0x10, 0x1, 0xfc, 0x44, 0x11,
    0x82, 0x64, 0x23, 0x88, 0x80, 0x17, 0xef, 0x76,
    0x9c, 0xee, 0xdb, 0xe0, 0x16, 0x77, 0x7f, 0xf0,
    0x30, 0x2, 0x11, 0x10, 0x8f, 0xcf, 0x20, 0x20,
    0x19, 0x31, 0x80, 0x3d, 0x8e, 0x1, 0xe4, 0x2b,
    0x0, 0xf2, 0x28, 0x80, 0x7a, 0xc9, 0x40, 0x31,
    0x8f, 0x0, 0x7c, 0xc3, 0x20, 0x1a, 0xc5, 0x0,
    0x3f, 0x31, 0x98, 0x2, 0x66, 0x0, 0x7f, 0x50,
    0x50, 0x1, 0x6, 0x80, 0x3f, 0x88, 0xc0, 0x2e,
    0x32, 0x0, 0xe6, 0x62, 0xad, 0x58, 0xac, 0xac,
    0xab, 0x33, 0x2, 0x26, 0xee, 0x8b, 0xb4, 0xa,
    0x5d, 0xd3, 0x20,

    /* U+7AEF "端" */
    0x0, 0x88, 0x40, 0x3c, 0xb4, 0x1, 0xfb, 0x20,
    0x2, 0xe3, 0x3, 0x40, 0x7, 0x28, 0x6, 0xb6,
    0x20, 0xe, 0x30, 0xf, 0xe5, 0xd2, 0x0, 0xb,
    0x89, 0x80, 0x88, 0x3, 0x57, 0xf6, 0x7f, 0x0,
    0xdf, 0x48, 0xf7, 0x4, 0x2, 0x8c, 0xcb, 0x74,
    0x1d, 0xff, 0xf2, 0x80, 0x8, 0xc8, 0x90, 0xe4,
    0x86, 0x7f, 0x20, 0x2, 0x30, 0x5, 0x45, 0x6b,
    0x75, 0x98, 0xdd, 0xa8, 0x1, 0xa6, 0x2a, 0x8,
    0xfd, 0xd2, 0x37, 0x76, 0x0, 0x20, 0x29, 0x90,
    0xae, 0x64, 0x88, 0xcc, 0xa8, 0x0, 0x25, 0x9a,
    0x80, 0x61, 0x4, 0xd6, 0x70, 0xcc, 0x0, 0xba,
    0x5f, 0x40, 0xe, 0x81, 0xe8, 0x28, 0x40, 0x18,
    0xc8, 0x91, 0xc0, 0x1f, 0xf0, 0xef, 0xe2, 0x56,
    0x0, 0x7f, 0xc2, 0x95, 0xf6, 0xc4, 0x1, 0x10,
    0x7, 0xe9, 0x50, 0xf, 0xb1, 0x8b, 0x9d, 0x5c,
    0x3, 0xf0, 0x80, 0x7b, 0xcf, 0xc0, 0x3f, 0x3d,
    0x80, 0x74, 0xf2, 0x0,

    /* U+7B49 "等" */
    0x0, 0x99, 0x40, 0x3c, 0xc2, 0x1, 0xf1, 0x4e,
    0x8, 0xe0, 0x69, 0x40, 0xf, 0xb8, 0x1f, 0xb9,
    0xfe, 0x58, 0xa, 0xff, 0xc6, 0x18, 0x79, 0xc8,
    0x5d, 0x5c, 0xbd, 0xf0, 0x3b, 0xe6, 0x1f, 0x86,
    0x13, 0xc1, 0x3, 0x62, 0xe, 0xe6, 0x0, 0x8c,
    0xdf, 0xec, 0xde, 0x35, 0xee, 0xcc, 0x80, 0x1d,
    0xba, 0xcc, 0x8d, 0x73, 0x36, 0x80, 0x78, 0x8b,
    0x80, 0x4, 0x5c, 0x1, 0x3f, 0xff, 0xc6, 0xbf,
    0xff, 0x1b, 0x66, 0xef, 0xf4, 0x85, 0x6e, 0x60,
    0xc4, 0xc8, 0xbf, 0xc0, 0xc4, 0x66, 0x0, 0xbf,
    0xff, 0xac, 0x33, 0xfc, 0x40, 0x16, 0x6d, 0xb6,
    0xef, 0x48, 0x56, 0x60, 0x80, 0x23, 0x21, 0x64,
    0x22, 0xe0, 0x63, 0x30, 0x7, 0x95, 0xa0, 0x40,
    0x21, 0x0, 0xff, 0xa7, 0x4, 0x17, 0xa8, 0x4c,
    0x3, 0xfc, 0x40, 0x5, 0x6a, 0xf0, 0xe,

    /* U+7B7E "签" */
    0x0, 0xd5, 0x0, 0x1d, 0xe, 0x1, 0xf8, 0xd4,
    0x91, 0xa, 0x2, 0xfc, 0x23, 0x80, 0x37, 0x2,
    0xdd, 0x50, 0xa0, 0x1b, 0xba, 0xf0, 0xa, 0xcb,
    0x60, 0xbb, 0xd1, 0xab, 0xca, 0x3b, 0xc0, 0x16,
    0x94, 0x46, 0x22, 0x31, 0x75, 0x4, 0xc1, 0x10,
    0x2, 0xec, 0xa0, 0x98, 0xb9, 0x50, 0x0, 0xbb,
    0x0, 0x72, 0x0, 0x4b, 0x68, 0x18, 0x20, 0x40,
    0x1f, 0x86, 0xa8, 0xb7, 0xad, 0xec, 0x1, 0xf2,
    0x57, 0x25, 0x50, 0x1, 0x54, 0xbd, 0x72, 0x0,
    0xb6, 0xd2, 0xe, 0xbf, 0xf5, 0x94, 0xf6, 0x70,
    0x84, 0xd7, 0x3f, 0x5e, 0x66, 0xba, 0x49, 0xec,
    0x10, 0x45, 0x3, 0x14, 0x1e, 0x23, 0x4e, 0xb0,
    0x1, 0x0, 0x77, 0xd8, 0x11, 0x10, 0x5, 0x30,
    0x3, 0xf4, 0x30, 0x82, 0x68, 0x20, 0x30, 0x7,
    0xe4, 0x22, 0x6, 0xf8, 0x72, 0x8, 0x7, 0xa,
    0x25, 0x2e, 0x84, 0x6a, 0x86, 0x88, 0x50, 0x8,
    0xae, 0xff, 0x50, 0x3d, 0xda, 0x84, 0x0,

    /* U+7BA1 "管" */
    0x0, 0xd6, 0xc0, 0x1d, 0x12, 0x1, 0xfa, 0x10,
    0x4c, 0xc8, 0x0, 0x75, 0x33, 0x90, 0x40, 0x8,
    0xe3, 0x19, 0xb6, 0x30, 0x5, 0x98, 0xda, 0x40,
    0x5b, 0x3e, 0x53, 0xee, 0x2b, 0xbb, 0x98, 0x7b,
    0x8a, 0x1c, 0x7a, 0x18, 0xc7, 0xc5, 0x30, 0x14,
    0x44, 0x0, 0xa2, 0x4, 0x6b, 0x20, 0x56, 0xa6,
    0x60, 0xf1, 0x30, 0x6, 0x5e, 0xef, 0x19, 0xb7,
    0x7b, 0x30, 0x0, 0x16, 0xef, 0xff, 0xf7, 0x30,
    0x80, 0x1f, 0xb, 0xbb, 0xfc, 0x1a, 0xc0, 0x9,
    0x50, 0x5, 0xff, 0xfa, 0x44, 0x12, 0x0, 0x31,
    0x85, 0xff, 0xfa, 0x40, 0x3f, 0xd7, 0xff, 0xf7,
    0x0, 0x7f, 0x5f, 0xff, 0xeb, 0x0, 0xfd, 0x3b,
    0xbf, 0x18, 0x7, 0xf1, 0x9f, 0xe7, 0x0, 0xf8,
    0xc2, 0xbb, 0xbe, 0x40, 0xf, 0xeb, 0xff, 0xf9,
    0x0, 0x30,

    /* U+7C7B "类" */
    0x0, 0x84, 0x2, 0x46, 0x0, 0x94, 0x3, 0xc3,
    0xf0, 0x0, 0xcb, 0x0, 0x25, 0x40, 0x7, 0xc,
    0x3c, 0x7, 0x80, 0xa, 0x96, 0x0, 0x3c, 0xd0,
    0x40, 0x19, 0xa, 0x80, 0x32, 0xff, 0xd0, 0xbf,
    0x5, 0xf2, 0x7f, 0xf4, 0x82, 0x5e, 0x6e, 0xac,
    0x4, 0xb5, 0x6b, 0x75, 0x96, 0x2, 0x86, 0x41,
    0x26, 0xc0, 0x4f, 0x4a, 0x46, 0x40, 0x19, 0xf5,
    0xb0, 0xc, 0x35, 0xe3, 0x8, 0x2, 0x8e, 0x89,
    0xb0, 0xe, 0x8b, 0x3d, 0x10, 0x1, 0x37, 0x30,
    0x3, 0x4c, 0x80, 0x9, 0xb2, 0x20, 0x5d, 0x8a,
    0x89, 0x61, 0x32, 0x24, 0xc4, 0x80, 0xb5, 0x5e,
    0x60, 0xaa, 0xf8, 0x1f, 0xbb, 0xb0, 0x8, 0xfb,
    0xbc, 0x1, 0xe1, 0xf4, 0xd1, 0xc1, 0x0, 0xfe,
    0x6f, 0x1a, 0xd, 0x7e, 0x71, 0x0, 0x89, 0xab,
    0xe5, 0xb0, 0x40, 0x6e, 0x27, 0xad, 0x80, 0x65,
    0xa3, 0xa0, 0x3, 0x9f, 0xe1, 0x80, 0x7, 0xf8,
    0xe2, 0x1, 0xf0, 0xbe, 0xb0, 0x0,

    /* U+7CFB "系" */
    0x0, 0xff, 0xe0, 0x12, 0x80, 0x62, 0x33, 0x22,
    0x15, 0xa2, 0xb3, 0xb6, 0xa8, 0x1, 0x5e, 0x6d,
    0x4d, 0xc8, 0xed, 0x53, 0x7a, 0x80, 0x29, 0xfe,
    0xe6, 0x90, 0x63, 0xb2, 0x90, 0x80, 0x7c, 0x36,
    0x3a, 0xa0, 0xbd, 0x82, 0x1, 0xc5, 0x1e, 0xfc,
    0x27, 0x54, 0x7d, 0x10, 0xe, 0x17, 0x12, 0xec,
    0xc0, 0x74, 0x8, 0x7, 0x8f, 0xfd, 0xa2, 0x79,
    0x43, 0x58, 0x20, 0x1c, 0x4b, 0x7b, 0x38, 0x60,
    0x8, 0xf, 0x30, 0x9, 0x36, 0x90, 0xe3, 0xbf,
    0xed, 0x31, 0xc5, 0x0, 0x24, 0xd6, 0x77, 0xd0,
    0x5f, 0x7f, 0xc9, 0xa0, 0x13, 0x0, 0x99, 0x30,
    0x38, 0x9b, 0x5, 0xc0, 0x4, 0x95, 0x20, 0x1e,
    0xa9, 0xa0, 0xc, 0xb6, 0xd6, 0x1, 0xe9, 0x92,
    0xe9, 0x4, 0x54, 0x48, 0x9, 0x20, 0x6, 0x6b,
    0x2b, 0x9, 0xa7, 0x0, 0x16, 0xc8, 0x98, 0x4,
    0x9b, 0x20, 0x2a, 0x1, 0x1c, 0xe7, 0x0, 0x71,
    0x0, 0x0,

    /* U+7EBF "线" */
    0x0, 0x84, 0xc0, 0x31, 0xa0, 0x80, 0x7f, 0x4e,
    0x10, 0x4, 0xb6, 0x46, 0xe0, 0x1f, 0x34, 0x10,
    0x4, 0x60, 0x41, 0xe, 0x1, 0xce, 0x6e, 0x42,
    0x0, 0x10, 0x1, 0xd2, 0x88, 0x4, 0x51, 0x21,
    0x3e, 0x20, 0x12, 0xab, 0x7f, 0x80, 0x3, 0xea,
    0xa4, 0x45, 0xb4, 0xc8, 0x2b, 0x82, 0xec, 0x0,
    0x22, 0x2f, 0x5a, 0x2e, 0x5, 0x6, 0xdc, 0x32,
    0x8, 0x1d, 0xf6, 0x5, 0x5, 0xcb, 0x3, 0x1b,
    0x57, 0x60, 0x1, 0x7, 0xe0, 0x41, 0x62, 0x82,
    0xb7, 0x45, 0x1e, 0x1, 0x48, 0x38, 0x3, 0xcb,
    0x4d, 0x7a, 0xc5, 0x8, 0x1, 0x4c, 0x39, 0xd3,
    0x54, 0x6b, 0x70, 0x86, 0x80, 0xb, 0x16, 0xa6,
    0xa0, 0x2, 0x42, 0xa7, 0x8a, 0x0, 0x9a, 0x9d,
    0x56, 0x10, 0x1, 0x8a, 0xcb, 0x80, 0x42, 0xd1,
    0x7b, 0xd4, 0x60, 0x5a, 0x1, 0x85, 0xc0, 0x69,
    0x8a, 0x3b, 0x87, 0x1a, 0x3e, 0xf2, 0xcc, 0x83,
    0xd, 0xe9, 0x51, 0x2e, 0x78, 0xc1, 0x86, 0x98,
    0x43, 0x1, 0x0, 0xc5, 0x7c, 0xe0, 0x14, 0xd3,
    0xd8, 0x7, 0xe4, 0x10, 0xe, 0x58, 0x0, 0x0,

    /* U+7ECF "经" */
    0x0, 0xff, 0xe4, 0x63, 0x0, 0x8, 0x47, 0xc0,
    0x1c, 0x86, 0xa0, 0xc, 0xee, 0xf1, 0x80, 0x68,
    0x63, 0x0, 0x7f, 0x7f, 0xb8, 0x98, 0xc0, 0x26,
    0x19, 0x9, 0xa1, 0x10, 0x2, 0xc6, 0x40, 0x22,
    0x8e, 0x3, 0x62, 0x0, 0xa9, 0x58, 0x3, 0x70,
    0xf7, 0x30, 0xe0, 0xb, 0x1f, 0x1b, 0x50, 0x1,
    0x13, 0x24, 0x1d, 0x29, 0xd7, 0xd3, 0xc7, 0xb9,
    0x4, 0x66, 0x2d, 0xd, 0xb4, 0x58, 0x5, 0x4e,
    0xa0, 0x17, 0xba, 0x4, 0xd2, 0x11, 0x63, 0xbd,
    0x1, 0xc0, 0xd7, 0xa5, 0xec, 0xdd, 0xd9, 0x80,
    0x3, 0x99, 0x55, 0x83, 0x5f, 0xfa, 0x47, 0xfe,
    0x10, 0x79, 0xdf, 0xca, 0x30, 0xf, 0xf0, 0xb1,
    0x0, 0x8, 0x80, 0x1f, 0xe3, 0x68, 0xbe, 0xdb,
    0x0, 0xff, 0x54, 0xb8, 0x35, 0xe1, 0x9d, 0xc2,
    0x67, 0x20, 0x5e, 0x7d, 0xc2, 0x5e, 0x6e, 0x98,
    0x77, 0x59, 0x62,

    /* U+7ED1 "绑" */
    0x0, 0x94, 0x2, 0x4a, 0x0, 0xff, 0x15, 0x28,
    0x0, 0x54, 0x0, 0x68, 0x98, 0x2, 0xa3, 0x50,
    0x8, 0x40, 0x13, 0x53, 0x54, 0x0, 0x9a, 0x0,
    0xf6, 0xc7, 0x6c, 0x1f, 0x51, 0x0, 0x6, 0x24,
    0xa6, 0x86, 0x9, 0xf3, 0x0, 0x3f, 0x80, 0xc7,
    0x92, 0x9a, 0xe8, 0xa2, 0x0, 0x2, 0x48, 0x14,
    0x31, 0xe6, 0xc2, 0x60, 0x24, 0x0, 0x42, 0x10,
    0xe8, 0xd2, 0x84, 0xe9, 0x1e, 0x90, 0x7, 0xa0,
    0x1, 0x5f, 0x91, 0x2e, 0x91, 0xfb, 0x0, 0x63,
    0x80, 0x42, 0xf0, 0x0, 0x10, 0x30, 0xc, 0xc5,
    0x0, 0x3a, 0x49, 0x48, 0xbe, 0xa, 0xc0, 0x14,
    0xb0, 0x19, 0x83, 0xb4, 0x21, 0xce, 0x74, 0x2,
    0x41, 0x22, 0x76, 0xcb, 0xa6, 0x93, 0x65, 0x80,
    0x4a, 0x1, 0x92, 0x2e, 0xc2, 0x78, 0x1, 0xaa,
    0xcc, 0x9b, 0xa8, 0xb6, 0xa4, 0x90, 0x3, 0x74,
    0x60, 0x36, 0x75, 0x32, 0xbc, 0x80, 0x46, 0x8,
    0xe0, 0x11, 0x80, 0x5d, 0x8, 0x1, 0x8c, 0x3,
    0xfa, 0x9c, 0x3, 0x55, 0x0, 0x30,

    /* U+7ED3 "结" */
    0x0, 0x8d, 0x0, 0x3c, 0xb8, 0x1, 0xfa, 0xac,
    0xc0, 0x38, 0x8c, 0x3, 0xf3, 0xb1, 0x80, 0x70,
    0x88, 0x3, 0xe6, 0x18, 0x2, 0x5f, 0xfa, 0x47,
    0xff, 0x30, 0x2, 0x1c, 0x5b, 0x43, 0x31, 0xae,
    0x3b, 0xac, 0xc3, 0x85, 0x4, 0x85, 0x9a, 0x99,
    0x8b, 0x80, 0x88, 0x66, 0x11, 0x28, 0xf7, 0x97,
    0x1, 0x19, 0x70, 0x11, 0xc, 0x40, 0x62, 0xac,
    0x20, 0x83, 0xb3, 0x5c, 0x77, 0x58, 0xe0, 0x7,
    0x5d, 0x27, 0x0, 0x67, 0xff, 0xcc, 0x1, 0x23,
    0x70, 0x4, 0x26, 0x7f, 0x0, 0x4d, 0x65, 0x57,
    0xc4, 0xd9, 0xbb, 0xb3, 0x2, 0x0, 0xc0, 0x1,
    0x9a, 0x8, 0x45, 0xdd, 0xac, 0x4, 0x1, 0x5f,
    0xb5, 0xc, 0x1, 0xff, 0xc1, 0x13, 0x58, 0xa3,
    0x0, 0x11, 0x70, 0x4, 0x3f, 0xd9, 0x4a, 0x4,
    0x3, 0xbb, 0xa4, 0x2, 0x14, 0x6a, 0xed, 0xa1,
    0x1b, 0xff, 0x58, 0x6, 0xb9, 0x51, 0x0, 0xff,
    0x84, 0x3, 0xf9, 0xb0, 0x3, 0x27, 0x88, 0x0,

    /* U+7EDC "络" */
    0x0, 0xfe, 0x13, 0x0, 0xff, 0x2b, 0x0, 0x66,
    0xc3, 0x0, 0xfe, 0x9a, 0x0, 0xd4, 0x6e, 0x89,
    0x80, 0x31, 0x9b, 0xc0, 0x25, 0x22, 0x4c, 0xd7,
    0xe0, 0x1a, 0x58, 0xde, 0x2, 0x1, 0x77, 0x56,
    0x12, 0x1, 0x2a, 0x40, 0xc0, 0xd1, 0xe2, 0x29,
    0x4c, 0x10, 0x0, 0xa8, 0x37, 0x6, 0x37, 0x46,
    0xf5, 0x8a, 0xe0, 0x11, 0x3d, 0xc9, 0x40, 0xb9,
    0x87, 0x0, 0xe0, 0x7, 0x42, 0xe1, 0xb0, 0xb,
    0x64, 0xc3, 0xce, 0xb9, 0x80, 0x46, 0xdc, 0x5,
    0xd2, 0xda, 0xf1, 0xaf, 0x18, 0x60, 0x7a, 0x57,
    0x8b, 0x2e, 0xbb, 0xfe, 0xd5, 0x7a, 0x30, 0x51,
    0x3, 0x44, 0x36, 0x8e, 0xee, 0x1e, 0x50, 0x3,
    0x76, 0xd4, 0x18, 0x4, 0x45, 0x80, 0xc0, 0x30,
    0xa3, 0xe6, 0x80, 0x7f, 0xf0, 0x23, 0xee, 0xaf,
    0xc0, 0x3, 0xbb, 0x84, 0x3, 0x5a, 0xde, 0xb9,
    0x0, 0x53, 0x38, 0x3, 0x8e, 0x90, 0x3, 0x18,
    0xa2, 0x61, 0x30, 0xf, 0xf3, 0x60, 0x6, 0xe6,
    0x0, 0x0,

    /* U+7EDD "绝" */
    0x0, 0x8c, 0xc0, 0x19, 0x60, 0x3, 0xfd, 0x58,
    0x20, 0x14, 0x18, 0x7, 0xf9, 0xa0, 0x40, 0xa,
    0x4b, 0xbb, 0x58, 0x7, 0x38, 0xb8, 0x5, 0x69,
    0x70, 0xa5, 0xa0, 0x18, 0x66, 0xc1, 0x6, 0x46,
    0x95, 0x46, 0x4c, 0x1, 0xad, 0x54, 0x35, 0x9f,
    0x22, 0x6, 0x90, 0x1, 0xca, 0x9f, 0xc3, 0xef,
    0x3f, 0xec, 0xa, 0xff, 0x10, 0x2, 0xf7, 0x43,
    0x44, 0x0, 0xac, 0x28, 0xca, 0x0, 0xc8, 0x52,
    0xea, 0x2, 0xc, 0x60, 0x26, 0xe0, 0x60, 0x14,
    0x84, 0x80, 0x7f, 0xf0, 0xa5, 0x86, 0xf2, 0x40,
    0x19, 0xe5, 0x3f, 0xa0, 0x1b, 0x81, 0x8a, 0xf4,
    0x1, 0x7d, 0xdb, 0x0, 0xc0, 0xf, 0xf9, 0x2e,
    0x80, 0x7, 0x11, 0xc7, 0xe4, 0x1, 0xc2, 0xac,
    0x1, 0xff, 0xc, 0xe7, 0x72, 0xb0, 0x3, 0xf2,
    0xe9, 0xb, 0x3, 0x5f, 0xd0, 0x2, 0x88, 0xba,
    0x48, 0x81, 0xb9, 0x8, 0x1, 0x43, 0xee, 0xf1,
    0x50, 0x0,

    /* U+7EDF "统" */
    0x0, 0x84, 0x3, 0xc9, 0x20, 0x1f, 0xd7, 0xa2,
    0x1, 0xcc, 0xa0, 0x1f, 0xa, 0xa8, 0x40, 0x84,
    0x4a, 0xa1, 0x18, 0x84, 0x2, 0x91, 0x80, 0x6,
    0xf7, 0x4b, 0x7d, 0xcd, 0xa0, 0x0, 0xbd, 0x86,
    0x5f, 0x7f, 0x8a, 0x3f, 0xf5, 0x80, 0xe9, 0xb,
    0x1e, 0x8, 0x29, 0x18, 0x7, 0x8c, 0xe8, 0x93,
    0x70, 0x1b, 0x94, 0xa, 0xb0, 0x8, 0xbf, 0xa8,
    0x38, 0xf, 0x1d, 0x80, 0x1e, 0x94, 0x1, 0x86,
    0x20, 0x41, 0x24, 0xfd, 0xfe, 0xa1, 0x56, 0x0,
    0xac, 0x98, 0xdb, 0x99, 0x43, 0xd, 0xb9, 0x90,
    0x1, 0x2a, 0x7d, 0x94, 0x93, 0x80, 0x60, 0x14,
    0x90, 0x3, 0xd2, 0x2b, 0x70, 0x1, 0xe4, 0x1,
    0xf9, 0xad, 0xd4, 0x80, 0x23, 0x60, 0xf, 0xf8,
    0xe7, 0x88, 0x89, 0xe0, 0x1f, 0xa3, 0x3f, 0x1d,
    0xc7, 0x22, 0xa0, 0x19, 0x34, 0x81, 0x5, 0xf7,
    0xa6, 0x12, 0x80, 0xe, 0xa7, 0xc6, 0x41, 0xba,
    0x82, 0x7, 0x68, 0x40, 0x6, 0x9e, 0x2c, 0x0,
    0x4, 0x3, 0x3e, 0x38, 0x4, 0xdf, 0xf3, 0x0,

    /* U+7EE7 "继" */
    0x0, 0x98, 0x3, 0xf5, 0x28, 0x7, 0x8e, 0x60,
    0x3, 0x11, 0x1, 0x8, 0x18, 0x80, 0x2a, 0x28,
    0x0, 0x74, 0x5c, 0x81, 0x80, 0xca, 0x80, 0x5,
    0xa4, 0xc, 0xf, 0xed, 0x8, 0x1, 0x22, 0xe0,
    0xb, 0x54, 0x3c, 0x70, 0x1, 0x39, 0x80, 0x36,
    0x0, 0x8, 0xaf, 0xd8, 0x4e, 0x0, 0x3c, 0x53,
    0xe1, 0x23, 0x4, 0x99, 0x30, 0x70, 0x5, 0xf7,
    0x61, 0x6b, 0xb7, 0x0, 0x19, 0x8f, 0x6, 0x1,
    0x67, 0xc0, 0x47, 0xfb, 0x40, 0x2e, 0x47, 0x0,
    0xf4, 0x87, 0x58, 0x6, 0xa3, 0xd6, 0x60, 0x6,
    0x73, 0x20, 0x59, 0x0, 0x98, 0x26, 0x3c, 0x2,
    0x28, 0x80, 0x75, 0xb2, 0x0, 0x3b, 0x3f, 0xa4,
    0x1, 0xfe, 0x35, 0x0, 0x2a, 0x8, 0x0, 0x8c,
    0x3, 0xc9, 0xe0, 0xf, 0xb, 0x50, 0x2, 0x34,
    0xe7, 0x80, 0x3e, 0x4c, 0x7, 0xc0, 0x30, 0xdc,
    0xaa, 0xa8, 0xf, 0x8c, 0xef, 0x43, 0x38, 0x45,
    0x9f, 0x92, 0xa0, 0x6d, 0x99, 0xf9, 0x40,

    /* U+7EEA "绪" */
    0x0, 0xff, 0x1a, 0x80, 0x7f, 0x46, 0x90, 0x6,
    0x49, 0x0, 0x8c, 0x3, 0x99, 0x84, 0x0, 0x33,
    0x78, 0x98, 0xa6, 0x40, 0x4, 0xa3, 0x20, 0x21,
    0xba, 0x72, 0xd7, 0x92, 0x80, 0xa, 0x1c, 0x97,
    0x93, 0xb9, 0x27, 0xd8, 0x78, 0x1, 0x49, 0xc8,
    0x42, 0x39, 0x13, 0x82, 0x16, 0xcc, 0x8a, 0x61,
    0xef, 0x29, 0xcc, 0x98, 0xdc, 0x6f, 0x36, 0xa,
    0x6f, 0x2, 0x4b, 0xfb, 0xa1, 0x6e, 0xeb, 0xe8,
    0x19, 0x28, 0xd8, 0x3, 0x51, 0xd8, 0x8c, 0x1,
    0x95, 0xb8, 0x2, 0x5e, 0x52, 0xde, 0xe8, 0x2,
    0x4a, 0x28, 0xc9, 0x3b, 0x1e, 0xff, 0xac, 0x3,
    0x85, 0xcd, 0xb, 0xc, 0x14, 0xcf, 0x0, 0x64,
    0xea, 0x98, 0x84, 0xc0, 0x5e, 0x65, 0x0, 0x18,
    0x4d, 0x5e, 0x61, 0x80, 0x1d, 0xff, 0x58, 0x4,
    0x3d, 0x95, 0xbf, 0x0, 0x17, 0xf7, 0x56, 0x1,
    0xc, 0xdf, 0xd3, 0x18, 0x18, 0x5d, 0xe7, 0x0,
    0xcc, 0x80, 0x1e, 0x15, 0x5d, 0x80, 0x10,

    /* U+7EED "续" */
    0x0, 0x90, 0xc0, 0x3d, 0x10, 0x0, 0xfd, 0x5c,
    0x1, 0xe2, 0x20, 0x7, 0xc8, 0x32, 0x0, 0x7f,
    0xf9, 0x55, 0xff, 0x70, 0x5, 0xe6, 0x88, 0x16,
    0xde, 0xe2, 0xa7, 0x73, 0x70, 0x0, 0x49, 0x1,
    0x70, 0xa8, 0xee, 0x67, 0x79, 0x18, 0x1, 0xc4,
    0x8a, 0x30, 0x5b, 0xb3, 0xbb, 0x75, 0x26, 0x4,
    0x65, 0xf5, 0x22, 0xde, 0x77, 0x25, 0x32, 0x5,
    0x2, 0xbd, 0x82, 0x70, 0x9, 0xb1, 0x98, 0x22,
    0x72, 0x0, 0x21, 0xcc, 0x0, 0x13, 0x31, 0x6e,
    0x4, 0x70, 0x1, 0xe, 0x92, 0x90, 0xbb, 0x4b,
    0x80, 0x4, 0x3, 0xa0, 0xcd, 0xfa, 0x66, 0xc3,
    0x7, 0x0, 0xfa, 0xa2, 0xfb, 0xca, 0x3d, 0x76,
    0x83, 0x77, 0x0, 0xd, 0xd0, 0x40, 0x17, 0x33,
    0x2, 0x4c, 0xe0, 0x3, 0xcd, 0xef, 0xb1, 0xa2,
    0x38, 0x67, 0x89, 0x10, 0x0, 0xc4, 0x1b, 0xc7,
    0x37, 0xd5, 0xb2, 0x39, 0xd5, 0x0, 0x5e, 0xd3,
    0x1a, 0x64, 0x2f, 0x20, 0x4e, 0xb5, 0x88, 0x7,
    0x96, 0xfe, 0x4, 0x2, 0x2b, 0xf1,

    /* U+7EF4 "维" */
    0x0, 0xa5, 0x40, 0x25, 0xc2, 0x25, 0x0, 0x7c,
    0x4c, 0x60, 0x16, 0x11, 0xd, 0x58, 0x3, 0xca,
    0x4c, 0x1, 0x3b, 0x0, 0xc9, 0x0, 0x7a, 0xac,
    0x24, 0xcc, 0x2d, 0xdc, 0x8a, 0xee, 0x20, 0x1,
    0x9, 0x8d, 0x82, 0x82, 0xf6, 0x6, 0xaa, 0x50,
    0x4, 0xb0, 0x52, 0x13, 0x3, 0x9a, 0x82, 0xa2,
    0x4, 0x10, 0x9b, 0xda, 0x2c, 0x41, 0x89, 0x80,
    0x8a, 0x0, 0x24, 0x5b, 0x21, 0x24, 0x85, 0xed,
    0x6, 0x6f, 0x80, 0x4e, 0xad, 0x3, 0xea, 0x1b,
    0xf8, 0x1d, 0xfa, 0x1, 0xa0, 0xcc, 0x2, 0x1,
    0xff, 0xc0, 0x66, 0x23, 0x41, 0x0, 0x11, 0xa,
    0x8, 0x90, 0x5, 0xe0, 0xf6, 0x64, 0x0, 0xa8,
    0xa0, 0x98, 0xf0, 0xa, 0xf7, 0xf6, 0xc0, 0x2e,
    0xcf, 0xd, 0xcb, 0x0, 0x88, 0xc9, 0x62, 0x80,
    0x3f, 0xe2, 0xfe, 0xdb, 0x2d, 0x0, 0x6f, 0xe0,
    0x77, 0xfc, 0x4, 0xb3, 0xdc, 0xa7, 0x0, 0x67,
    0x77, 0x6e, 0x80, 0x14, 0xc2, 0x1, 0xc2, 0x3e,
    0x22, 0x0,

    /* U+7F16 "编" */
    0x0, 0x8c, 0xc0, 0x1c, 0x38, 0x80, 0x1f, 0xa7,
    0x4, 0x3, 0x9, 0x60, 0x7, 0xe4, 0x81, 0x5,
    0xee, 0x85, 0xfb, 0xa6, 0x0, 0x94, 0x1c, 0x2,
    0x1f, 0xf7, 0x73, 0xfc, 0x1, 0xdd, 0x21, 0x26,
    0x0, 0x11, 0xf0, 0x6, 0x55, 0x38, 0xb5, 0x18,
    0x7f, 0xf8, 0x40, 0x28, 0x1e, 0xe1, 0xc8, 0x8b,
    0xff, 0xe6, 0x0, 0x45, 0x58, 0x70, 0x79, 0x80,
    0x7f, 0x95, 0x5c, 0xe4, 0x6, 0x5f, 0xff, 0x84,
    0x0, 0xee, 0x80, 0x2, 0x85, 0x60, 0xf9, 0x5e,
    0x80, 0x83, 0x40, 0xf7, 0xa8, 0x88, 0x3, 0xfc,
    0x6b, 0x75, 0xb0, 0xa7, 0x58, 0x3e, 0x57, 0xa0,
    0x12, 0xd3, 0x20, 0xa4, 0x4, 0xd8, 0xf8, 0xde,
    0x0, 0x42, 0x91, 0xb9, 0x64, 0x6, 0xe0, 0x18,
    0x40, 0x3, 0xd6, 0xb5, 0x84, 0x1, 0x38, 0x4,
    0x22, 0x0, 0xb, 0xde, 0xb9, 0x80, 0xc, 0x13,
    0xc3, 0x8f, 0x80, 0x28, 0x40, 0xe, 0x10, 0x0,
    0x80, 0x8, 0x8e, 0x1, 0xfd, 0xea, 0x1, 0x93,
    0xe0, 0x0,

    /* U+7F51 "网" */
    0x6f, 0xff, 0xfe, 0x13, 0x98, 0x5e, 0x67, 0xfc,
    0x2, 0x0, 0x53, 0x38, 0x40, 0xce, 0x11, 0x18,
    0x6, 0x29, 0x10, 0xac, 0x10, 0x2, 0x69, 0x0,
    0x61, 0x79, 0x4, 0x59, 0x90, 0x61, 0x90, 0x6,
    0x3b, 0x73, 0x37, 0x7b, 0x12, 0x58, 0x7, 0x95,
    0x34, 0x51, 0xcb, 0x85, 0x80, 0x3e, 0x81, 0x70,
    0x4, 0x1a, 0x8, 0x7, 0xf2, 0x0, 0x1c, 0x3,
    0xfd, 0x6, 0x4e, 0x10, 0x8, 0x60, 0x1e, 0x44,
    0x72, 0xda, 0x2d, 0x97, 0x80, 0x71, 0xca, 0x95,
    0xf5, 0x22, 0x20, 0xcc, 0x1, 0x94, 0xec, 0x6,
    0xc2, 0x81, 0x78, 0xc0, 0x33, 0x78, 0x80, 0x27,
    0x4, 0x0, 0x20, 0x1e, 0x10, 0xc, 0x40, 0x1,
    0x9b, 0x3, 0x30, 0x7, 0xf8, 0x49, 0x98, 0xa0,

    /* U+7F6E "置" */
    0x6, 0xee, 0xff, 0xe0, 0x48, 0x4, 0x3d, 0xc8,
    0x7e, 0xe3, 0xb7, 0x71, 0x40, 0x3b, 0x31, 0x6f,
    0x98, 0x76, 0xcc, 0x29, 0x80, 0x1f, 0x7b, 0x9f,
    0x93, 0x19, 0x8e, 0xe6, 0x58, 0x0, 0x84, 0x3,
    0x7d, 0x0, 0x61, 0x20, 0x2c, 0xdc, 0xcc, 0xa3,
    0x99, 0xb7, 0x40, 0x5f, 0xdf, 0xf8, 0x9f, 0xff,
    0x77, 0x0, 0x37, 0x7f, 0xc6, 0xdf, 0xf7, 0x0,
    0x7d, 0x59, 0x9e, 0xd0, 0xf, 0x86, 0x7b, 0xbd,
    0xe0, 0x1f, 0xaa, 0x23, 0xd4, 0x1, 0xfa, 0xe2,
    0x3d, 0x40, 0x1f, 0x9d, 0x9b, 0xe0, 0xf, 0xdb,
    0xdd, 0xef, 0x0, 0xdb, 0xfe, 0x18, 0xaa, 0xf5,
    0x87, 0x7f, 0x6f, 0xfd, 0xdd, 0xfb, 0xfb, 0xf8,

    /* U+8046 "聆" */
    0x0, 0xff, 0x95, 0x40, 0x1e, 0x11, 0xf8, 0x2,
    0xba, 0x0, 0xe3, 0xee, 0xf9, 0x81, 0x45, 0x18,
    0x3, 0x1f, 0x8c, 0xfe, 0x6, 0xb0, 0x43, 0xc4,
    0x4, 0x3, 0xff, 0x81, 0x5, 0x26, 0xb4, 0x1,
    0xe9, 0xed, 0x0, 0x1b, 0xcc, 0xe5, 0xd4, 0x0,
    0xd1, 0x94, 0xf, 0xaa, 0xdc, 0xc7, 0xa7, 0x62,
    0x1, 0x9, 0x38, 0xa, 0x50, 0x3a, 0x99, 0xbe,
    0x44, 0x2, 0x10, 0x9, 0xac, 0x40, 0x68, 0x80,
    0x58, 0x3, 0x47, 0xe0, 0x2, 0xbb, 0xff, 0xb0,
    0x3, 0xa7, 0xf0, 0x1, 0x7f, 0xfa, 0xc3, 0x80,
    0x3f, 0x9c, 0xc0, 0xc0, 0x12, 0xe4, 0x1, 0x8,
    0x64, 0x40, 0x2a, 0xc3, 0x6e, 0xe, 0x0, 0x25,
    0xe1, 0x43, 0x20, 0xd8, 0xa, 0x47, 0xb0, 0xc,
    0x91, 0x9d, 0x74, 0x1, 0x93, 0x3, 0x80, 0x30,
    0xb9, 0x80, 0x7e, 0x3b, 0x45, 0x0, 0xfc, 0xe0,
    0x20, 0x19, 0x31, 0x40, 0x20,

    /* U+8054 "联" */
    0x0, 0xfc, 0x30, 0x1, 0x43, 0x0, 0x47, 0xdb,
    0xbd, 0xce, 0xe5, 0x0, 0x37, 0x80, 0x45, 0x47,
    0x5d, 0x47, 0xae, 0xeb, 0x4, 0x18, 0x0, 0x85,
    0x0, 0x8c, 0x80, 0xc2, 0xac, 0x39, 0x80, 0x40,
    0x38, 0xc8, 0xc0, 0x1f, 0xb5, 0xea, 0xdd, 0xc1,
    0x0, 0xd3, 0xb2, 0x0, 0xce, 0xe1, 0x3f, 0x73,
    0x44, 0x3, 0x57, 0xd0, 0x0, 0x84, 0x41, 0xe2,
    0x22, 0x0, 0xff, 0xe0, 0x98, 0x80, 0x7e, 0xd4,
    0xd0, 0x14, 0x48, 0x79, 0x12, 0x20, 0xc, 0xd4,
    0xc0, 0x95, 0x50, 0x3d, 0x54, 0x80, 0x1a, 0xfa,
    0xc1, 0x7b, 0x94, 0x7, 0xdd, 0x30, 0x7, 0xc2,
    0xa4, 0x18, 0x46, 0x40, 0x1c, 0x43, 0xd7, 0x60,
    0x90, 0x2, 0xd3, 0x48, 0x6, 0x3d, 0x7, 0xc6,
    0x1c, 0x26, 0x26, 0x84, 0x70, 0x8, 0xe7, 0xb1,
    0xf4, 0x0, 0x52, 0xe2, 0x29, 0x89, 0x10, 0x3,
    0x8, 0x0, 0xc0, 0x7c, 0xa0, 0x0, 0xce, 0xd6,
    0x1, 0xe1, 0x19, 0xfc, 0x3, 0x44, 0xc0, 0x0,

    /* U+80FD "能" */
    0x0, 0x94, 0x3, 0x98, 0x80, 0x3e, 0x2a, 0xa0,
    0x6, 0x97, 0x0, 0x11, 0x0, 0x2e, 0x2a, 0x12,
    0x0, 0x8, 0x1, 0xf7, 0x80, 0xe, 0x7c, 0x17,
    0xe0, 0x17, 0x72, 0xa3, 0x1, 0xa2, 0x6, 0x12,
    0x54, 0x0, 0x7a, 0xd7, 0x0, 0x70, 0x47, 0xf7,
    0x9, 0x54, 0x12, 0x80, 0xd, 0x69, 0xde, 0xfe,
    0xdd, 0x95, 0x51, 0x15, 0x12, 0x8f, 0xf7, 0xfe,
    0x40, 0xb9, 0xdd, 0x7e, 0x98, 0x1, 0xf7, 0x61,
    0x30, 0x2, 0x2a, 0xc4, 0x1, 0xfe, 0xc5, 0x0,
    0x9, 0x0, 0x4f, 0xbb, 0x8, 0x0, 0xc0, 0xe7,
    0xa0, 0x2, 0x9f, 0xf8, 0x40, 0x3, 0x5f, 0xdc,
    0xa0, 0xa, 0x3b, 0xa1, 0x0, 0xab, 0x1c, 0x40,
    0x33, 0x6e, 0xc0, 0x1f, 0x98, 0x80, 0x1c, 0x67,
    0x8, 0x7, 0xdb, 0x20, 0x1e, 0x10, 0xb, 0x44,
    0x44, 0x98, 0x6, 0x0, 0x2e, 0x16, 0x7, 0x77,
    0x73, 0x49, 0x83, 0x98, 0xb, 0xb8, 0x61, 0x3f,
    0xfb, 0x44,

    /* U+81EA "自" */
    0x0, 0xe9, 0x60, 0xf, 0xfe, 0x3, 0x78, 0x7,
    0xfc, 0x21, 0xa0, 0x1f, 0xbf, 0xee, 0xb, 0xff,
    0xf1, 0x0, 0x1e, 0xef, 0xf4, 0x80, 0x6d, 0x44,
    0xfc, 0xa0, 0x18, 0x8b, 0xf9, 0x80, 0x34, 0x6e,
    0xfe, 0xa0, 0xd, 0x5f, 0xff, 0xb0, 0x3, 0xff,
    0x8d, 0x5f, 0xff, 0xb0, 0x3, 0x46, 0xef, 0xea,
    0x0, 0xc4, 0x5f, 0xcc, 0x1, 0x88, 0xbf, 0x98,
    0x3, 0x46, 0xef, 0xea, 0x0, 0xd5, 0xff, 0xfb,
    0x0, 0x3f, 0xf8, 0x80,

    /* U+8272 "色" */
    0x0, 0xf1, 0x80, 0x7f, 0xf0, 0xc7, 0x30, 0x1,
    0xff, 0xc2, 0xa0, 0xa4, 0x4e, 0x20, 0xf, 0xa1,
    0xa, 0xe6, 0x6b, 0x92, 0x0, 0xf4, 0x3c, 0xee,
    0xea, 0xf, 0x0, 0xe2, 0xc7, 0x84, 0x22, 0x96,
    0x20, 0x4, 0x40, 0xa, 0xc9, 0x23, 0x77, 0x50,
    0x46, 0xec, 0x20, 0x9, 0xfc, 0x1f, 0xfa, 0x47,
    0xfe, 0xa0, 0x10, 0x8, 0x40, 0x3f, 0xf8, 0xe4,
    0x50, 0x81, 0x14, 0x60, 0x1f, 0xe, 0x65, 0x21,
    0x99, 0x48, 0x7, 0xc3, 0xdd, 0xfb, 0x10, 0x40,
    0x3f, 0xf8, 0x47, 0x62, 0x1, 0xff, 0xca, 0x10,
    0xf, 0xf4, 0xc0, 0x4, 0x41, 0x8, 0x9f, 0x99,
    0x9e, 0x1, 0x2a, 0x35, 0xdf, 0xd5, 0x6e, 0xe0,

    /* U+82AF "芯" */
    0x0, 0xc6, 0xc0, 0x1a, 0x58, 0x3, 0xfa, 0xe4,
    0x3, 0x3f, 0x80, 0x72, 0x2a, 0xc4, 0xa, 0xb8,
    0x9, 0x57, 0x7, 0xdd, 0xca, 0x17, 0x78, 0x52,
    0xee, 0xa0, 0xbe, 0xe9, 0xc7, 0xbb, 0x13, 0xf7,
    0x5e, 0x1, 0xff, 0xc0, 0x10, 0xf, 0xec, 0x80,
    0x1, 0x4, 0xd0, 0x7, 0xf2, 0x30, 0x5e, 0xa,
    0x18, 0x7, 0x89, 0x45, 0xfc, 0x64, 0x6c, 0x0,
    0x90, 0x1, 0xaa, 0x86, 0x20, 0x2, 0x85, 0x40,
    0xc7, 0x40, 0x8, 0xc8, 0x80, 0x19, 0xdc, 0x81,
    0x7, 0x20, 0x12, 0x28, 0x7, 0xa0, 0x2, 0xe2,
    0x90, 0x40, 0xc0, 0xf, 0xf1, 0x32, 0x6, 0x8a,
    0x0, 0x7e, 0x5b, 0x19, 0xd0, 0x9d, 0x0, 0xca,
    0x23, 0xb9, 0x44, 0x3, 0x18, 0x1, 0x42, 0xfb,
    0xb2, 0x58, 0x7, 0xe3, 0xfe, 0xee, 0xf5, 0x0,
    0xc0,

    /* U+82BD "芽" */
    0x0, 0xe2, 0xc3, 0x0, 0x16, 0x18, 0x7, 0xfc,
    0x6e, 0x1, 0x18, 0x7, 0xdf, 0xfb, 0x42, 0xff,
    0xda, 0x19, 0xff, 0x88, 0x33, 0x1b, 0xaa, 0x9,
    0xdd, 0x50, 0x4e, 0xed, 0x84, 0x6, 0x62, 0x22,
    0x32, 0x11, 0x11, 0x54, 0x45, 0x18, 0x4, 0x68,
    0x65, 0x42, 0x66, 0x29, 0x3, 0x44, 0x0, 0x69,
    0xad, 0xdf, 0xb3, 0x1b, 0x56, 0x40, 0x15, 0x7c,
    0xff, 0x77, 0x1a, 0x77, 0x3c, 0x80, 0x33, 0xc0,
    0x7, 0xff, 0xc, 0xa0, 0xd1, 0x57, 0x85, 0x95,
    0x64, 0x0, 0x8c, 0x6, 0x7b, 0xaa, 0xa1, 0x12,
    0x65, 0x1a, 0x1, 0xf, 0x6e, 0x5d, 0xb0, 0x24,
    0xd3, 0x31, 0xb2, 0x1, 0xf9, 0xe1, 0xd8, 0x3,
    0xff, 0x80, 0x35, 0xf, 0x0, 0x1f, 0xf1, 0x47,
    0x25, 0xc0, 0x7, 0xf9, 0xb3, 0x5d, 0xdc, 0x81,
    0x12, 0x62, 0x1, 0xe7, 0x74, 0x74, 0x0, 0x64,
    0x6b, 0x0, 0xe0,

    /* U+83B7 "获" */
    0x0, 0xe2, 0xa2, 0x0, 0x1d, 0x88, 0x7, 0xf9,
    0x40, 0x27, 0x40, 0xf, 0x37, 0xfd, 0xa1, 0xbf,
    0xeb, 0xe, 0xff, 0x98, 0x1f, 0x31, 0xb6, 0x15,
    0xba, 0x90, 0xbd, 0xcc, 0x38, 0x9, 0x98, 0x95,
    0x9c, 0x88, 0x8c, 0xa4, 0x66, 0x10, 0x4, 0x58,
    0xb2, 0x90, 0x1, 0x88, 0x1d, 0x40, 0x34, 0x87,
    0x44, 0x0, 0x21, 0x40, 0x5, 0x18, 0x6, 0x70,
    0x44, 0x0, 0x70, 0xba, 0xb0, 0x1, 0xf9, 0x71,
    0xe, 0x77, 0x56, 0x1b, 0xa7, 0x85, 0x5, 0xb9,
    0x60, 0x4a, 0x89, 0x40, 0xa9, 0x94, 0x38, 0x12,
    0x2d, 0xa6, 0x9a, 0xa3, 0x0, 0x11, 0xa, 0x40,
    0x9, 0xaa, 0x63, 0x0, 0x8, 0xde, 0x40, 0x3a,
    0x93, 0x53, 0xdc, 0x1, 0x7, 0x7, 0x20, 0x1a,
    0xb4, 0x81, 0xc, 0x1d, 0x7c, 0x39, 0xa0, 0x3,
    0x86, 0x4e, 0xde, 0x20, 0x60, 0x72, 0xf4, 0x20,
    0x8, 0xe4, 0xb5, 0x87, 0x70, 0x4, 0xd2, 0x84,
    0x0, 0xab, 0xd4, 0x6c, 0x80, 0xe, 0x6f, 0x30,

    /* U+884C "行" */
    0x0, 0xce, 0x1, 0xff, 0xc4, 0x88, 0x20, 0x1,
    0x57, 0xf0, 0x6, 0x47, 0x94, 0x0, 0x4d, 0xdf,
    0xa8, 0x2, 0x2b, 0x56, 0x0, 0xb3, 0xbb, 0xde,
    0x1, 0x61, 0xd1, 0x90, 0x7, 0xff, 0x6, 0x30,
    0x3b, 0x4, 0x3, 0xff, 0x80, 0xc1, 0x5, 0xa3,
    0x7f, 0xff, 0xcc, 0x0, 0x37, 0x63, 0xf, 0xaa,
    0xc8, 0x35, 0x52, 0x0, 0xe8, 0x70, 0x1, 0x15,
    0x71, 0x1a, 0xac, 0x43, 0x86, 0x40, 0x1f, 0xfc,
    0x23, 0x37, 0x80, 0x7f, 0xf0, 0xcb, 0x88, 0x3,
    0xff, 0xf8, 0x7e, 0x1, 0xcd, 0x4c, 0x20, 0x1f,
    0xfc, 0x25, 0x44, 0x40, 0x6,

    /* U+8868 "表" */
    0x0, 0xfd, 0x90, 0x1, 0xff, 0xc4, 0x21, 0x0,
    0xff, 0x66, 0xef, 0xb, 0xee, 0xf8, 0x3, 0x55,
    0xc4, 0x61, 0x58, 0x8e, 0xb0, 0xc, 0xc8, 0xef,
    0x80, 0x9d, 0xf9, 0x80, 0x3b, 0x77, 0x85, 0xb7,
    0x78, 0x80, 0x3b, 0xff, 0x89, 0xff, 0xf8, 0x80,
    0x24, 0x33, 0xf8, 0x8c, 0xf9, 0x10, 0x5, 0x79,
    0xbb, 0xb0, 0x53, 0x77, 0xae, 0x80, 0xbf, 0xdd,
    0xd2, 0xe, 0x3f, 0x76, 0xff, 0x70, 0x7, 0xad,
    0x68, 0xdd, 0x80, 0x17, 0xe4, 0x1, 0xc9, 0xa8,
    0xa, 0x13, 0x3, 0x49, 0x4, 0x1, 0x15, 0x5b,
    0x50, 0x4, 0xe7, 0xcb, 0x8c, 0x1, 0xa5, 0x26,
    0xd8, 0x0, 0x57, 0xe0, 0x62, 0x1, 0xd7, 0xec,
    0xe, 0x11, 0xac, 0x78, 0x3b, 0x90, 0xa0, 0x10,
    0x80, 0xc, 0x1a, 0x34, 0x4f, 0x60, 0x5f, 0x80,
    0x3c, 0xa9, 0xae, 0x1, 0x9f, 0x75, 0x20,

    /* U+88AB "被" */
    0x0, 0x99, 0x0, 0x3c, 0x70, 0x1, 0xfb, 0x60,
    0x3, 0xcc, 0xe0, 0x1f, 0xa0, 0xcc, 0x1, 0xe1,
    0x0, 0xfc, 0x7a, 0x60, 0x39, 0x94, 0xe, 0x65,
    0x60, 0xf, 0xfb, 0x7d, 0x0, 0xea, 0x54, 0x26,
    0x42, 0x20, 0x6, 0xf7, 0x10, 0xd0, 0x0, 0x8b,
    0xa2, 0xaa, 0x1f, 0x0, 0x10, 0xaa, 0x40, 0x7,
    0xf6, 0x28, 0x4, 0x34, 0xcc, 0xd3, 0x7, 0x32,
    0x13, 0x31, 0x0, 0x6d, 0x15, 0xe6, 0x30, 0xbc,
    0xa2, 0xec, 0xb0, 0x0, 0xe1, 0x9, 0x9a, 0x8c,
    0x2c, 0x37, 0x60, 0xa0, 0x1, 0x8e, 0x1c, 0x95,
    0x8, 0x28, 0xa8, 0x28, 0x98, 0x0, 0xb4, 0x80,
    0xff, 0x94, 0xc1, 0xe4, 0x22, 0x40, 0x3f, 0x12,
    0xea, 0x84, 0x1d, 0x9b, 0x0, 0x7f, 0xa, 0x68,
    0xb, 0x24, 0x88, 0x7, 0xf5, 0x92, 0x3, 0xb2,
    0x44, 0x4, 0x3, 0x8c, 0x15, 0x50, 0xb9, 0x15,
    0x76, 0x6e, 0xc1, 0x0, 0xc6, 0xce, 0xa4, 0xfc,
    0xa0, 0x9d, 0x34, 0x20,

    /* U+8981 "要" */
    0x1, 0x1f, 0xfe, 0x20, 0x3, 0xfb, 0xbf, 0xf8,
    0x54, 0x0, 0xef, 0xfc, 0xc9, 0xfe, 0x47, 0xff,
    0xd6, 0x1, 0x9, 0x14, 0x6e, 0x44, 0x71, 0x22,
    0x84, 0x3, 0x36, 0xec, 0xa7, 0xba, 0x36, 0xdd,
    0x98, 0x3, 0x8, 0x7f, 0x99, 0x3f, 0xc8, 0xff,
    0xe0, 0x10, 0xf, 0xfe, 0x50, 0x87, 0xf9, 0x93,
    0xfc, 0x8f, 0xfe, 0x1, 0x0, 0xcf, 0xdd, 0x99,
    0x77, 0xbb, 0x9c, 0x0, 0x46, 0x62, 0x29, 0x58,
    0x44, 0x45, 0xc8, 0xa1, 0x19, 0xbb, 0xac, 0x17,
    0x75, 0x98, 0xdd, 0x5d, 0xd, 0x7f, 0x74, 0xa5,
    0xdd, 0x60, 0x4f, 0x73, 0xfc, 0x20, 0x1a, 0x90,
    0x58, 0xc7, 0xd1, 0x80, 0x3f, 0xae, 0xc9, 0x98,
    0xe2, 0xe0, 0xf, 0xf0, 0xa6, 0x10, 0x2a, 0xab,
    0xed, 0x84, 0x2, 0x7a, 0xbc, 0xfb, 0x3c, 0xaa,
    0x7d, 0x8c, 0xf3, 0x0, 0x15, 0x8a, 0xed, 0xf4,
    0x60, 0x12, 0x57, 0x4b, 0x0,

    /* U+89C6 "视" */
    0x0, 0x15, 0x0, 0x7f, 0xf1, 0x56, 0x0, 0x9,
    0xff, 0xf2, 0x0, 0x62, 0x65, 0x0, 0xd9, 0x9c,
    0x1, 0xf4, 0x68, 0x6, 0x33, 0x11, 0x98, 0x3,
    0x1f, 0xfb, 0xbf, 0xc0, 0x19, 0x39, 0x0, 0x38,
    0xf3, 0x74, 0x68, 0x1, 0xe6, 0x0, 0xf1, 0x90,
    0x9f, 0x0, 0x78, 0xc0, 0x3f, 0x70, 0xa8, 0x7,
    0x84, 0x3, 0xe9, 0x29, 0x40, 0xc, 0x42, 0x1,
    0xf3, 0xb0, 0x65, 0xa0, 0x80, 0x38, 0xc0, 0x3c,
    0xd0, 0x22, 0xd6, 0xd4, 0xb0, 0x47, 0x10, 0xc5,
    0x0, 0x3a, 0xf9, 0x84, 0xc8, 0x50, 0x8c, 0xbc,
    0xc, 0x40, 0x3, 0x42, 0x1, 0xea, 0x5e, 0x30,
    0xf, 0xfe, 0x9, 0x35, 0x80, 0x63, 0x30, 0x7,
    0xe1, 0xf8, 0x10, 0xc, 0x98, 0x1, 0xc2, 0x3,
    0xb4, 0xc0, 0x2, 0x43, 0xb3, 0x0, 0xc6, 0x3,
    0x96, 0xe0, 0x4, 0x1b, 0xc3, 0x80, 0xd, 0xce,
    0x3a, 0xe0, 0x11, 0x77, 0xfc, 0x80,

    /* U+89D2 "角" */
    0x0, 0xff, 0xe4, 0x5b, 0x80, 0x7f, 0xf0, 0x15,
    0xc, 0x3, 0xfe, 0x2a, 0xb, 0xff, 0xe5, 0x0,
    0xc5, 0x89, 0xbb, 0xac, 0x19, 0x40, 0x25, 0xd4,
    0xb2, 0x2d, 0xe5, 0x20, 0x13, 0x51, 0x2f, 0xff,
    0x21, 0x7f, 0xdc, 0xd5, 0x1, 0x77, 0x48, 0x55,
    0xdc, 0xc0, 0x5, 0x0, 0x22, 0x4a, 0xe, 0x89,
    0x70, 0x7, 0x7f, 0xd8, 0x1b, 0xff, 0x40, 0x4,
    0x63, 0xbb, 0x50, 0x5e, 0xec, 0xe0, 0x10, 0x99,
    0x14, 0xc0, 0xc4, 0x57, 0x80, 0x5c, 0x5d, 0xd6,
    0x86, 0x77, 0x52, 0x1, 0x2b, 0x55, 0x50, 0x17,
    0x55, 0x38, 0x0, 0x4f, 0x51, 0x25, 0x7, 0x44,
    0xb8, 0x1, 0x22, 0x80, 0x1f, 0xf1, 0xbb, 0x0,
    0x67, 0x0, 0x96, 0x64, 0x68, 0x32, 0x1, 0x84,
    0x2, 0x16, 0x1a, 0x7f, 0x10, 0xc, 0xbe, 0x40,
    0x99, 0xee,

    /* U+89E3 "解" */
    0x0, 0x9e, 0x0, 0x3f, 0xf8, 0x94, 0x20, 0x1b,
    0x7f, 0xfc, 0xc0, 0x13, 0x13, 0x7f, 0xb0, 0x3f,
    0x45, 0xf7, 0x40, 0x60, 0x1, 0x88, 0x74, 0x87,
    0x81, 0x18, 0xe1, 0x10, 0x4, 0x7, 0xd, 0x82,
    0xd4, 0x84, 0x18, 0x50, 0x8, 0x18, 0x10, 0xc3,
    0xb8, 0x4b, 0xdc, 0x38, 0x80, 0x3f, 0x89, 0x2,
    0xf0, 0xbe, 0x87, 0xd8, 0x3a, 0xb0, 0x12, 0xe0,
    0x7, 0x12, 0x2, 0xe0, 0xa4, 0x8a, 0x5c, 0x10,
    0x7, 0x3d, 0x7, 0x20, 0x3, 0xe8, 0x3, 0xfa,
    0xb8, 0x2e, 0x0, 0x8d, 0x2c, 0x7f, 0xd0, 0x1,
    0xe, 0xa8, 0x36, 0x5, 0x9f, 0x50, 0xf6, 0xc8,
    0x4, 0x6d, 0x81, 0xa8, 0x13, 0xc2, 0x20, 0x12,
    0x10, 0x8, 0x62, 0x42, 0xe0, 0x37, 0x5f, 0x63,
    0xff, 0x10, 0x18, 0x28, 0x7, 0x7f, 0x72, 0x87,
    0xb7, 0x44, 0x16, 0x42, 0x0, 0x12, 0x2, 0x11,
    0x80, 0x48, 0x80, 0x2e, 0xa0, 0x56, 0xf2, 0x40,
    0x18, 0x40, 0x30, 0xdd, 0x0, 0x11, 0xeb, 0x0,
    0x21, 0x0, 0xe0,

    /* U+8BA2 "订" */
    0x0, 0x88, 0x3, 0xff, 0x89, 0x18, 0x60, 0x5,
    0x5f, 0xf0, 0x80, 0x24, 0xf4, 0x86, 0xef, 0xaa,
    0xef, 0x10, 0x0, 0x70, 0x38, 0x7b, 0xb8, 0x63,
    0xba, 0x30, 0x8, 0x77, 0x40, 0x1f, 0xfc, 0x43,
    0x10, 0xf, 0xfe, 0x1, 0x7f, 0xe4, 0x0, 0xff,
    0xe0, 0x15, 0xe5, 0x3, 0x80, 0x7f, 0xf0, 0x50,
    0xdc, 0x3, 0xff, 0xda, 0x20, 0x1f, 0xfc, 0x43,
    0xf0, 0xf, 0xfe, 0x1d, 0xe1, 0x0, 0x7f, 0xf0,
    0xdd, 0x70, 0x3, 0x8, 0x7, 0xea, 0x7, 0xa0,
    0x2, 0x77, 0x81, 0x80, 0x7d, 0x4f, 0x0, 0x12,
    0x1, 0xba, 0x80, 0x60,

    /* U+8BA4 "认" */
    0x0, 0x84, 0x3, 0x8d, 0x84, 0x3, 0xea, 0xc1,
    0x0, 0xc9, 0x26, 0x1, 0xf4, 0x1e, 0x8, 0x4,
    0x20, 0x40, 0x1f, 0x16, 0x1a, 0x0, 0x7f, 0xf0,
    0x8b, 0xd4, 0x3, 0x84, 0x3, 0xf8, 0x40, 0x30,
    0x81, 0x80, 0x77, 0x7f, 0xc0, 0x1d, 0xe0, 0xc0,
    0x1d, 0xb8, 0xc0, 0x1e, 0x20, 0x30, 0xe, 0x33,
    0x70, 0x80, 0x73, 0x86, 0x0, 0x7f, 0xf0, 0x48,
    0x8c, 0x80, 0x1f, 0xe4, 0x40, 0x50, 0xc0, 0x30,
    0x7, 0xe2, 0xbe, 0x17, 0x61, 0x4b, 0x0, 0xf8,
    0x70, 0xea, 0xc2, 0x43, 0xc9, 0x80, 0x3b, 0x80,
    0xb1, 0x96, 0x44, 0x11, 0x12, 0x60, 0x18, 0xcb,
    0x56, 0x55, 0x80, 0x2a, 0x1d, 0x30, 0xa, 0xbd,
    0xe8, 0xe8, 0x3, 0xe, 0x86, 0x10, 0x4, 0x4c,
    0xf8, 0x1, 0xe3, 0xdc, 0x20,

    /* U+8BB0 "记" */
    0x0, 0xff, 0xe4, 0x27, 0x18, 0x0, 0x50, 0xcf,
    0xe0, 0xc, 0x8b, 0x8a, 0xf, 0x79, 0x9f, 0x0,
    0x75, 0xad, 0x13, 0x7f, 0xfa, 0x4, 0x3, 0xd5,
    0xa4, 0x1, 0xff, 0xc0, 0x54, 0x48, 0x80, 0x3f,
    0xf8, 0x3, 0x13, 0x56, 0x1, 0xff, 0xc1, 0x1d,
    0xd4, 0x8, 0x5, 0x9d, 0xdd, 0x0, 0x1f, 0xf1,
    0x3d, 0xde, 0x60, 0xf, 0xf8, 0xfd, 0x57, 0x6b,
    0x0, 0x7f, 0xf1, 0x12, 0x0, 0x3f, 0xf9, 0xd4,
    0xc0, 0x1f, 0xfc, 0x39, 0x50, 0xf, 0xc4, 0xc0,
    0x1b, 0x5, 0xa9, 0x80, 0x40, 0x39, 0xe5, 0x40,
    0x2, 0xa1, 0x6a, 0x3, 0x48, 0x67, 0x24, 0x82,
    0x80, 0x6, 0x71, 0x0, 0x10, 0x77, 0x99, 0x59,
    0x48, 0x0,

    /* U+8BB2 "讲" */
    0x0, 0x84, 0x3, 0x88, 0x0, 0x28, 0x1, 0xea,
    0xc0, 0xc, 0x5a, 0x60, 0xf6, 0x1, 0xe8, 0x2b,
    0x0, 0xe1, 0x3, 0x0, 0xf8, 0xad, 0x18, 0x3,
    0x18, 0x7, 0xf9, 0x29, 0x8d, 0x10, 0x8, 0x8d,
    0x4, 0x53, 0x0, 0x8, 0xca, 0x15, 0x70, 0x17,
    0x4e, 0x15, 0x48, 0x2, 0xee, 0x9c, 0x27, 0xf0,
    0x3f, 0xa8, 0x3b, 0xec, 0xb, 0xbc, 0x44, 0x1,
    0xff, 0xc2, 0x10, 0xf, 0xc2, 0x1, 0xff, 0xc1,
    0x76, 0xa0, 0x66, 0x60, 0x33, 0x1c, 0x40, 0x38,
    0x6a, 0x8a, 0x15, 0x44, 0xa, 0xa8, 0xc0, 0x38,
    0x77, 0x2c, 0x73, 0x10, 0x19, 0x8d, 0x20, 0xe,
    0x25, 0xf, 0x50, 0xf, 0xf8, 0x73, 0x1e, 0xf,
    0x80, 0x1f, 0xe2, 0x5, 0x7a, 0x71, 0x60, 0xf,
    0xf0, 0x85, 0x4a, 0x43, 0x88, 0x0, 0xc0, 0x3e,
    0x3e, 0x50, 0xc4, 0x80, 0xf, 0xfe, 0x0, 0x80,
    0x22, 0xc0, 0x33, 0x78, 0x6,

    /* U+8BBE "设" */
    0x0, 0x28, 0x80, 0x7f, 0xf1, 0x23, 0x4, 0x0,
    0x9f, 0xfc, 0xe0, 0x1e, 0xc3, 0xd0, 0xd, 0x9b,
    0xa1, 0x0, 0xf8, 0x74, 0x8c, 0x8, 0xc, 0x88,
    0x1, 0xfc, 0x7c, 0x61, 0xe6, 0x1, 0xfc, 0x24,
    0x22, 0x0, 0x13, 0x58, 0x6, 0xd2, 0x28, 0x1f,
    0x7b, 0x8e, 0x5e, 0x4e, 0x1, 0x12, 0xee, 0xa8,
    0x1f, 0x74, 0x22, 0x2a, 0xf0, 0xd, 0xb9, 0x94,
    0x80, 0x91, 0x0, 0x2b, 0xdf, 0xfd, 0xd9, 0xc6,
    0x20, 0x1f, 0x6b, 0x8f, 0x75, 0x81, 0x60, 0x1f,
    0xc3, 0x22, 0xa2, 0x2a, 0x16, 0x0, 0xfc, 0x62,
    0x26, 0x80, 0x26, 0x90, 0xf, 0xdf, 0xac, 0x10,
    0x55, 0xe6, 0xe0, 0x1f, 0xb, 0x1b, 0x0, 0xda,
    0x97, 0x0, 0x7c, 0x60, 0x58, 0x20, 0xd6, 0x63,
    0x8c, 0x20, 0x1c, 0x47, 0xeb, 0x3d, 0x76, 0xce,
    0x98, 0xee, 0x48, 0x4, 0x38, 0x42, 0x55, 0xaa,
    0x0, 0x7e, 0xc6, 0xd0,

    /* U+8BC1 "证" */
    0x0, 0x9, 0x80, 0x7f, 0xf1, 0x2f, 0x44, 0x0,
    0x64, 0x5f, 0xc0, 0x15, 0x86, 0x2, 0x66, 0xef,
    0xef, 0x0, 0x86, 0x9c, 0x13, 0xb9, 0xfe, 0x17,
    0xff, 0x76, 0x0, 0x64, 0xa0, 0x0, 0x88, 0x2,
    0xf0, 0x0, 0x88, 0x3, 0xff, 0x8f, 0x1f, 0xdc,
    0x60, 0x0, 0xa0, 0x7, 0xf5, 0xd5, 0x88, 0x80,
    0xf, 0x60, 0x16, 0xaa, 0xc4, 0x6, 0xaa, 0x11,
    0x0, 0xc, 0x3, 0x2d, 0xdc, 0x80, 0x1f, 0xfc,
    0x18, 0xee, 0x98, 0x3, 0xff, 0x98, 0x80, 0x1f,
    0xfc, 0x4a, 0xb3, 0x0, 0xff, 0xe1, 0x9, 0xa1,
    0x80, 0x7f, 0xf0, 0x48, 0xb, 0xd7, 0x1, 0x54,
    0x3a, 0xab, 0x84, 0x1, 0x41, 0xf9, 0x6e, 0x37,
    0x61, 0x4b, 0xbc, 0x40, 0x8, 0xc2, 0x8e, 0xef,
    0xf8, 0xc0,

    /* U+8BC6 "识" */
    0x0, 0xff, 0xe4, 0x1e, 0x8, 0x7, 0xff, 0xc,
    0x4e, 0x80, 0x1b, 0xff, 0xf4, 0x0, 0x62, 0x94,
    0x60, 0x33, 0x4c, 0xf0, 0x7, 0xcc, 0xc7, 0x3,
    0x66, 0xf0, 0x7, 0xe9, 0x10, 0xf, 0xfe, 0x0,
    0xa1, 0x98, 0x80, 0x3f, 0xf8, 0x2f, 0x79, 0x8a,
    0x0, 0xff, 0xe0, 0xb7, 0xf8, 0x7c, 0x3, 0xff,
    0x92, 0x28, 0x9c, 0x1, 0xff, 0xc0, 0x4b, 0xbe,
    0x0, 0xff, 0xb7, 0xff, 0xe8, 0x0, 0xf9, 0xcc,
    0xd, 0x80, 0x3, 0x20, 0x1f, 0xae, 0x10, 0x3e,
    0x4, 0x1d, 0xa8, 0x3, 0xc2, 0x6a, 0xee, 0x3a,
    0x10, 0x66, 0x2c, 0x0, 0x65, 0x3, 0xa4, 0x88,
    0x20, 0x5, 0x26, 0xea, 0x1, 0x39, 0xe9, 0xda,
    0xb8, 0x7, 0x70, 0x58, 0x4, 0x58, 0x22, 0x4a,
    0x0, 0xf1, 0x5e, 0x0,

    /* U+8BD5 "试" */
    0x0, 0xff, 0xb1, 0x45, 0xc0, 0x31, 0x72, 0x0,
    0x7c, 0x64, 0x48, 0x90, 0x8, 0x92, 0xcc, 0x3,
    0xf1, 0xcb, 0x18, 0x5, 0x48, 0x80, 0xf, 0x8,
    0x1, 0xb4, 0xc0, 0x35, 0xbd, 0xff, 0xf0, 0xc7,
    0xfb, 0x60, 0x3, 0xd3, 0x9b, 0xb8, 0xd7, 0x75,
    0x94, 0x5, 0xff, 0x19, 0x19, 0x16, 0x60, 0x22,
    0x19, 0x1, 0xc3, 0x80, 0x81, 0xa2, 0x46, 0x66,
    0x0, 0xe1, 0x79, 0x0, 0xa2, 0xee, 0xae, 0x20,
    0xf, 0xfa, 0xf4, 0x36, 0x4c, 0x44, 0x1, 0xff,
    0xc3, 0x50, 0x50, 0xf, 0xfe, 0x18, 0x8b, 0x0,
    0x3f, 0xe, 0x38, 0x7, 0x22, 0x0, 0x40, 0x3d,
    0xa2, 0xa2, 0x11, 0xc1, 0xe6, 0x49, 0x60, 0x12,
    0x1, 0x7f, 0xb0, 0x42, 0x1, 0x4a, 0x75, 0x0,
    0x21, 0x3c, 0x2b, 0xb7, 0x53, 0x0, 0x21, 0x1d,
    0x0, 0x24, 0xc0, 0x3, 0x20, 0x7, 0x2c, 0x9c,
    0x0, 0x7f, 0xf0, 0xdb, 0xc, 0x0,

    /* U+8BDD "话" */
    0x0, 0x8c, 0x3, 0xff, 0x88, 0x98, 0xa0, 0x18,
    0x4d, 0xa2, 0xfd, 0x40, 0x32, 0x2d, 0x10, 0x6f,
    0xf6, 0x49, 0x9a, 0x58, 0x3, 0xa8, 0xc4, 0x26,
    0xf7, 0x2, 0x61, 0x8c, 0x3, 0xd8, 0x60, 0x88,
    0x20, 0xf, 0xfe, 0x12, 0xa2, 0x4a, 0x8, 0x99,
    0x40, 0xbf, 0xe7, 0x1b, 0x99, 0xac, 0x2e, 0x66,
    0xb2, 0x25, 0xd8, 0x4, 0x5d, 0xbb, 0x70, 0x7e,
    0xed, 0xc4, 0x8, 0x81, 0x0, 0xff, 0xe5, 0x8,
    0x9c, 0x4, 0x60, 0xf, 0xf3, 0xf7, 0x2c, 0x33,
    0xb8, 0xe0, 0x1f, 0x98, 0x45, 0xff, 0xc2, 0x20,
    0xf, 0xd, 0xc0, 0x80, 0x7f, 0xf0, 0x46, 0x53,
    0x44, 0x3, 0xff, 0x80, 0x60, 0x36, 0x60, 0x3f,
    0xfc, 0x20, 0x1c, 0x66, 0x84, 0x1, 0x16, 0x67,
    0x8, 0x7, 0xb5, 0xc0, 0x31, 0x9f, 0x0, 0x80,
    0x0,

    /* U+8BE6 "详" */
    0x0, 0xfc, 0xa8, 0x1, 0x43, 0x0, 0x73, 0xd8,
    0x6, 0xf9, 0x0, 0xb, 0x80, 0x78, 0xd2, 0x0,
    0x28, 0x25, 0x7, 0x16, 0x0, 0xe4, 0x65, 0x2,
    0x46, 0x71, 0x4a, 0x54, 0x48, 0x3, 0x4e, 0x82,
    0x55, 0x1a, 0xac, 0x96, 0xa9, 0x20, 0x1, 0x18,
    0x0, 0xdd, 0xd6, 0x6, 0xf7, 0x5a, 0xb, 0xdd,
    0x28, 0x7, 0xff, 0x5, 0x7b, 0x80, 0x20, 0x5,
    0x43, 0x70, 0x53, 0x44, 0x10, 0x0, 0x44, 0x1,
    0xae, 0xb6, 0xc2, 0x36, 0xa8, 0x80, 0x1f, 0xbb,
    0xac, 0xd, 0xee, 0x98, 0x3, 0xff, 0x9a, 0x28,
    0x66, 0x70, 0x53, 0x32, 0x20, 0x40, 0x30, 0xb2,
    0x56, 0xea, 0xc2, 0x37, 0x55, 0x44, 0x0, 0xd7,
    0x65, 0xee, 0xb0, 0x37, 0xbb, 0x28, 0x0, 0xc0,
    0xf0, 0x3, 0xff, 0x84, 0xc3, 0xe2, 0x1, 0x84,
    0x1c, 0x3, 0xe5, 0xf2, 0x0, 0xff, 0xe0, 0x80,

    /* U+8BED "语" */
    0x0, 0x8, 0x4, 0x44, 0x11, 0xf8, 0x80, 0x36,
    0x50, 0x3, 0xb3, 0xfd, 0xdc, 0xff, 0xb1, 0x40,
    0x29, 0x57, 0xc, 0xee, 0x82, 0xbb, 0xb2, 0x80,
    0x49, 0x2, 0x0, 0x22, 0x20, 0x30, 0x7, 0xf3,
    0xb0, 0x26, 0xea, 0xc3, 0x3f, 0xe6, 0x0, 0x9,
    0x14, 0x20, 0x9f, 0xe4, 0x47, 0xfb, 0x40, 0x80,
    0x13, 0xbb, 0x30, 0x6, 0x53, 0x0, 0x38, 0x30,
    0x2, 0x3b, 0xc4, 0x4, 0xc8, 0xc7, 0xc8, 0x9a,
    0xc, 0x60, 0x1, 0x0, 0xa, 0xee, 0x68, 0xce,
    0x61, 0x86, 0xb4, 0x80, 0x39, 0x3b, 0xbf, 0xe2,
    0x0, 0xf9, 0xf7, 0x7e, 0x80, 0xf, 0xac, 0x7c,
    0xe2, 0x38, 0x3, 0xf5, 0xa2, 0xf9, 0xaa, 0xf0,
    0x7, 0xc2, 0x4e, 0x80, 0x1f, 0xfc, 0x13, 0x4,
    0x80, 0x1, 0x9f, 0x80, 0x3c, 0x83, 0x40, 0xf,
    0x1d, 0xde, 0x20, 0xe, 0x7c, 0x10, 0x8, 0xbb,
    0xb8, 0x84, 0x3, 0x88, 0x2, 0x8d, 0x0, 0xed,
    0x90, 0x0,

    /* U+8BF4 "说" */
    0x0, 0xf8, 0x48, 0x3, 0x28, 0x80, 0x77, 0x40,
    0x5, 0x1c, 0x1, 0xd, 0x58, 0x7, 0x43, 0xd0,
    0x2, 0xd, 0x80, 0xe, 0x10, 0x1, 0xcd, 0x4a,
    0x60, 0x2f, 0x40, 0xa, 0x52, 0x0, 0xf2, 0xf1,
    0x84, 0xa, 0x44, 0xc, 0x20, 0xc0, 0x24, 0x48,
    0x2, 0x72, 0x11, 0x98, 0xdd, 0x80, 0x3, 0x77,
    0x38, 0x5, 0xd3, 0x3c, 0x20, 0x10, 0xff, 0x84,
    0xc0, 0x3f, 0xf9, 0x24, 0x5e, 0x0, 0xff, 0xe0,
    0x46, 0xef, 0x8, 0x7, 0xfb, 0xfc, 0x17, 0xc1,
    0x9e, 0xa0, 0x1f, 0x8c, 0x8, 0x18, 0x3, 0xff,
    0x81, 0x5a, 0x8, 0x4, 0x1, 0xfe, 0x18, 0x5b,
    0xd, 0x40, 0xe, 0x10, 0xc, 0x20, 0x54, 0xaa,
    0x4e, 0x0, 0xe6, 0xd1, 0x0, 0x18, 0xca, 0xa5,
    0x22, 0x80, 0x85, 0xa5, 0x98, 0x80, 0xb, 0xda,
    0x6d, 0x2c, 0x2, 0x37, 0xb3, 0xb0, 0xc, 0x21,
    0x71, 0x60, 0x1b, 0x3f, 0xe5, 0x0,

    /* U+8BF7 "请" */
    0x0, 0xff, 0x14, 0x88, 0x7, 0xd3, 0x0, 0x1,
    0x21, 0x13, 0x31, 0x44, 0x44, 0x20, 0x15, 0x3c,
    0x83, 0xef, 0xfa, 0x82, 0xbf, 0xd9, 0x0, 0x11,
    0xdb, 0x1b, 0x77, 0xf6, 0x86, 0xf7, 0xfa, 0x40,
    0x32, 0x69, 0x87, 0xfb, 0xb4, 0x37, 0xbf, 0xc4,
    0x1, 0xc4, 0x0, 0xee, 0xb0, 0x33, 0xba, 0x20,
    0x3f, 0xf9, 0x3, 0xff, 0x68, 0x6f, 0xfe, 0x33,
    0x6e, 0x81, 0xc3, 0xbb, 0xfe, 0x30, 0x22, 0x0,
    0x42, 0xdd, 0xdf, 0x30, 0x80, 0x7e, 0x11, 0x7f,
    0xf0, 0x80, 0x7f, 0xc3, 0xbb, 0xc2, 0x20, 0xf,
    0x8c, 0x40, 0x7f, 0xf8, 0x40, 0x3e, 0x7e, 0x90,
    0x1, 0x9f, 0x0, 0x78, 0x42, 0x8e, 0x80, 0x7f,
    0xf8, 0x40, 0x39, 0x80, 0xfc, 0x80, 0x7b, 0xb8,
    0x40, 0x39, 0xf, 0x4, 0x4, 0x3, 0x90, 0x40,
    0x38, 0xf0, 0x40, 0x3f, 0x49, 0x28, 0x7, 0xf3,
    0xf0, 0x6, 0xdd, 0x18, 0x0,

    /* U+8C61 "象" */
    0x0, 0xe3, 0x82, 0x0, 0xff, 0xe1, 0xe, 0xa8,
    0x7, 0xff, 0x8, 0xb0, 0x4b, 0x7f, 0xf4, 0x80,
    0x7c, 0xba, 0xfd, 0xff, 0x71, 0x2c, 0x80, 0x7a,
    0xe8, 0x17, 0xbf, 0xee, 0x25, 0xff, 0x88, 0x2,
    0x9a, 0x9, 0xff, 0x95, 0x5f, 0xf5, 0x80, 0x71,
    0x20, 0x18, 0x0, 0x57, 0x80, 0x27, 0x0, 0xfd,
    0x5f, 0xee, 0xb, 0xff, 0xb0, 0x3, 0xc3, 0xfe,
    0xa1, 0xa, 0xff, 0xcf, 0xe4, 0x1, 0xa, 0xcf,
    0x5c, 0xb5, 0x90, 0xe, 0x32, 0x0, 0x74, 0x2c,
    0x70, 0xb1, 0x7c, 0x70, 0xfa, 0x0, 0x61, 0xdc,
    0x2c, 0x8a, 0x82, 0x67, 0x31, 0x0, 0xe5, 0xbf,
    0xa4, 0xf3, 0xb1, 0x28, 0x2a, 0x0, 0xe4, 0x1b,
    0xec, 0xd8, 0xb9, 0x10, 0xe5, 0xa2, 0x0, 0x86,
    0xb, 0x2a, 0xf9, 0x34, 0x40, 0xb1, 0x37, 0x0,
    0xb, 0xb5, 0x3c, 0xf5, 0x8b, 0x60, 0x3, 0xe8,
    0x90, 0x2, 0xf6, 0x28, 0x0, 0x9a, 0x9c, 0x3,
    0x3a, 0x80,

    /* U+8D25 "败" */
    0x0, 0xff, 0x8c, 0xc0, 0x1f, 0xfc, 0x49, 0xe0,
    0xf, 0x1f, 0xff, 0xb8, 0x0, 0xf4, 0x1, 0xfb,
    0x7f, 0xea, 0x0, 0x9, 0x28, 0x7, 0x84, 0xc,
    0x98, 0x3, 0x38, 0x6f, 0xfe, 0x20, 0xc, 0xd2,
    0x20, 0x15, 0x3f, 0x70, 0xdf, 0x88, 0x3, 0xc2,
    0x0, 0x33, 0x78, 0x8d, 0xa2, 0x1, 0xce, 0x1,
    0xbc, 0x74, 0x0, 0x6c, 0x1, 0xff, 0x75, 0xb8,
    0x8, 0x88, 0x3, 0xcc, 0x20, 0x11, 0x29, 0xa,
    0x88, 0x80, 0x21, 0x0, 0x19, 0x0, 0x71, 0xbe,
    0x20, 0x6, 0x14, 0xc, 0x40, 0x67, 0x0, 0x55,
    0xb7, 0x80, 0x62, 0xb0, 0x5c, 0xd0, 0x90, 0x3,
    0x18, 0x28, 0x7, 0xb5, 0x12, 0xd3, 0x0, 0x20,
    0x81, 0x0, 0x62, 0xc1, 0xa0, 0x95, 0xd0, 0x6b,
    0x95, 0xc4, 0x0, 0xe, 0x6, 0x8, 0x2, 0xe7,
    0x22, 0xda, 0xde, 0xe8, 0x45, 0x98, 0x10, 0xc,
    0xad, 0xe8, 0x0, 0x9b, 0xd1,

    /* U+8D44 "资" */
    0x0, 0xf8, 0x5c, 0x80, 0x3f, 0x65, 0x8, 0x5,
    0x10, 0x1, 0x1e, 0x0, 0xbd, 0xfd, 0x41, 0x18,
    0x37, 0xbb, 0x84, 0x0, 0x7a, 0xcc, 0x4b, 0x7f,
    0x87, 0xfe, 0x16, 0x10, 0xd, 0x6, 0xd1, 0x0,
    0xa5, 0x0, 0x35, 0x80, 0x75, 0x50, 0x9c, 0x10,
    0x8d, 0x86, 0x8, 0x3, 0x4a, 0x48, 0x0, 0xe9,
    0xb6, 0x68, 0xc0, 0x35, 0xb6, 0x93, 0xe6, 0x12,
    0x4f, 0x1f, 0x3a, 0xc4, 0x96, 0xcc, 0x35, 0x72,
    0x80, 0x7, 0xb4, 0xe4, 0x25, 0xc7, 0xfc, 0xad,
    0x9f, 0xfd, 0x53, 0x20, 0x8, 0x45, 0xbb, 0xfa,
    0x0, 0x3f, 0x11, 0x51, 0xe4, 0x58, 0x3, 0xfe,
    0x44, 0x0, 0x7f, 0x8d, 0x40, 0x10, 0x36, 0x98,
    0xcf, 0x20, 0x1c, 0xb6, 0x54, 0xf4, 0x40, 0xf3,
    0xbe, 0x40, 0x2, 0x8a, 0xdd, 0xe, 0xa8, 0x25,
    0xeb, 0xb6, 0xa0, 0x11, 0x8d, 0x6d, 0x90, 0x6,
    0x28, 0xe8, 0x40,

    /* U+8D77 "起" */
    0x0, 0xc7, 0x60, 0x1f, 0xfc, 0x46, 0x40, 0x8,
    0x48, 0x47, 0x80, 0x31, 0x91, 0x81, 0x18, 0xce,
    0xf7, 0x70, 0x4, 0x39, 0xb2, 0x1b, 0x8f, 0x1f,
    0xfa, 0x44, 0x2, 0x1f, 0xf5, 0x87, 0xf9, 0x80,
    0x3f, 0xfa, 0x4, 0x64, 0x40, 0x23, 0x30, 0xaa,
    0xef, 0x0, 0xd1, 0x9b, 0x21, 0xb9, 0x85, 0xab,
    0xb9, 0xcc, 0x2, 0xaf, 0xf8, 0x2f, 0xfc, 0xc1,
    0xbd, 0xd6, 0x80, 0x63, 0x40, 0xf, 0xfe, 0x24,
    0xc0, 0x2, 0xff, 0x40, 0x3c, 0xea, 0x1, 0x3b,
    0x0, 0x27, 0x38, 0x3, 0xd5, 0x20, 0x11, 0x20,
    0x81, 0x19, 0x80, 0x14, 0x88, 0x52, 0x40, 0x1,
    0x82, 0xe8, 0x6, 0x25, 0x6b, 0xb5, 0x1c, 0x80,
    0x29, 0x28, 0x40, 0x80, 0x2a, 0xff, 0xd8, 0x20,
    0x2d, 0xa3, 0x89, 0x3b, 0x50, 0xcd, 0xcf, 0x26,
    0x2a, 0xc0, 0x37, 0x8a, 0x2b, 0x13, 0x3a, 0x18,
    0xc2, 0x80, 0x31, 0xc5, 0xef, 0x7f, 0xf8, 0x0,

    /* U+8D85 "超" */
    0x0, 0xc9, 0x20, 0x1f, 0xfc, 0x42, 0x60, 0xa,
    0x6a, 0xbc, 0xa0, 0x11, 0x90, 0x81, 0x18, 0x71,
    0x23, 0x6e, 0x94, 0x80, 0x5, 0x9b, 0x1, 0xb8,
    0x6f, 0x1, 0x6e, 0xe0, 0x20, 0x1, 0x77, 0xd0,
    0xff, 0x18, 0x28, 0xa8, 0x4, 0x20, 0x10, 0x80,
    0x61, 0x1, 0xb4, 0x20, 0x30, 0x70, 0x4, 0xff,
    0xa8, 0x7f, 0xdb, 0xe1, 0x21, 0xb8, 0x26, 0x0,
    0xbc, 0xc8, 0x27, 0x3d, 0xb4, 0x82, 0xe7, 0xc0,
    0x22, 0x13, 0x30, 0x11, 0x94, 0x6f, 0x72, 0x21,
    0xea, 0x1, 0x7e, 0x0, 0x8, 0xc4, 0x5, 0xe2,
    0x21, 0x0, 0xe5, 0x0, 0x4e, 0x30, 0x3, 0x59,
    0xa0, 0xe, 0x2e, 0x0, 0x5f, 0xb8, 0x7, 0xf8,
    0x42, 0xc0, 0x3e, 0x34, 0x48, 0x3, 0x28, 0xd,
    0x80, 0x7a, 0x2e, 0xe0, 0xd, 0xa5, 0x8c, 0x18,
    0x1, 0x7f, 0xf9, 0x40, 0x59, 0x47, 0x59, 0xff,
    0x26, 0x1e, 0x22, 0xab, 0x21, 0x7a, 0x0, 0x4f,
    0x43, 0xa3, 0xc3, 0xbc, 0xae, 0x40,

    /* U+8DB3 "足" */
    0x0, 0x88, 0xbf, 0xc0, 0x1e, 0x3d, 0xdf, 0xf3,
    0x0, 0x7d, 0x9f, 0xfe, 0xe0, 0x30, 0xf, 0xfe,
    0xeb, 0x19, 0xf9, 0x40, 0x3f, 0x14, 0x77, 0x37,
    0x3b, 0x92, 0x40, 0x1e, 0x3d, 0xdd, 0x23, 0xbb,
    0x94, 0x3, 0x85, 0x4, 0x3, 0xff, 0x84, 0x96,
    0xa0, 0x10, 0xa2, 0x71, 0x80, 0x63, 0x5, 0x0,
    0xd5, 0x5d, 0x20, 0x1b, 0xc4, 0x40, 0x10, 0xf7,
    0x75, 0x0, 0x64, 0x16, 0x0, 0xff, 0xe0, 0x99,
    0x3c, 0xc8, 0x40, 0x3f, 0xef, 0x38, 0xc4, 0xea,
    0x15, 0x33, 0xc8, 0xa1, 0x27, 0xe0, 0x7b, 0x4e,
    0x55, 0x99, 0xae, 0x42, 0x24, 0xc0, 0x25, 0xad,
    0xff, 0x77, 0x37, 0x60,

    /* U+8DEF "路" */
    0x0, 0xff, 0x42, 0x0, 0x7e, 0x78, 0x8c, 0x40,
    0x2e, 0x20, 0x1f, 0xa4, 0x80, 0xe, 0xe0, 0x60,
    0xaf, 0xfb, 0x0, 0x3b, 0xe2, 0x0, 0x21, 0x31,
    0xdc, 0xd0, 0xa0, 0xf, 0xf4, 0x8d, 0x88, 0x94,
    0x98, 0x3, 0x88, 0xcc, 0x6, 0xd6, 0x12, 0x33,
    0x0, 0x1c, 0x55, 0x9a, 0x47, 0xa9, 0xaf, 0x8a,
    0xa0, 0xe, 0xcd, 0x2b, 0xd4, 0x20, 0x2, 0x90,
    0x10, 0x7, 0x38, 0x80, 0x63, 0x9e, 0x2e, 0x2d,
    0xa5, 0x0, 0xa0, 0xc2, 0x35, 0xf0, 0xf2, 0x2,
    0x30, 0x24, 0x3, 0xcb, 0xd, 0xcb, 0x9d, 0xd6,
    0x64, 0x1, 0xed, 0x51, 0x10, 0x5f, 0x74, 0x26,
    0x1, 0xfc, 0x80, 0x7, 0x11, 0x80, 0x3e, 0x63,
    0x9e, 0xb1, 0x0, 0xff, 0x48, 0x58, 0xbd, 0xf8,
    0x86, 0x7f, 0xc2, 0x1, 0x9c, 0xa3, 0xad, 0x40,
    0x2b, 0xee, 0x84, 0x3, 0x7e, 0xb8, 0x80, 0x73,
    0x88, 0xc0, 0x60, 0x10, 0x80, 0x7d, 0xc6, 0x1,
    0x73, 0x0, 0x0,

    /* U+8EAB "身" */
    0x0, 0xfa, 0xe8, 0x3, 0xff, 0x88, 0x84, 0x1,
    0xff, 0xc1, 0xef, 0xf0, 0x3f, 0xff, 0x10, 0x7,
    0xe6, 0xff, 0xf6, 0x0, 0x7f, 0x18, 0x11, 0x79,
    0x80, 0x3f, 0xcd, 0xbb, 0xea, 0x0, 0xff, 0x3f,
    0xff, 0xb0, 0x3, 0xfc, 0x6a, 0xbe, 0x40, 0x5,
    0x58, 0x7, 0x96, 0x23, 0xd4, 0x12, 0xba, 0x1,
    0xe6, 0xdd, 0xf4, 0x3, 0x6b, 0x0, 0x2b, 0xfc,
    0x4f, 0xff, 0xea, 0xf, 0x20, 0xa, 0x6e, 0xfe,
    0x80, 0x18, 0x0, 0xf1, 0xa2, 0x7b, 0x20, 0xfd,
    0x0, 0x3f, 0xc2, 0xfc, 0xd3, 0x82, 0x1, 0xf8,
    0x5a, 0xfa, 0xa3, 0x98, 0x3, 0xfa, 0x7a, 0x42,
    0xf5, 0x80, 0xb, 0x9a, 0x4, 0x1, 0xa2, 0x1d,
    0x68, 0x1, 0x90, 0x96, 0x80, 0x30,

    /* U+8F7D "载" */
    0x0, 0xc7, 0x62, 0x1, 0x52, 0x0, 0x80, 0x7f,
    0x21, 0x80, 0x48, 0x41, 0x92, 0x1, 0x93, 0xfd,
    0x81, 0xbf, 0xe2, 0x30, 0x4, 0xb2, 0x80, 0x49,
    0xbd, 0x61, 0x9d, 0xa4, 0x1, 0x26, 0x28, 0x1,
    0x3b, 0xf2, 0x83, 0xb3, 0xf4, 0xa3, 0x75, 0xdb,
    0xa0, 0x5a, 0xee, 0x32, 0xcf, 0x74, 0x88, 0xee,
    0xd2, 0x2, 0x86, 0x66, 0x14, 0x33, 0x88, 0xc,
    0xca, 0x48, 0x0, 0xef, 0xf0, 0xa7, 0xfc, 0x7c,
    0x20, 0x72, 0x80, 0x16, 0xd0, 0x4c, 0xab, 0x30,
    0x64, 0xa0, 0x82, 0xa0, 0x11, 0x43, 0x33, 0x70,
    0xcc, 0xe, 0x22, 0xa9, 0x0, 0xce, 0x49, 0x88,
    0xf9, 0xa4, 0x41, 0x82, 0x60, 0xc, 0xd3, 0x28,
    0x34, 0x89, 0x30, 0x76, 0x60, 0x80, 0x73, 0x22,
    0x1c, 0xb, 0xc, 0x38, 0x28, 0x3, 0xaf, 0x3b,
    0xd1, 0x68, 0x4c, 0xd0, 0x30, 0xb, 0x0, 0x7,
    0x74, 0xd9, 0xbe, 0x49, 0xeb, 0x62, 0x3c, 0x98,
    0x3, 0x2d, 0xd0, 0x4, 0x17, 0x4a, 0x4a, 0xa0,
    0xe0, 0x3, 0xf8, 0x57, 0x0, 0xb, 0x54, 0x30,

    /* U+8F91 "辑" */
    0x0, 0xce, 0x20, 0x1f, 0xfc, 0x33, 0x82, 0x0,
    0xc, 0xcf, 0x94, 0x2, 0x33, 0x58, 0x88, 0xce,
    0x6f, 0xfc, 0xb8, 0x0, 0x1d, 0xd3, 0x8e, 0x6e,
    0x98, 0x19, 0xb8, 0x2, 0x1e, 0xe0, 0x67, 0x74,
    0xa1, 0xbb, 0x94, 0x3, 0x94, 0x84, 0xc0, 0x3,
    0xbf, 0xfb, 0x60, 0x3, 0x72, 0xab, 0xc2, 0x3f,
    0x77, 0xdd, 0x80, 0x2, 0x4a, 0x10, 0x4, 0xd8,
    0x77, 0x62, 0x9e, 0x0, 0x78, 0x75, 0x9e, 0x43,
    0x0, 0x8e, 0x3, 0x20, 0x5, 0x3a, 0x30, 0xa7,
    0x80, 0x3f, 0xf1, 0x0, 0x67, 0x88, 0x69, 0x43,
    0x0, 0x3f, 0xf1, 0x0, 0x7d, 0xc5, 0x5c, 0x21,
    0xff, 0x88, 0x3, 0x45, 0xfb, 0x86, 0xe0, 0x87,
    0xfe, 0x20, 0xc, 0x83, 0x50, 0x4e, 0x40, 0x3,
    0x57, 0x92, 0xbf, 0x0, 0x65, 0x28, 0x4, 0xda,
    0x19, 0x76, 0x1, 0x6d, 0x0, 0xf0, 0x83, 0xce,
    0x7f, 0x64, 0x87, 0x10, 0x7, 0x84, 0x5, 0x8c,
    0x3, 0xf0,

    /* U+8F93 "输" */
    0x0, 0x8c, 0x3, 0xca, 0xa0, 0xf, 0xc3, 0x8e,
    0x1, 0x86, 0xa8, 0x40, 0x1f, 0x10, 0x28, 0x6,
    0xb2, 0x7c, 0x10, 0xe, 0xbf, 0x8, 0xb5, 0x5,
    0x57, 0x42, 0xe1, 0x0, 0x63, 0x3, 0xd3, 0x64,
    0xa4, 0x65, 0xe3, 0xd7, 0x0, 0xa0, 0x69, 0xe1,
    0xad, 0x82, 0x66, 0x77, 0x47, 0x10, 0x9, 0x1c,
    0x95, 0x2c, 0x56, 0xe6, 0x26, 0x32, 0x8, 0x1c,
    0xc1, 0xb, 0x93, 0xba, 0x82, 0x51, 0xc5, 0x1,
    0x86, 0xf2, 0xa1, 0x39, 0xf4, 0xf4, 0xa1, 0x0,
    0x8c, 0x5d, 0x87, 0x40, 0x18, 0xcc, 0x3, 0x10,
    0x0, 0x81, 0x7e, 0xc9, 0xb8, 0x1, 0xb0, 0xc0,
    0x3f, 0xf8, 0x2, 0x20, 0xaa, 0x28, 0x7, 0xe3,
    0x6e, 0x2e, 0x20, 0x8d, 0x40, 0xf, 0x87, 0x21,
    0xc7, 0x8c, 0x1e, 0xc, 0x3, 0xe1, 0xde, 0x93,
    0x10, 0x7, 0xab, 0x80, 0xc, 0x3, 0x88, 0x0,
    0x60, 0x19, 0x94, 0x17, 0x14, 0x3, 0xc6, 0x1,
    0x18, 0x0, 0x94, 0xa, 0x94, 0x80, 0x33, 0x70,
    0x3, 0x99, 0x98, 0x40, 0x7f, 0x40, 0x0,

    /* U+8FBE "达" */
    0x0, 0x88, 0x3, 0xc9, 0x2, 0x1, 0xf4, 0x60,
    0x80, 0x71, 0x38, 0x7, 0xea, 0xd, 0x0, 0xf8,
    0x40, 0x3e, 0x2a, 0x37, 0x0, 0xff, 0xe1, 0xa5,
    0x3a, 0x32, 0xab, 0xc1, 0x57, 0x20, 0x7, 0x28,
    0x7c, 0xdd, 0x98, 0x2e, 0xea, 0xf0, 0x2, 0x2a,
    0x90, 0x2f, 0xfb, 0x8a, 0x7d, 0xd7, 0xd8, 0x3,
    0xee, 0xac, 0x3, 0x9d, 0x40, 0x3e, 0xbe, 0x81,
    0x0, 0xc4, 0x4c, 0x72, 0x0, 0xff, 0xe0, 0xd8,
    0xa4, 0xf8, 0x80, 0x7f, 0xc6, 0xcc, 0x1d, 0x2d,
    0x0, 0xff, 0xe, 0x94, 0x1, 0xc9, 0xc8, 0x7,
    0xe2, 0xf1, 0xf0, 0x9, 0x95, 0x98, 0x1, 0xb4,
    0x55, 0x3, 0x8, 0x3, 0x51, 0x0, 0x6a, 0x53,
    0xae, 0xc3, 0x0, 0xf6, 0xb0, 0x2, 0x96, 0xf2,
    0x9b, 0x6e, 0x5d, 0x9a, 0x78, 0x94, 0x9, 0x92,
    0x2, 0xf4, 0x8a, 0xcc, 0xe8, 0x76, 0x50, 0x36,
    0x0, 0xcd, 0x59, 0xdf, 0xfe, 0x10,

    /* U+8FC7 "过" */
    0x0, 0xff, 0xe0, 0x1b, 0x0, 0x79, 0x64, 0x3,
    0xf2, 0xc8, 0x80, 0x76, 0x32, 0x80, 0x7c, 0x60,
    0x1f, 0x49, 0x58, 0x92, 0x19, 0xed, 0x5, 0x43,
    0x0, 0xdc, 0xa1, 0x76, 0xcc, 0xce, 0x17, 0x68,
    0x0, 0xc7, 0x63, 0x3f, 0xfd, 0x41, 0xdf, 0x60,
    0x3, 0x22, 0x80, 0x5, 0x0, 0x1f, 0xed, 0xdc,
    0x0, 0x57, 0x30, 0xf, 0xef, 0xf4, 0x80, 0x4e,
    0x30, 0x1, 0xfc, 0x20, 0x1e, 0x74, 0x0, 0xff,
    0xe2, 0x47, 0x0, 0x7f, 0xf1, 0x4, 0x40, 0x3,
    0x1, 0x0, 0xff, 0xe0, 0xab, 0xd0, 0x7, 0xc3,
    0x40, 0xa0, 0x18, 0xe0, 0xa0, 0x3, 0xda, 0x61,
    0x52, 0x20, 0x6, 0xee, 0x38, 0x7, 0x61, 0xcf,
    0x33, 0x3b, 0x25, 0xd9, 0xdd, 0x15, 0x82, 0xc,
    0xec, 0x33, 0xac, 0xf, 0x11, 0x9d, 0x40, 0x42,
    0xa0, 0x2, 0x29, 0xce, 0xff, 0xf6, 0x0,

    /* U+8FD0 "运" */
    0x0, 0xff, 0xe3, 0xd4, 0x80, 0x4a, 0xa4, 0x4c,
    0xaa, 0x0, 0xdc, 0xce, 0x0, 0xbb, 0x55, 0x6b,
    0xa2, 0x0, 0x92, 0x20, 0x21, 0xdd, 0xf7, 0x90,
    0x6, 0x7d, 0x10, 0xf, 0xfe, 0x19, 0xa, 0xa2,
    0x7e, 0x52, 0x3, 0x55, 0x92, 0xae, 0xff, 0x53,
    0x85, 0x5d, 0xa9, 0x3f, 0xe2, 0x4f, 0xfe, 0x50,
    0x9e, 0xd0, 0xc, 0x25, 0xc0, 0x26, 0x1, 0xff,
    0x31, 0x28, 0x4e, 0x88, 0x7, 0xfa, 0x60, 0x1,
    0x1, 0x60, 0x1f, 0xd4, 0x6c, 0x8c, 0xe4, 0xa8,
    0x1, 0xf1, 0x29, 0x65, 0xdb, 0x14, 0xa4, 0x3,
    0xc6, 0x53, 0x7d, 0xfb, 0x73, 0x28, 0x0, 0x97,
    0x43, 0xcd, 0x90, 0x40, 0x32, 0x28, 0x2, 0xa8,
    0x98, 0xd9, 0xb2, 0xec, 0xd9, 0xe2, 0x1, 0xad,
    0x47, 0x76, 0x45, 0x99, 0xe8, 0x70, 0x3, 0xc8,
    0x4, 0x93, 0x9d, 0xff, 0xe8,

    /* U+8FD1 "近" */
    0x0, 0xff, 0xe1, 0x8, 0x7, 0x32, 0x80, 0x42,
    0x68, 0xaf, 0x5b, 0xca, 0x1, 0xb2, 0x90, 0x0,
    0xf9, 0x77, 0xa, 0x40, 0x80, 0x6a, 0x3b, 0x20,
    0x30, 0xfe, 0xcb, 0x97, 0x40, 0xe, 0xd4, 0x0,
    0xff, 0xe2, 0xd, 0x90, 0x4, 0x45, 0xf8, 0x5,
    0x56, 0x20, 0x1, 0x86, 0xef, 0xd2, 0x5, 0x76,
    0xa5, 0x0, 0x8, 0xbf, 0xe1, 0x7f, 0xea, 0x3,
    0xee, 0x8, 0x5, 0xe4, 0x1, 0xe1, 0x10, 0x7,
    0x8, 0x0, 0xd8, 0x3, 0xff, 0x86, 0x29, 0xa0,
    0x1f, 0xfc, 0x39, 0x5, 0x0, 0xff, 0xe1, 0x23,
    0xb1, 0x0, 0x42, 0x1, 0xf0, 0x8b, 0x15, 0xe0,
    0x3, 0xfe, 0x1c, 0x5, 0xdc, 0x10, 0xd, 0xf0,
    0x1, 0x87, 0x9, 0xe0, 0x6f, 0xae, 0x5d, 0x95,
    0x4f, 0x38, 0x6, 0x15, 0xf, 0xb6, 0xc0, 0x93,
    0x2a, 0xa4, 0x33, 0x81, 0x6a, 0x80, 0x49, 0x17,
    0xbd, 0xff, 0xd6, 0x0,

    /* U+8FD4 "返" */
    0x0, 0x84, 0x3, 0xff, 0x89, 0x58, 0x1, 0x11,
    0xa2, 0xbc, 0xe7, 0xb8, 0x6, 0xf2, 0x30, 0x6,
    0x62, 0xee, 0x26, 0x67, 0x80, 0x65, 0xa, 0x0,
    0xa3, 0xfb, 0x2e, 0xa6, 0x0, 0x3a, 0xac, 0x0,
    0x60, 0x1f, 0xfc, 0x15, 0x20, 0xa, 0x73, 0x3c,
    0x60, 0x11, 0x19, 0x8, 0x4, 0x93, 0x39, 0xc,
    0x80, 0x2f, 0xcd, 0x90, 0xb, 0x14, 0x55, 0x40,
    0x22, 0x0, 0xb7, 0xc4, 0x2, 0x20, 0x7b, 0x70,
    0x47, 0x0, 0xfb, 0xc0, 0x40, 0x9d, 0xd1, 0x67,
    0xa0, 0x1f, 0xc8, 0xa, 0x11, 0x48, 0xa, 0x1,
    0xfd, 0xe4, 0x20, 0xd, 0x0, 0x68, 0x80, 0x7c,
    0x6b, 0x40, 0x34, 0xee, 0xa3, 0xd0, 0xf, 0xac,
    0x5d, 0x79, 0x66, 0x16, 0x4, 0x40, 0x13, 0xc,
    0xf7, 0x82, 0xbf, 0x30, 0x1, 0xf4, 0x40, 0x11,
    0x2d, 0x37, 0xd7, 0x1c, 0xec, 0xd3, 0xc5, 0x8,
    0x1a, 0xcb, 0xee, 0x19, 0xae, 0x67, 0x43, 0x88,
    0x82, 0xe8, 0x2, 0x38, 0xbd, 0xff, 0xf5, 0x80,

    /* U+8FDB "进" */
    0x0, 0xfc, 0x4a, 0x0, 0x36, 0x0, 0xf4, 0xc8,
    0x3, 0x3d, 0x8, 0x24, 0x80, 0x78, 0x58, 0x40,
    0x21, 0x1, 0x1, 0x10, 0x7, 0xa0, 0x24, 0x15,
    0x58, 0xa, 0xaf, 0x15, 0x52, 0x0, 0x68, 0xb1,
    0xab, 0x60, 0xbb, 0x38, 0x5d, 0xa0, 0x3, 0x39,
    0x8f, 0xf4, 0x7, 0x72, 0x7, 0xb9, 0x80, 0xa,
    0xbb, 0x28, 0x6, 0x20, 0xf, 0xed, 0xc4, 0x32,
    0x44, 0x78, 0x22, 0x3c, 0x51, 0x20, 0x3, 0xb8,
    0xd, 0x6e, 0xcc, 0x57, 0x66, 0xb, 0xb8, 0x80,
    0x39, 0xff, 0xc8, 0xdf, 0xe9, 0x1f, 0xf8, 0x80,
    0x3f, 0x27, 0x80, 0x7f, 0xf0, 0xd8, 0x1c, 0x3,
    0xff, 0x84, 0x50, 0xa2, 0x0, 0x11, 0x0, 0x78,
    0xc3, 0x82, 0x46, 0x0, 0x3f, 0xc7, 0x80, 0x9b,
    0xab, 0x20, 0x9, 0x6c, 0x3, 0x16, 0xd, 0x48,
    0x4d, 0x52, 0x19, 0x5c, 0x5a, 0x2d, 0x9, 0xbd,
    0x5b, 0x72, 0x45, 0x66, 0xaa, 0x97, 0x45, 0x9,
    0x10, 0x8, 0xde, 0xf7, 0xff, 0x77, 0x42,

    /* U+8FDC "远" */
    0x0, 0xff, 0xe3, 0x8f, 0x28, 0x4, 0xaa, 0x44,
    0xe5, 0x20, 0x8, 0x66, 0x94, 0x6, 0xae, 0xab,
    0xc8, 0x1, 0x9d, 0xd0, 0x3, 0xfd, 0xde, 0xf6,
    0x0, 0xe8, 0xc0, 0xf, 0xfe, 0x28, 0xa4, 0x3b,
    0xfe, 0x84, 0x0, 0x67, 0x73, 0x48, 0x9b, 0x71,
    0xdb, 0x1b, 0xc4, 0x20, 0x9, 0xb7, 0x36, 0xaa,
    0x8a, 0x60, 0x22, 0x69, 0x40, 0xa, 0xac, 0x0,
    0xc2, 0x20, 0xf, 0xfe, 0x27, 0x30, 0x7, 0xff,
    0x11, 0x8, 0x3, 0x88, 0x3, 0xf9, 0x4a, 0xc0,
    0x3a, 0xe4, 0x3, 0xe4, 0xa4, 0x30, 0x30, 0xa5,
    0x7e, 0x0, 0xc4, 0x27, 0xc5, 0x40, 0x1, 0x57,
    0xa5, 0x70, 0xa, 0x60, 0x37, 0xf4, 0x40, 0x2a,
    0xff, 0x58, 0x5, 0x6c, 0xcb, 0x4a, 0xd9, 0x75,
    0x5c, 0xcf, 0x4, 0xf, 0x12, 0x95, 0xaa, 0x55,
    0x75, 0x54, 0xc3, 0x10, 0x63, 0x80, 0x45, 0x17,
    0xbd, 0xff, 0xdc, 0x0,

    /* U+8FDE "连" */
    0x0, 0xfe, 0x43, 0x0, 0xfc, 0x36, 0x20, 0x1d,
    0x1e, 0x1, 0xfc, 0xb6, 0x6, 0x86, 0xa7, 0x66,
    0x79, 0x4, 0x0, 0x34, 0xa9, 0x35, 0xb4, 0x13,
    0xbb, 0xa8, 0x80, 0x24, 0x5c, 0xae, 0xc0, 0xcc,
    0x4f, 0x76, 0x30, 0xd, 0x50, 0x0, 0x95, 0x37,
    0x80, 0xf, 0x8c, 0xc4, 0x21, 0x29, 0xc4, 0x40,
    0x22, 0x19, 0x0, 0x5b, 0x9b, 0x20, 0xa1, 0x7b,
    0x1, 0xba, 0xc8, 0x0, 0xbb, 0xc7, 0xc3, 0x3f,
    0xea, 0xf, 0xfa, 0x80, 0x3f, 0xf9, 0xb5, 0xff,
    0xa8, 0x3f, 0xf5, 0x80, 0x7a, 0x33, 0x76, 0x80,
    0xdd, 0xd2, 0x1, 0xe2, 0x32, 0x2c, 0x4, 0x5c,
    0x1, 0x8, 0xb0, 0x3, 0xff, 0x84, 0x38, 0x9,
    0x86, 0x1, 0x33, 0x0, 0x3e, 0xd2, 0x99, 0xe,
    0x6c, 0x33, 0x31, 0x59, 0xe2, 0xc8, 0x16, 0x99,
    0x9b, 0x6a, 0x77, 0x6a, 0xa4, 0xc3, 0xa9, 0x0,

    /* U+9001 "送" */
    0x0, 0xf8, 0x40, 0x31, 0x8, 0x7, 0x49, 0x0,
    0x5f, 0x0, 0x15, 0xf0, 0x80, 0x64, 0xf0, 0xa,
    0x9d, 0x40, 0xe, 0xe1, 0x0, 0xde, 0x52, 0x2,
    0xac, 0x0, 0x51, 0x91, 0x10, 0x4, 0x55, 0x81,
    0x9c, 0xd5, 0xf4, 0x1d, 0xcb, 0x0, 0xca, 0xa0,
    0xfd, 0xd6, 0x4, 0xee, 0xb2, 0x0, 0x2, 0x1,
    0x88, 0xb0, 0x29, 0x10, 0xc8, 0x1, 0xdf, 0xe7,
    0x14, 0x33, 0x20, 0x31, 0x99, 0x10, 0x0, 0xbb,
    0x0, 0x1e, 0xf3, 0x14, 0x15, 0x98, 0xbb, 0x8,
    0x22, 0x4, 0x4d, 0xff, 0x38, 0x5f, 0xfe, 0x10,
    0xf, 0xc2, 0xc5, 0x6e, 0x1, 0xff, 0xc0, 0xb0,
    0xc9, 0x8b, 0x10, 0xf, 0xea, 0x5b, 0x16, 0xb4,
    0xc2, 0x0, 0xfb, 0x16, 0x54, 0x0, 0x96, 0x6c,
    0x1, 0x38, 0xc1, 0xc5, 0xb0, 0x6, 0x4f, 0x40,
    0x4, 0xc3, 0x26, 0x46, 0x2a, 0x24, 0xaa, 0x69,
    0x60, 0x39, 0x95, 0x62, 0xa5, 0xde, 0xaa, 0x43,
    0xa8, 0x53, 0x0, 0xe, 0x73, 0xbf, 0xfd, 0xc6,

    /* U+9009 "选" */
    0x0, 0xff, 0x43, 0x80, 0x7e, 0x56, 0x0, 0xbe,
    0x1, 0x30, 0x3, 0xf6, 0x40, 0x1, 0x2, 0xc0,
    0x2, 0x1, 0xfa, 0xc5, 0x43, 0x43, 0x3c, 0xd7,
    0xfe, 0x60, 0xc, 0x4a, 0x62, 0xcf, 0xdc, 0x34,
    0xee, 0x6b, 0x80, 0x75, 0x30, 0x34, 0x88, 0x9c,
    0x46, 0x21, 0x0, 0x88, 0x44, 0x7, 0xee, 0xcd,
    0xf8, 0x40, 0xb7, 0xb8, 0xed, 0x55, 0x48, 0x8a,
    0x6a, 0xa3, 0x2, 0xef, 0x11, 0x26, 0x63, 0xc3,
    0x6c, 0x33, 0x22, 0x0, 0x8, 0x7, 0x98, 0x4,
    0x3, 0xff, 0x87, 0xc8, 0x1, 0xc4, 0x1, 0xfc,
    0xa9, 0xe0, 0x1d, 0x8e, 0x1, 0xf2, 0xd2, 0x20,
    0x8, 0x3f, 0x85, 0x40, 0x22, 0x1d, 0x2, 0x3b,
    0x0, 0x25, 0xcc, 0xac, 0x80, 0x3, 0x80, 0x98,
    0x98, 0x1, 0x91, 0x9d, 0x0, 0x2a, 0x18, 0x91,
    0xcd, 0x86, 0x55, 0x99, 0xe6, 0x40, 0x2, 0x77,
    0x36, 0xe5, 0x15, 0x5d, 0xaa, 0x61, 0xfc, 0x1,
    0x30, 0x1, 0x1b, 0xd6, 0x77, 0x3f, 0xee, 0x60,

    /* U+901A "通" */
    0x0, 0xf2, 0x19, 0xfe, 0x20, 0x8, 0x75, 0x40,
    0x15, 0xbb, 0xec, 0xc3, 0x0, 0x42, 0x2b, 0x10,
    0xee, 0xa7, 0xb8, 0x81, 0x68, 0x1, 0xb8, 0x64,
    0x2, 0x38, 0xa9, 0x5b, 0x40, 0xe, 0x2a, 0x80,
    0x11, 0x14, 0x2b, 0x52, 0x88, 0x80, 0x39, 0x40,
    0x1d, 0xd4, 0x0, 0x2b, 0xba, 0x0, 0xa1, 0xdc,
    0x1, 0x5f, 0xf8, 0x67, 0xfd, 0x80, 0x18, 0x76,
    0x0, 0x2a, 0xee, 0xc, 0x77, 0x34, 0x3, 0x4f,
    0x0, 0x68, 0xdd, 0xb, 0x6e, 0xa0, 0x3, 0xfc,
    0x46, 0x60, 0xe3, 0x32, 0x80, 0x7f, 0xaf, 0xfc,
    0x33, 0xfe, 0xc0, 0xf, 0xf4, 0xee, 0x86, 0x37,
    0x54, 0x1, 0xfe, 0x22, 0x80, 0x48, 0x82, 0x1,
    0xff, 0xc4, 0x9a, 0x20, 0xd, 0xc1, 0xa9, 0x4a,
    0x0, 0xa4, 0xa, 0xbc, 0x0, 0xad, 0x61, 0xee,
    0xe8, 0x72, 0x47, 0x4d, 0xbd, 0x12, 0x5a, 0x7a,
    0xfb, 0x33, 0x54, 0x42, 0x61, 0xd0, 0x4, 0xbd,
    0x40, 0x25, 0x9b, 0xde, 0xeb, 0xfd, 0xda, 0x0,

    /* U+903B "逻" */
    0x0, 0x31, 0x80, 0x8, 0xbf, 0xc0, 0x1a, 0x28,
    0xb, 0x77, 0xfc, 0x80, 0x12, 0x38, 0x18, 0x5f,
    0x8d, 0xf8, 0x6f, 0x0, 0x77, 0x88, 0x80, 0x3f,
    0xf8, 0x6b, 0xc2, 0x60, 0x46, 0x4, 0x60, 0xea,
    0x1, 0xe1, 0x0, 0x15, 0xf0, 0x5f, 0x14, 0x49,
    0x0, 0xf, 0x73, 0x0, 0x5b, 0xaf, 0x18, 0xdd,
    0xe4, 0x2, 0xb4, 0x30, 0xd, 0xc0, 0x6a, 0xb9,
    0x0, 0x2, 0xd8, 0x1, 0xac, 0xca, 0xe2, 0x2a,
    0xd0, 0xf, 0x86, 0xd2, 0xbb, 0x76, 0x70, 0x80,
    0xf, 0x89, 0x69, 0xf2, 0x81, 0x96, 0x44, 0x3,
    0xe3, 0xe5, 0x2a, 0x5d, 0x95, 0x60, 0xf, 0xfe,
    0x3, 0x19, 0x3d, 0x0, 0x7f, 0xa2, 0xfb, 0x6,
    0xe0, 0x3, 0xed, 0xd, 0x40, 0x57, 0xbd, 0x40,
    0xf, 0xad, 0xa5, 0x6d, 0x90, 0x4d, 0x9a, 0x77,
    0x44, 0x90, 0xd, 0x34, 0x74, 0x2, 0x54, 0x4c,
    0xa2, 0xe, 0x84, 0x14, 0xa0, 0x1, 0x6a, 0xcd,
    0xef, 0xfe, 0xd0,

    /* U+9053 "道" */
    0x0, 0xf8, 0xe0, 0x2, 0x49, 0x10, 0xe, 0xa8,
    0x0, 0xce, 0xc0, 0xe, 0x41, 0x0, 0xe1, 0x60,
    0x12, 0x23, 0x80, 0x92, 0xd8, 0x88, 0x80, 0x2d,
    0x12, 0x8d, 0xe7, 0x9e, 0xd0, 0x9e, 0xe6, 0x88,
    0x1, 0x1c, 0xe7, 0xff, 0x12, 0xff, 0xee, 0x10,
    0x1, 0x40, 0x80, 0xaa, 0xc4, 0xa, 0xb1, 0x8,
    0x7, 0xc5, 0x51, 0x26, 0xd3, 0x2a, 0x40, 0x1,
    0x66, 0x46, 0x1, 0x4e, 0xef, 0x0, 0x62, 0x89,
    0x37, 0x0, 0xaf, 0xbb, 0x80, 0x39, 0x10, 0xe,
    0x2, 0x19, 0xff, 0xc0, 0x1f, 0xfc, 0xc, 0xff,
    0xe0, 0xf, 0xf0, 0x85, 0x6e, 0xf0, 0x7, 0xff,
    0x30, 0xc1, 0x81, 0xc2, 0xb7, 0x78, 0x3, 0x87,
    0xc2, 0x9d, 0x3f, 0xff, 0x30, 0x0, 0x70, 0xf2,
    0x65, 0xf7, 0xe, 0xcc, 0x77, 0x45, 0x50, 0x5,
    0xb4, 0xdb, 0xa4, 0x52, 0x62, 0x62, 0xe, 0xa6,
    0x0,

    /* U+914D "配" */
    0x11, 0xfe, 0x2, 0x2f, 0x0, 0x27, 0xbb, 0xf2,
    0xee, 0xf8, 0x42, 0x77, 0x47, 0x36, 0x3b, 0xa5,
    0xee, 0xd4, 0x1, 0x9, 0x10, 0x9, 0xc0, 0x88,
    0x2, 0x3c, 0x2, 0x0, 0xdf, 0x3b, 0xc1, 0xff,
    0x8, 0x7, 0xf1, 0xc9, 0xd5, 0x96, 0x0, 0x7f,
    0xf0, 0xc, 0x44, 0xe0, 0x40, 0x1, 0x1e, 0x1,
    0x0, 0x18, 0x1b, 0x80, 0x77, 0xf7, 0x54, 0x1,
    0xda, 0x26, 0x4, 0x80, 0x3, 0x8f, 0xfc, 0x20,
    0x13, 0x18, 0x1a, 0xc8, 0x4, 0x20, 0x1f, 0xa3,
    0xc0, 0x15, 0xa0, 0x1f, 0xfc, 0x1, 0x3, 0x39,
    0x40, 0x3f, 0xf8, 0x15, 0xff, 0xa0, 0x3, 0xff,
    0x81, 0x19, 0x9b, 0x40, 0x3e, 0x37, 0x0, 0x1d,
    0x7f, 0xee, 0x0, 0xf9, 0x60, 0x40, 0x13, 0xbb,
    0xb0, 0x2, 0xd2, 0x2b, 0x4c, 0x40, 0x6, 0x45,
    0xc0, 0x6a, 0x9b, 0xb2, 0x48, 0x3, 0x94, 0x3,
    0xf, 0x94, 0x7f, 0x75, 0xea, 0x0,

    /* U+91CA "释" */
    0x0, 0xe2, 0x85, 0x0, 0xff, 0x9e, 0x6f, 0x74,
    0xde, 0xff, 0xfe, 0xd0, 0xb, 0xc3, 0x4e, 0x3a,
    0x99, 0x85, 0xba, 0xc0, 0xa0, 0xa, 0x75, 0x8c,
    0x57, 0x46, 0x8, 0x4a, 0x85, 0xc0, 0x27, 0xb0,
    0xb, 0x18, 0x5, 0xb5, 0xda, 0xc0, 0x33, 0x81,
    0x80, 0x5a, 0x0, 0x93, 0x84, 0x50, 0xc, 0x90,
    0xc7, 0xf8, 0xa2, 0xd8, 0x4c, 0x98, 0xe8, 0x0,
    0x89, 0xa1, 0x6b, 0xaa, 0x4b, 0x67, 0xe2, 0xcc,
    0x0, 0x37, 0x94, 0x27, 0xe6, 0xb6, 0x82, 0x46,
    0x7b, 0x40, 0x22, 0x51, 0xce, 0x31, 0xcd, 0xd0,
    0x7e, 0xf0, 0x6, 0x95, 0x3c, 0x7c, 0x18, 0x84,
    0x85, 0xc4, 0x4, 0x0, 0xe9, 0x0, 0x8, 0xc1,
    0x65, 0x40, 0x75, 0x60, 0x1, 0xc3, 0x90, 0x4,
    0x77, 0xdb, 0xa0, 0xcd, 0xee, 0x1, 0xc4, 0x0,
    0x3b, 0xea, 0x60, 0x22, 0x6a, 0x80, 0x7, 0x0,
    0xf2, 0x24, 0xa0, 0x89, 0x80, 0x3c, 0x20, 0x1f,
    0xfc, 0x43, 0x0, 0xfc, 0x60, 0x18,

    /* U+91CD "重" */
    0x0, 0xff, 0xe0, 0x90, 0x7, 0x9, 0x99, 0x10,
    0xcf, 0x15, 0x9f, 0xaa, 0x1, 0x93, 0x36, 0x3f,
    0x21, 0x36, 0xa9, 0x88, 0x1, 0x97, 0xfb, 0x2e,
    0x86, 0xdd, 0x94, 0xc4, 0x2, 0xff, 0xf8, 0x63,
    0xff, 0xd6, 0x1d, 0xcf, 0xfe, 0x17, 0xff, 0xee,
    0xa0, 0x11, 0x36, 0x66, 0x16, 0xcc, 0xca, 0x22,
    0x0, 0x84, 0xe6, 0x60, 0x49, 0x98, 0xc8, 0x3,
    0x84, 0x4, 0x60, 0x31, 0x18, 0x4, 0x3, 0xea,
    0xa8, 0x1e, 0xaa, 0x0, 0xfe, 0xdd, 0x81, 0xf7,
    0x60, 0x10, 0xf, 0xe, 0xec, 0xd, 0xbb, 0x8,
    0x80, 0x30, 0xa7, 0xfe, 0x17, 0xff, 0xc8, 0x1,
    0x9b, 0x3f, 0xf0, 0xbf, 0xfe, 0xc4, 0x0, 0x9f,
    0xbb, 0x86, 0x3b, 0xb9, 0x0, 0x4, 0x5f, 0x7,
    0x91, 0x78, 0x43, 0x37, 0x7c, 0x2f, 0xbb, 0xeb,

    /* U+91CF "量" */
    0x0, 0xa3, 0xb7, 0x7f, 0x74, 0x0, 0x79, 0x77,
    0x7f, 0x28, 0x80, 0x79, 0x3b, 0xbf, 0x20, 0x7,
    0x84, 0xf7, 0x7f, 0x18, 0x7, 0xbd, 0xa6, 0x7f,
    0x37, 0x80, 0x55, 0x4f, 0x22, 0xff, 0x7c, 0xc8,
    0x3f, 0xdb, 0x99, 0xfe, 0xdd, 0x81, 0x55, 0xf7,
    0x55, 0x5d, 0xaa, 0xab, 0xf4, 0x40, 0x6, 0x5f,
    0xf9, 0x55, 0xff, 0x28, 0x7, 0xcb, 0x99, 0x2a,
    0xb3, 0x25, 0x0, 0xf8, 0xaa, 0xa3, 0x2a, 0xa8,
    0x80, 0x3d, 0x12, 0x67, 0x3b, 0x19, 0xd3, 0x0,
    0x18, 0xf2, 0xab, 0x22, 0x2a, 0xb6, 0x8, 0x4,
    0x7b, 0xdd, 0x95, 0x5d, 0xdc, 0x20, 0x18, 0x80,
    0x3f, 0xc2, 0x1, 0x57, 0xf7, 0x72, 0x23, 0xbb,
    0xbe, 0x80,

    /* U+94A5 "钥" */
    0x0, 0x89, 0xc4, 0x3, 0xff, 0x84, 0xb2, 0x1,
    0xb3, 0x77, 0xc0, 0x1a, 0x98, 0x8, 0x40, 0x9f,
    0xba, 0x52, 0x0, 0x94, 0x9f, 0xb6, 0x40, 0x6,
    0x7b, 0x80, 0x21, 0xb7, 0xff, 0xa0, 0xc, 0x3,
    0xf6, 0x84, 0x80, 0x79, 0x66, 0x6d, 0x0, 0x10,
    0xbf, 0x7f, 0xc8, 0x1, 0xfc, 0x5b, 0x34, 0x1d,
    0xe8, 0x0, 0x49, 0x9b, 0x40, 0x31, 0x18, 0x19,
    0x8, 0x3, 0xc0, 0x3e, 0x6d, 0x90, 0xdd, 0x50,
    0x1c, 0xee, 0xd0, 0x1, 0x37, 0xd0, 0x77, 0xd8,
    0xb, 0x44, 0x4e, 0x1, 0xfe, 0x20, 0x95, 0x5b,
    0xc0, 0x3f, 0x52, 0xa1, 0x8, 0x7, 0xfd, 0xaa,
    0x1a, 0xa0, 0x1f, 0xec, 0x1, 0xd1, 0x4a, 0x0,
    0xff, 0x93, 0x2, 0x90, 0x80, 0x5, 0x30, 0x20,
    0x1a, 0x6c, 0x5c, 0x24, 0x2, 0x26, 0x9, 0x0,
    0xf9, 0x78, 0x80, 0x37, 0xf3, 0x80,

    /* U+94FE "链" */
    0x0, 0x9c, 0x80, 0x3e, 0xa7, 0x0, 0xf1, 0xc5,
    0x0, 0x24, 0x80, 0x25, 0x0, 0xfa, 0xc6, 0x0,
    0x9, 0x65, 0x14, 0x1d, 0x10, 0x90, 0x9, 0x87,
    0xfc, 0x4a, 0xe0, 0x2e, 0x42, 0x1, 0xd0, 0x19,
    0x91, 0x55, 0xa, 0x4a, 0x23, 0x48, 0x1b, 0xb0,
    0x8c, 0x4, 0x80, 0xa2, 0x98, 0x40, 0x11, 0xd3,
    0xee, 0xbd, 0x21, 0xc6, 0x18, 0xc, 0x40, 0x32,
    0xf8, 0xde, 0x8a, 0x42, 0x13, 0x60, 0x6f, 0x50,
    0x7, 0xcb, 0x2, 0xb5, 0xb2, 0x17, 0xb2, 0x0,
    0xff, 0xd, 0xf8, 0x80, 0x4a, 0x6a, 0xc, 0x66,
    0x0, 0x55, 0x1, 0xe4, 0x40, 0x24, 0x35, 0x6,
    0x33, 0x0, 0x15, 0x43, 0x8c, 0x1, 0x15, 0x74,
    0x85, 0xef, 0x0, 0x78, 0xd0, 0x0, 0x5d, 0xb8,
    0x1b, 0xda, 0x1, 0x87, 0x70, 0xcc, 0x22, 0x0,
    0xff, 0x10, 0x33, 0x32, 0x3, 0xe0, 0xcc, 0xe2,
    0x2, 0x20, 0x2, 0x3, 0x42, 0xab, 0x15, 0xf3,
    0x5f, 0x7f, 0x8c, 0x0, 0xcf, 0x23, 0x54, 0x3b,
    0xc7, 0x42, 0x10, 0x12,

    /* U+957F "长" */
    0x0, 0xcc, 0x40, 0x1c, 0x40, 0x1f, 0xc, 0xb8,
    0x6, 0x5d, 0x60, 0xf, 0xfe, 0x1, 0xd1, 0xb8,
    0x7, 0xfc, 0x7a, 0x7a, 0x20, 0x1f, 0xe3, 0xc2,
    0xc1, 0x0, 0xff, 0x1e, 0x1e, 0x0, 0x7f, 0xf0,
    0xe, 0x30, 0x3, 0xee, 0xff, 0x70, 0x57, 0xc7,
    0xff, 0xd9, 0x75, 0x50, 0x3d, 0x50, 0x1a, 0xab,
    0xa1, 0x56, 0x40, 0xd5, 0x52, 0x2a, 0xf9, 0x0,
    0x3f, 0x41, 0xb0, 0x7, 0xff, 0x4, 0xd6, 0x4c,
    0x3, 0xfe, 0x97, 0xa2, 0xd4, 0x0, 0xfd, 0x9a,
    0xda, 0x1e, 0x77, 0x22, 0x1, 0x94, 0x18, 0x32,
    0x80, 0xb1, 0x1b, 0x94, 0x2, 0x10, 0x6d, 0x30,
    0x8, 0x6e, 0x59, 0x40, 0x25, 0xb9, 0x0, 0xf9,
    0xa4, 0x0,

    /* U+95E8 "门" */
    0x0, 0x21, 0x80, 0x7f, 0xf0, 0x46, 0xf4, 0x0,
    0x6c, 0xab, 0xf0, 0x0, 0x60, 0x64, 0x2a, 0x6e,
    0x23, 0x5d, 0x10, 0x1, 0xcf, 0x42, 0x7f, 0xb7,
    0x74, 0x1, 0x89, 0x6, 0x20, 0x7, 0xfc, 0xda,
    0x40, 0x1f, 0xfc, 0x11, 0x3, 0x0, 0xff, 0xff,
    0x80, 0x7f, 0xff, 0xc0, 0x9, 0x30, 0x2, 0x20,
    0xf, 0xf3, 0x30, 0xe4, 0x1f, 0xc4, 0x3, 0xf1,
    0x7e, 0xb0, 0x0,

    /* U+95ED "闭" */
    0x0, 0x44, 0x0, 0x3f, 0xf8, 0x6e, 0xa0, 0xbf,
    0xff, 0x98, 0x1, 0x7, 0x20, 0xf5, 0x5f, 0x0,
    0x76, 0xe0, 0x12, 0x8f, 0xa2, 0xac, 0x0, 0x38,
    0x11, 0x0, 0x62, 0x50, 0xf, 0x2b, 0x80, 0x78,
    0xc0, 0x40, 0x3e, 0x1e, 0xff, 0xd4, 0x1f, 0xeb,
    0x0, 0xf5, 0xd5, 0x48, 0x0, 0xaa, 0x78, 0x7,
    0x95, 0x64, 0x41, 0x2, 0xa9, 0x0, 0x3f, 0xac,
    0x6c, 0x3, 0xff, 0x80, 0xeb, 0x6, 0x1, 0xff,
    0x3c, 0x2b, 0x0, 0x7f, 0x86, 0xa1, 0x28, 0x3,
    0xfe, 0x55, 0x35, 0x80, 0xc, 0x3, 0xf9, 0x3a,
    0x40, 0xa6, 0x0, 0x3f, 0xc2, 0x0, 0x36, 0x2a,
    0x1, 0xab, 0x2, 0x10, 0xe, 0x1f, 0xc5, 0x1,
    0x75, 0x64, 0x7f, 0x0, 0xff, 0x6f, 0x48, 0x0,

    /* U+95F4 "间" */
    0x0, 0xff, 0xe3, 0x4e, 0x0, 0x7f, 0xf0, 0xbc,
    0xe0, 0x23, 0xff, 0xf2, 0x0, 0x18, 0x9c, 0xaa,
    0xef, 0xd2, 0x1, 0xd1, 0x24, 0x44, 0x4f, 0x80,
    0xb, 0xa4, 0xac, 0x1, 0xff, 0xc0, 0x23, 0x7,
    0xff, 0xf3, 0x80, 0x7e, 0x11, 0x6e, 0xe1, 0x10,
    0x7, 0xf8, 0x8b, 0x0, 0x7f, 0xc3, 0xbb, 0x84,
    0x3, 0xfe, 0x99, 0xc0, 0x1f, 0xf0, 0xa2, 0x61,
    0x0, 0xff, 0xe6, 0x88, 0xbf, 0xf0, 0x88, 0x3,
    0xf3, 0x6e, 0xf9, 0x80, 0x3f, 0x9, 0x17, 0x84,
    0x4, 0x1c, 0xc0, 0xc0, 0x3f, 0xd, 0x70, 0x8,
    0x7, 0xfc, 0x28, 0x4c, 0x4d, 0xe4, 0x1, 0xfd,
    0x9f, 0x20,

    /* U+9605 "阅" */
    0x0, 0xa, 0x0, 0x7f, 0xf0, 0x9e, 0xd4, 0x5,
    0xc, 0xfe, 0x10, 0x3, 0x32, 0x0, 0xab, 0xbb,
    0xd8, 0xe0, 0x14, 0xe1, 0xf, 0x6e, 0x46, 0xec,
    0x6, 0x58, 0x40, 0x37, 0xe0, 0x9, 0xb0, 0xf,
    0x18, 0x80, 0x25, 0x44, 0x4d, 0xa0, 0x1c, 0x60,
    0x13, 0xfb, 0xf7, 0x7, 0x2c, 0x3, 0xf0, 0x97,
    0xfe, 0x80, 0xf, 0xf8, 0x47, 0x78, 0x7, 0xf0,
    0x97, 0x76, 0x70, 0xf, 0xe7, 0xf2, 0x9a, 0x1f,
    0xb0, 0xf, 0xf1, 0x10, 0x3, 0xff, 0x82, 0xa0,
    0xa0, 0x13, 0x30, 0x3, 0xe1, 0x84, 0x10, 0x15,
    0xbc, 0x0, 0xf2, 0x79, 0x48, 0x22, 0xf2, 0x58,
    0x80, 0x98, 0x1, 0x4b, 0x8, 0x6, 0xae, 0x6b,
    0xc1, 0xc0, 0x21, 0xc3, 0x0, 0xf3, 0xa, 0x99,
    0x79, 0x80, 0x7f, 0x67, 0xd0, 0x0,

    /* U+961F "队" */
    0x0, 0xfe, 0x68, 0x0, 0xf3, 0x6e, 0xf4, 0x0,
    0x3d, 0xc0, 0x3e, 0x28, 0x85, 0x16, 0x80, 0x42,
    0x1, 0xf9, 0x54, 0x20, 0xa0, 0x1, 0x0, 0xff,
    0xb5, 0x0, 0x30, 0x80, 0x7f, 0xa, 0x70, 0x4,
    0x20, 0x1f, 0xe7, 0x5, 0x0, 0x8c, 0xc, 0x3,
    0xf2, 0x83, 0x0, 0x4c, 0xa, 0x1, 0xf8, 0xd6,
    0x0, 0x23, 0x2d, 0x0, 0xfe, 0x81, 0x50, 0x30,
    0x94, 0x20, 0xf, 0xc4, 0x38, 0x16, 0x48, 0x74,
    0x1, 0xf8, 0x46, 0x6, 0x50, 0xa7, 0x10, 0xe,
    0x2d, 0xe0, 0xa7, 0x19, 0x6, 0x1b, 0x0, 0xe2,
    0x66, 0x68, 0x43, 0x88, 0x2, 0xd5, 0x40, 0x1d,
    0x72, 0x7e, 0x50, 0x1, 0x2a, 0xa8, 0xc0, 0x38,
    0xfc, 0xfc, 0x3, 0xac, 0xb0, 0x40, 0x31, 0xae,
    0x90, 0x7, 0xe, 0x48, 0x80,

    /* U+9636 "阶" */
    0x0, 0xff, 0xe7, 0x1e, 0x98, 0x7, 0x2e, 0xee,
    0xc0, 0xa, 0xc9, 0xc0, 0x38, 0xca, 0xec, 0xc,
    0x1, 0x31, 0x48, 0x7, 0x18, 0xb3, 0xf, 0x0,
    0xc, 0x18, 0x6e, 0x1, 0xf1, 0xa, 0x0, 0x22,
    0x46, 0x20, 0xa0, 0x1e, 0x41, 0x20, 0x80, 0x70,
    0x64, 0xa6, 0x0, 0xec, 0x70, 0x47, 0xb0, 0xa,
    0xce, 0x68, 0x80, 0x24, 0xf3, 0xb5, 0x70, 0x8,
    0xf5, 0x14, 0x40, 0x24, 0xa1, 0x4a, 0xf9, 0x3,
    0xc5, 0xbb, 0x18, 0x5, 0x66, 0xf6, 0x0, 0xf0,
    0x10, 0x70, 0x40, 0xc, 0x2d, 0xc0, 0x3, 0x20,
    0x8, 0x40, 0x3e, 0x16, 0x0, 0xb, 0x80, 0x7f,
    0x13, 0xb3, 0x0, 0xc0, 0xc0, 0x3f, 0x8e, 0x2,
    0x2, 0xc8, 0x3, 0xfc, 0x3b, 0xc6, 0x2d, 0x40,
    0x1f, 0x8c, 0x0, 0x40, 0xa, 0x6, 0x0, 0x8,
    0x7, 0xf9, 0x52, 0x84, 0x3, 0x8, 0x4, 0xdc,
    0x1, 0x2f, 0xa0, 0x4, 0x7c, 0x60, 0x10,

    /* U+9664 "除" */
    0x0, 0xff, 0xe7, 0x2e, 0x90, 0x7, 0x2e, 0xee,
    0xc0, 0xa, 0x49, 0xc0, 0x3c, 0x53, 0x20, 0x50,
    0x2, 0x9b, 0xd8, 0x80, 0x70, 0xa2, 0x95, 0x0,
    0xdb, 0xc2, 0xe8, 0x7, 0xce, 0x46, 0x14, 0x70,
    0x14, 0x3a, 0x40, 0x1d, 0x4a, 0x12, 0x90, 0x66,
    0x28, 0x2d, 0x91, 0x0, 0x11, 0xdb, 0xb3, 0x2b,
    0x32, 0xa7, 0x44, 0x8, 0x0, 0x8e, 0x5f, 0x27,
    0xfc, 0x19, 0xf1, 0x78, 0x1, 0xb9, 0x4c, 0xc0,
    0x1f, 0x84, 0x3, 0x12, 0x56, 0x7f, 0xc1, 0x9f,
    0xf1, 0x0, 0x70, 0x97, 0x66, 0xe8, 0x2b, 0x75,
    0x84, 0x1, 0x1d, 0x29, 0x90, 0x19, 0x3, 0x18,
    0x98, 0x6, 0x15, 0x54, 0x6, 0xd8, 0x5, 0x1a,
    0x20, 0x18, 0xbe, 0x82, 0x82, 0xc0, 0x29, 0x2d,
    0x0, 0xfa, 0x17, 0x44, 0x3, 0x71, 0xd8, 0x18,
    0x6, 0xc9, 0x37, 0xb0, 0x10, 0x2a, 0x80, 0xf,
    0x23, 0x0, 0xab, 0x10, 0x1, 0x4c, 0x1b, 0x80,
    0x3c, 0xdd, 0x20, 0x1e,

    /* U+9700 "需" */
    0x1, 0x32, 0x2f, 0xf1, 0x80, 0x4d, 0xb9, 0x9b,
    0x73, 0x3b, 0x4c, 0x0, 0xfd, 0xdc, 0x33, 0xdd,
    0xc6, 0x1d, 0xff, 0xe1, 0x8f, 0xff, 0x30, 0x3f,
    0xff, 0xc, 0x7f, 0xf0, 0x80, 0x3d, 0x3b, 0x9a,
    0x0, 0x15, 0xff, 0x70, 0x5, 0xac, 0x9f, 0xec,
    0x0, 0xa, 0xf7, 0x3c, 0x35, 0xcc, 0x63, 0xb9,
    0xe0, 0x20, 0x9f, 0xf0, 0x18, 0x8d, 0x1d, 0xd0,
    0x73, 0x27, 0x74, 0x2, 0x15, 0xdf, 0xdc, 0xff,
    0x77, 0x3f, 0xfb, 0x9a, 0xff, 0xfb, 0x3, 0xbf,
    0xfc, 0xc1, 0x3b, 0xbc, 0x19, 0xbb, 0xc8, 0x0,
    0x30, 0x99, 0x3a, 0x5c, 0x92, 0x4c, 0x8c, 0x40,
    0x21, 0x44, 0x19, 0x91, 0x1, 0xc8, 0x83, 0x10,
    0xf, 0xfe, 0x11, 0x80, 0x7d, 0xdc, 0x0, 0x10,
    0x97, 0x88, 0x4, 0x20, 0x13, 0xb8, 0x1, 0xac,
    0x44, 0x44, 0x0, 0x2f, 0x0, 0x3f, 0xb6, 0xc0,
    0x0,

    /* U+9759 "静" */
    0x0, 0xd4, 0xa0, 0x19, 0x6c, 0x40, 0x3c, 0x20,
    0x7, 0x20, 0xd, 0xce, 0x20, 0x1c, 0x5d, 0xfe,
    0x28, 0xff, 0x38, 0xa1, 0xf7, 0x34, 0x40, 0x5,
    0xff, 0x14, 0x7f, 0x9e, 0xf, 0xbc, 0x9c, 0x40,
    0x23, 0xbb, 0x15, 0x5d, 0x89, 0xa0, 0x40, 0xf8,
    0x3, 0x9, 0xe0, 0xb6, 0x62, 0x44, 0x96, 0x0,
    0x8, 0x20, 0x49, 0xa4, 0x2, 0x43, 0xf3, 0xbc,
    0xc7, 0xf6, 0xa0, 0x1, 0x33, 0x46, 0x18, 0xb3,
    0xdd, 0x83, 0xec, 0x40, 0x4, 0x75, 0x5d, 0x81,
    0x99, 0x7, 0xe0, 0xd3, 0x80, 0x9f, 0xfd, 0x68,
    0x51, 0xfe, 0x9, 0xf0, 0x85, 0x1, 0x0, 0xe1,
    0x4, 0x33, 0x3, 0x18, 0x91, 0x0, 0x2f, 0xfa,
    0x80, 0xc, 0xee, 0xb, 0x71, 0x0, 0xc3, 0x99,
    0x40, 0x5, 0xe0, 0x1, 0x2, 0x0, 0xc3, 0xff,
    0x50, 0x1, 0xa1, 0xc2, 0x9f, 0x50, 0x2, 0x1f,
    0xfa, 0x80, 0x3f, 0xf8, 0x89, 0xc6, 0x0, 0x69,
    0x2, 0x0, 0xe1, 0x0, 0xb1, 0x6c, 0x1, 0x6c,
    0xc1, 0x0, 0xe5, 0xe0, 0x4, 0x73, 0x0, 0x33,
    0xe4, 0x3, 0x80,

    /* U+9762 "面" */
    0xde, 0xdd, 0xff, 0xe0, 0x74, 0xc5, 0xc4, 0x67,
    0x28, 0x8f, 0x5d, 0x2a, 0xf8, 0x55, 0x7f, 0x18,
    0x0, 0x47, 0x27, 0x88, 0xf8, 0x2, 0xbe, 0xec,
    0x15, 0xdd, 0xe6, 0x0, 0x93, 0xb8, 0x17, 0xdc,
    0x65, 0xee, 0x0, 0x61, 0x1c, 0x0, 0x11, 0x0,
    0x4, 0x40, 0x60, 0x1f, 0x5f, 0xf9, 0x80, 0x3f,
    0xf8, 0x15, 0xdc, 0x60, 0xf, 0xfe, 0x0, 0x8c,
    0x1, 0xff, 0xc1, 0xbf, 0xf3, 0x0, 0x7f, 0xf0,
    0x2f, 0xfc, 0xc0, 0x1f, 0xfc, 0xc5, 0xdd, 0x5,
    0x6e, 0x99, 0x77, 0x40, 0x1c, 0x73, 0x2b, 0xa9,
    0x95, 0xda, 0x64, 0x1, 0x85, 0x91, 0x3f, 0xc0,
    0x60,

    /* U+97F3 "音" */
    0x0, 0xff, 0xe5, 0x17, 0x30, 0x7, 0xff, 0x4,
    0x83, 0x40, 0x3f, 0x7f, 0xf8, 0x53, 0xff, 0xac,
    0x1, 0xba, 0xe7, 0xde, 0xed, 0x75, 0xdb, 0x40,
    0x2, 0x20, 0x3d, 0x8, 0xed, 0xa3, 0x21, 0x0,
    0xc2, 0xce, 0x40, 0x13, 0xb1, 0x0, 0x44, 0x64,
    0x4c, 0x26, 0x22, 0x30, 0xe1, 0x10, 0xcd, 0x3b,
    0x98, 0xb3, 0xac, 0xc4, 0xd, 0xe6, 0x37, 0xaf,
    0xbb, 0xff, 0x85, 0xa0, 0x4, 0xff, 0xff, 0x28,
    0x6, 0x70, 0xad, 0xdf, 0x58, 0x7, 0xe1, 0x33,
    0xf3, 0x80, 0x7e, 0xbe, 0xef, 0x60, 0x7, 0xec,
    0xff, 0xf6, 0x80, 0x7e, 0x72, 0x2f, 0x30, 0x7,
    0x9c, 0x2b, 0x33, 0xd4, 0x1, 0xfb, 0x7b, 0xbd,
    0x80, 0x60, 0x19, 0x38, 0xc0, 0x3c, 0x5e, 0xc0,
    0x0,

    /* U+9879 "项" */
    0x0, 0xfa, 0xea, 0xbf, 0x87, 0xff, 0x8f, 0x32,
    0xd5, 0x3c, 0xcc, 0x3b, 0x81, 0x7a, 0x6e, 0xcc,
    0x50, 0xa6, 0x6c, 0x4, 0x40, 0x72, 0x0, 0x8,
    0x9c, 0x4, 0x70, 0x7, 0xe5, 0xee, 0x50, 0x6f,
    0x73, 0x40, 0x3f, 0x8, 0x77, 0xfe, 0x70, 0xf,
    0xfe, 0xb, 0x98, 0x1, 0xc0, 0x3f, 0xf8, 0x11,
    0x40, 0x1f, 0xfc, 0x4e, 0x0, 0xfd, 0x74, 0x80,
    0x1c, 0x60, 0x18, 0x63, 0x41, 0xc1, 0x80, 0x24,
    0x5, 0x0, 0xc2, 0xcc, 0xbf, 0xa2, 0x0, 0xb8,
    0xc0, 0xc1, 0xc0, 0x1d, 0x48, 0x1, 0x27, 0xb2,
    0xc5, 0x67, 0xe0, 0x7, 0xe2, 0xa8, 0x94, 0xb5,
    0x89, 0x0, 0xf2, 0x5e, 0xbe, 0x30, 0x2, 0xa1,
    0xa0, 0x3, 0x95, 0xe7, 0x4c, 0x3, 0x3c, 0xc0,

    /* U+9884 "预" */
    0x2, 0x2f, 0xa, 0xa2, 0x79, 0x4c, 0x33, 0x73,
    0x1b, 0xa2, 0x88, 0xae, 0x62, 0x12, 0x81, 0xdf,
    0xda, 0x12, 0x7b, 0x98, 0x8, 0xcc, 0x9c, 0x1,
    0x31, 0xb0, 0xc0, 0x1, 0x30, 0x61, 0x18, 0x2,
    0xb6, 0x7, 0x0, 0x37, 0x60, 0x67, 0x73, 0xc0,
    0x22, 0xf7, 0x0, 0x8c, 0x7f, 0xb7, 0xe4, 0x2,
    0xff, 0x73, 0x7f, 0xac, 0x2, 0x6d, 0x0, 0x18,
    0x3, 0x79, 0x8f, 0x8b, 0x0, 0x31, 0x0, 0x71,
    0x8, 0x80, 0x4c, 0xc0, 0x17, 0xb0, 0x7, 0xfb,
    0x90, 0x2, 0x11, 0x0, 0x7f, 0xf0, 0xd4, 0x80,
    0x6, 0x1, 0xfc, 0x2a, 0x7, 0xa0, 0x4e, 0x1,
    0xfc, 0x96, 0xe0, 0xf4, 0x92, 0x1, 0xfe, 0x38,
    0x70, 0x4c, 0x10, 0x2, 0x53, 0x30, 0x2, 0x5c,
    0x48, 0x2f, 0x1c, 0x10, 0x75, 0x28, 0x0, 0x5d,
    0x35, 0x80, 0x7, 0x2, 0xc0, 0xff, 0x8, 0x1,
    0x59, 0x20, 0x18, 0x72, 0x80,

    /* U+9891 "频" */
    0x0, 0xc4, 0xc0, 0x1f, 0xfc, 0x22, 0x17, 0x90,
    0x0, 0xdd, 0x57, 0x5d, 0x0, 0x5a, 0x82, 0x1,
    0xb3, 0x74, 0xa5, 0x99, 0x0, 0x7d, 0xfe, 0x97,
    0x72, 0x4, 0x33, 0xb0, 0x7, 0xdd, 0xc9, 0x14,
    0x40, 0xa2, 0x44, 0x1, 0xf0, 0x8c, 0xf7, 0x8b,
    0xfe, 0xba, 0x0, 0x78, 0x55, 0x87, 0xfb, 0x4c,
    0x6e, 0xf1, 0x80, 0x5b, 0xae, 0xb6, 0xdd, 0x78,
    0x5, 0x32, 0x0, 0xe2, 0x47, 0x16, 0x20, 0x20,
    0x8, 0x88, 0x1, 0xe8, 0xe1, 0x0, 0x4e, 0x0,
    0x62, 0x0, 0xe4, 0x19, 0x0, 0xa, 0x48, 0x4,
    0xe2, 0x1, 0xd8, 0xa2, 0x0, 0xb2, 0x53, 0x0,
    0x17, 0x0, 0x74, 0x50, 0x4, 0xbc, 0x6, 0x86,
    0x28, 0xf, 0xe0, 0x18, 0x78, 0x28, 0xc1, 0x6a,
    0xc, 0x9e, 0xdc, 0x0, 0x2f, 0xe9, 0x8a, 0x0,
    0x1a, 0x5e, 0x39, 0xc2, 0x1, 0xc8, 0x7f, 0x30,
    0x4, 0x7a, 0x61, 0x1f, 0x86, 0x98, 0xe6, 0xc8,
    0x80, 0x58, 0xfc, 0x40, 0x1, 0xc7, 0x30,

    /* U+98CE "风" */
    0x0, 0xf, 0xff, 0xfc, 0x80, 0x1f, 0x45, 0x57,
    0xe0, 0xf, 0x84, 0x11, 0x57, 0xe4, 0x0, 0xff,
    0x9, 0x80, 0x54, 0xc2, 0xe, 0x1, 0xc2, 0x0,
    0x9d, 0x20, 0x2, 0x88, 0x7, 0xf8, 0x61, 0x7c,
    0x14, 0x5c, 0x3, 0xff, 0x81, 0x67, 0x52, 0xc0,
    0x13, 0x80, 0x71, 0x81, 0x80, 0x35, 0x4e, 0x40,
    0x3f, 0x84, 0x3, 0x18, 0x80, 0x7f, 0xcc, 0x2,
    0x0, 0x90, 0x28, 0x0, 0x84, 0x3, 0xb4, 0xc0,
    0xe, 0xdb, 0xc, 0x60, 0x44, 0x0, 0xe3, 0x50,
    0x88, 0x51, 0xa9, 0xc0, 0x3e, 0x0, 0x61, 0x4c,
    0x26, 0xa5, 0x0, 0x42, 0x8e, 0xa8, 0xe1, 0x3,
    0xa, 0x97, 0xa8, 0x4, 0x9c, 0x2a, 0x3a, 0x62,
    0x28, 0x60, 0x0, 0x80, 0x7c, 0x4a, 0x67, 0xc,
    0x40, 0x3, 0xfe, 0xb7, 0xe0,

    /* U+9A71 "驱" */
    0x4, 0x4f, 0x0, 0xa2, 0x7c, 0x60, 0xa, 0xae,
    0xb1, 0x5b, 0xaa, 0xf4, 0x0, 0x3e, 0xfb, 0x96,
    0x2, 0xe1, 0xdd, 0xeb, 0x0, 0x15, 0x8, 0x18,
    0x7, 0x20, 0x1, 0x30, 0x40, 0xe, 0x2, 0x0,
    0x10, 0x9, 0x2d, 0x43, 0x48, 0x40, 0x3c, 0x26,
    0x1, 0x23, 0x51, 0x3c, 0x80, 0x7d, 0xe0, 0x1d,
    0x25, 0x82, 0xc0, 0x10, 0x80, 0x42, 0x20, 0xe,
    0xe1, 0x41, 0x0, 0x8c, 0x3f, 0xcc, 0x7e, 0xe0,
    0x12, 0x82, 0x18, 0x4, 0xdd, 0xda, 0xc1, 0xc0,
    0x3, 0xe, 0x9c, 0x1, 0x84, 0x46, 0x40, 0x40,
    0x15, 0x84, 0x49, 0x38, 0xf, 0xfd, 0xb2, 0x22,
    0x0, 0x22, 0xd0, 0x14, 0x28, 0xd, 0x5e, 0xfd,
    0x13, 0x80, 0x13, 0x50, 0x0, 0xe4, 0x0, 0x54,
    0x20, 0x7, 0x88, 0x0, 0x4c, 0x47, 0x80, 0x3a,
    0x29, 0xf4, 0x1, 0xdd, 0xf1, 0x80, 0x6e, 0x67,
    0x63, 0xff, 0xfb, 0x8c,

    /* U+9A8C "验" */
    0x0, 0xff, 0x33, 0x4, 0x3, 0xc8, 0x9c, 0x20,
    0x14, 0xc8, 0xc0, 0x3d, 0x55, 0xad, 0x0, 0xc,
    0x2b, 0x0, 0x1e, 0xee, 0xc0, 0x20, 0x8, 0x9b,
    0x46, 0x0, 0xe3, 0xb0, 0x9, 0x82, 0xd, 0xc6,
    0xe5, 0xc0, 0x33, 0x20, 0x10, 0x1a, 0xbc, 0x88,
    0x92, 0x21, 0x8a, 0x1, 0x10, 0x8, 0x15, 0x2d,
    0xf7, 0x51, 0x23, 0x80, 0x1c, 0xe2, 0x77, 0x5b,
    0xbc, 0xdb, 0x20, 0x3, 0x0, 0x11, 0x82, 0x1,
    0xb, 0x11, 0x14, 0x40, 0x31, 0x7c, 0x97, 0xf,
    0x8d, 0xc0, 0x1d, 0x10, 0x4, 0xf9, 0x94, 0x18,
    0x92, 0x69, 0x2, 0x91, 0x80, 0x42, 0x66, 0x22,
    0x8, 0x2f, 0xb8, 0x86, 0x20, 0x4, 0x77, 0x9f,
    0xe3, 0x70, 0xc4, 0x22, 0x93, 0x40, 0x22, 0x74,
    0xbf, 0x11, 0x2, 0xb8, 0x68, 0x89, 0x0, 0x21,
    0xc8, 0x41, 0xf3, 0x10, 0x81, 0x15, 0xa0, 0x88,
    0x3, 0xab, 0x1c, 0x6b, 0xbb, 0x3a, 0x77, 0x4,
    0x3, 0x13, 0xba, 0x6f, 0xff, 0xee, 0x10,

    /* U+9EA6 "麦" */
    0x0, 0xfd, 0xac, 0x1, 0xff, 0xc4, 0x20, 0xf,
    0xf2, 0x7f, 0xf8, 0x27, 0xff, 0xc0, 0x12, 0x6f,
    0x7f, 0xe1, 0x9f, 0xfd, 0xda, 0x1, 0x88, 0xc8,
    0xb0, 0x9, 0x16, 0x33, 0x0, 0x65, 0xcf, 0xfc,
    0x33, 0xff, 0x66, 0x10, 0x3, 0x2f, 0x6e, 0xe1,
    0x8d, 0xdb, 0xb8, 0xa0, 0x4, 0xee, 0xf8, 0x63,
    0xbb, 0xe3, 0x4c, 0xff, 0xd4, 0x2d, 0xff, 0xf6,
    0x18, 0x10, 0x8c, 0x12, 0x1a, 0x45, 0x8c, 0x44,
    0x40, 0x1c, 0x3a, 0x44, 0x9e, 0xe6, 0xe5, 0x0,
    0x7c, 0x9e, 0x61, 0x5b, 0xb1, 0x12, 0x0, 0x3d,
    0x56, 0x5b, 0x30, 0xa1, 0x25, 0xe0, 0x1f, 0x44,
    0xe1, 0x33, 0x2b, 0x5f, 0x48, 0x3, 0xe2, 0x60,
    0x1, 0x98, 0x8, 0xd8, 0x40, 0x3c, 0x2d, 0x17,
    0xd8, 0x1b, 0xc9, 0x5d, 0xb9, 0x72, 0x0, 0x1b,
    0x43, 0xaf, 0xa2, 0x19, 0xfa, 0x56, 0x7f, 0x0,
    0xb7, 0x21, 0x0, 0x3c, 0xb1, 0x58, 0xc0,

    /* U+9ED8 "默" */
    0x0, 0xff, 0xe0, 0x20, 0x7, 0xb7, 0xbb, 0xe0,
    0x1, 0x59, 0x8, 0x7, 0x5f, 0x1d, 0x76, 0x80,
    0x46, 0x9, 0xe2, 0x1, 0xbe, 0x0, 0x17, 0x20,
    0x1c, 0xee, 0xc1, 0x0, 0xb1, 0x43, 0x13, 0xc0,
    0x3d, 0x2a, 0x1, 0x8f, 0x43, 0x74, 0xc0, 0xcd,
    0x3, 0x33, 0x88, 0x0, 0x75, 0xc5, 0x79, 0xa3,
    0xf9, 0x80, 0xcc, 0x6b, 0x0, 0x3b, 0xf8, 0xab,
    0xb9, 0xf3, 0x5e, 0x1f, 0x56, 0xa0, 0xb, 0xcc,
    0x14, 0xe6, 0xc, 0x0, 0x40, 0x60, 0x1d, 0x3d,
    0xc2, 0xbe, 0xf3, 0x0, 0x78, 0x60, 0x7, 0x85,
    0x8f, 0x2e, 0x70, 0x0, 0x92, 0x80, 0x18, 0x77,
    0x21, 0xb, 0xfe, 0x3, 0x33, 0x1b, 0x0, 0x43,
    0x1b, 0xf5, 0xeb, 0x88, 0x12, 0xc1, 0x56, 0x1,
    0xa9, 0x21, 0x3f, 0xd5, 0x2a, 0x90, 0xc, 0x6e,
    0x0, 0x12, 0x73, 0x35, 0x1, 0x5d, 0xa8, 0x2,
    0x88, 0x18, 0x1b, 0xd, 0xa9, 0x61, 0xdc, 0xa0,
    0x4, 0xc7, 0xc0, 0x52, 0x6, 0x40, 0x3, 0x87,
    0x0, 0xee, 0xf0,

    /* U+FF0C "，" */
    0x5a, 0xa6, 0xaa, 0x80, 0x28, 0xb1, 0xf, 0x62,
    0x38,

    /* U+FF1A "：" */
    0x6f, 0xe0, 0x9, 0x26, 0xc9, 0x94, 0x95, 0x11,
    0x54, 0x0, 0x80,

    /* U+FF1B "；" */
    0xcf, 0x71, 0x0, 0x44, 0xaa, 0x98, 0x95, 0x8e,
    0x25, 0x0, 0x2d, 0x31, 0x52, 0x72, 0xd1
};


/*---------------------
 *  GLYPH DESCRIPTION
 *--------------------*/

static const lv_font_fmt_txt_glyph_dsc_t glyph_dsc[] = {
    {.bitmap_index = 0, .adv_w = 0, .box_w = 0, .box_h = 0, .ofs_x = 0, .ofs_y = 0} /* id = 0 reserved */,
    {.bitmap_index = 0, .adv_w = 144, .box_w = 0, .box_h = 0, .ofs_x = 0, .ofs_y = 0},
    {.bitmap_index = 0, .adv_w = 144, .box_w = 3, .box_h = 14, .ofs_x = 3, .ofs_y = 0},
    {.bitmap_index = 21, .adv_w = 144, .box_w = 5, .box_h = 4, .ofs_x = 2, .ofs_y = 9},
    {.bitmap_index = 32, .adv_w = 144, .box_w = 9, .box_h = 13, .ofs_x = 0, .ofs_y = 0},
    {.bitmap_index = 91, .adv_w = 144, .box_w = 8, .box_h = 17, .ofs_x = 0, .ofs_y = -2},
    {.bitmap_index = 154, .adv_w = 144, .box_w = 9, .box_h = 14, .ofs_x = 0, .ofs_y = 0},
    {.bitmap_index = 212, .adv_w = 144, .box_w = 9, .box_h = 13, .ofs_x = 0, .ofs_y = 0},
    {.bitmap_index = 269, .adv_w = 144, .box_w = 2, .box_h = 4, .ofs_x = 3, .ofs_y = 9},
    {.bitmap_index = 273, .adv_w = 144, .box_w = 5, .box_h = 18, .ofs_x = 4, .ofs_y = -2},
    {.bitmap_index = 315, .adv_w = 144, .box_w = 5, .box_h = 18, .ofs_x = 0, .ofs_y = -2},
    {.bitmap_index = 357, .adv_w = 144, .box_w = 9, .box_h = 10, .ofs_x = 0, .ofs_y = 3},
    {.bitmap_index = 400, .adv_w = 144, .box_w = 9, .box_h = 9, .ofs_x = 0, .ofs_y = 3},
    {.bitmap_index = 425, .adv_w = 144, .box_w = 3, .box_h = 4, .ofs_x = 1, .ofs_y = -2},
    {.bitmap_index = 431, .adv_w = 144, .box_w = 9, .box_h = 3, .ofs_x = 0, .ofs_y = 6},
    {.bitmap_index = 439, .adv_w = 144, .box_w = 3, .box_h = 2, .ofs_x = 1, .ofs_y = 0},
    {.bitmap_index = 442, .adv_w = 144, .box_w = 9, .box_h = 16, .ofs_x = 0, .ofs_y = -1},
    {.bitmap_index = 489, .adv_w = 144, .box_w = 9, .box_h = 14, .ofs_x = 0, .ofs_y = -1},
    {.bitmap_index = 547, .adv_w = 144, .box_w = 5, .box_h = 13, .ofs_x = 1, .ofs_y = 0},
    {.bitmap_index = 564, .adv_w = 144, .box_w = 8, .box_h = 14, .ofs_x = 0, .ofs_y = 0},
    {.bitmap_index = 611, .adv_w = 144, .box_w = 9, .box_h = 14, .ofs_x = 0, .ofs_y = 0},
    {.bitmap_index = 669, .adv_w = 144, .box_w = 9, .box_h = 13, .ofs_x = 0, .ofs_y = 0},
    {.bitmap_index = 711, .adv_w = 144, .box_w = 9, .box_h = 13, .ofs_x = 0, .ofs_y = 0},
    {.bitmap_index = 765, .adv_w = 144, .box_w = 9, .box_h = 13, .ofs_x = 0, .ofs_y = 0},
    {.bitmap_index = 818, .adv_w = 144, .box_w = 9, .box_h = 13, .ofs_x = 0, .ofs_y = 0},
    {.bitmap_index = 859, .adv_w = 144, .box_w = 9, .box_h = 13, .ofs_x = 0, .ofs_y = 0},
    {.bitmap_index = 918, .adv_w = 144, .box_w = 8, .box_h = 13, .ofs_x = 0, .ofs_y = 0},
    {.bitmap_index = 968, .adv_w = 144, .box_w = 3, .box_h = 9, .ofs_x = 3, .ofs_y = 0},
    {.bitmap_index = 979, .adv_w = 144, .box_w = 3, .box_h = 11, .ofs_x = 3, .ofs_y = -2},
    {.bitmap_index = 993, .adv_w = 144, .box_w = 9, .box_h = 15, .ofs_x = 0, .ofs_y = -1},
    {.bitmap_index = 1041, .adv_w = 144, .box_w = 9, .box_h = 7, .ofs_x = 0, .ofs_y = 3},
    {.bitmap_index = 1058, .adv_w = 144, .box_w = 9, .box_h = 15, .ofs_x = 0, .ofs_y = -1},
    {.bitmap_index = 1108, .adv_w = 144, .box_w = 8, .box_h = 13, .ofs_x = 0, .ofs_y = 0},
    {.bitmap_index = 1153, .adv_w = 144, .box_w = 9, .box_h = 13, .ofs_x = 0, .ofs_y = 0},
    {.bitmap_index = 1212, .adv_w = 144, .box_w = 9, .box_h = 13, .ofs_x = 0, .ofs_y = 0},
    {.bitmap_index = 1264, .adv_w = 144, .box_w = 9, .box_h = 13, .ofs_x = 0, .ofs_y = 0},
    {.bitmap_index = 1316, .adv_w = 144, .box_w = 9, .box_h = 13, .ofs_x = 0, .ofs_y = 0},
    {.bitmap_index = 1370, .adv_w = 144, .box_w = 9, .box_h = 13, .ofs_x = 0, .ofs_y = 0},
    {.bitmap_index = 1416, .adv_w = 144, .box_w = 9, .box_h = 13, .ofs_x = 0, .ofs_y = 0},
    {.bitmap_index = 1451, .adv_w = 144, .box_w = 9, .box_h = 13, .ofs_x = 0, .ofs_y = 0},
    {.bitmap_index = 1480, .adv_w = 144, .box_w = 9, .box_h = 13, .ofs_x = 0, .ofs_y = 0},
    {.bitmap_index = 1537, .adv_w = 144, .box_w = 9, .box_h = 13, .ofs_x = 0, .ofs_y = 0},
    {.bitmap_index = 1561, .adv_w = 144, .box_w = 3, .box_h = 13, .ofs_x = 3, .ofs_y = 0},
    {.bitmap_index = 1566, .adv_w = 144, .box_w = 8, .box_h = 13, .ofs_x = 0, .ofs_y = 0},
    {.bitmap_index = 1594, .adv_w = 144, .box_w = 9, .box_h = 13, .ofs_x = 0, .ofs_y = 0},
    {.bitmap_index = 1640, .adv_w = 144, .box_w = 9, .box_h = 13, .ofs_x = 0, .ofs_y = 0},
    {.bitmap_index = 1654, .adv_w = 144, .box_w = 9, .box_h = 13, .ofs_x = 0, .ofs_y = 0},
    {.bitmap_index = 1702, .adv_w = 144, .box_w = 9, .box_h = 13, .ofs_x = 0, .ofs_y = 0},
    {.bitmap_index = 1742, .adv_w = 144, .box_w = 9, .box_h = 13, .ofs_x = 0, .ofs_y = 0},
    {.bitmap_index = 1795, .adv_w = 144, .box_w = 9, .box_h = 13, .ofs_x = 0, .ofs_y = 0},
    {.bitmap_index = 1836, .adv_w = 144, .box_w = 9, .box_h = 14, .ofs_x = 0, .ofs_y = -1},
    {.bitmap_index = 1895, .adv_w = 144, .box_w = 9, .box_h = 13, .ofs_x = 0, .ofs_y = 0},
    {.bitmap_index = 1943, .adv_w = 144, .box_w = 9, .box_h = 13, .ofs_x = 0, .ofs_y = 0},
    {.bitmap_index = 2002, .adv_w = 144, .box_w = 9, .box_h = 13, .ofs_x = 0, .ofs_y = 0},
    {.bitmap_index = 2020, .adv_w = 144, .box_w = 9, .box_h = 13, .ofs_x = 0, .ofs_y = 0},
    {.bitmap_index = 2046, .adv_w = 144, .box_w = 9, .box_h = 13, .ofs_x = 0, .ofs_y = 0},
    {.bitmap_index = 2100, .adv_w = 144, .box_w = 9, .box_h = 13, .ofs_x = 0, .ofs_y = 0},
    {.bitmap_index = 2160, .adv_w = 144, .box_w = 9, .box_h = 13, .ofs_x = 0, .ofs_y = 0},
    {.bitmap_index = 2214, .adv_w = 144, .box_w = 9, .box_h = 13, .ofs_x = 0, .ofs_y = 0},
    {.bitmap_index = 2249, .adv_w = 144, .box_w = 9, .box_h = 13, .ofs_x = 0, .ofs_y = 0},
    {.bitmap_index = 2293, .adv_w = 144, .box_w = 5, .box_h = 19, .ofs_x = 3, .ofs_y = -2},
    {.bitmap_index = 2308, .adv_w = 144, .box_w = 8, .box_h = 16, .ofs_x = 0, .ofs_y = -2},
    {.bitmap_index = 2352, .adv_w = 144, .box_w = 6, .box_h = 19, .ofs_x = 0, .ofs_y = -2},
    {.bitmap_index = 2371, .adv_w = 144, .box_w = 8, .box_h = 3, .ofs_x = 0, .ofs_y = 12},
    {.bitmap_index = 2383, .adv_w = 144, .box_w = 9, .box_h = 1, .ofs_x = 0, .ofs_y = -3},
    {.bitmap_index = 2386, .adv_w = 144, .box_w = 5, .box_h = 4, .ofs_x = 2, .ofs_y = 12},
    {.bitmap_index = 2397, .adv_w = 144, .box_w = 9, .box_h = 9, .ofs_x = 0, .ofs_y = 0},
    {.bitmap_index = 2438, .adv_w = 144, .box_w = 8, .box_h = 13, .ofs_x = 0, .ofs_y = 0},
    {.bitmap_index = 2478, .adv_w = 144, .box_w = 9, .box_h = 9, .ofs_x = 0, .ofs_y = 0},
    {.bitmap_index = 2517, .adv_w = 144, .box_w = 8, .box_h = 13, .ofs_x = 0, .ofs_y = 0},
    {.bitmap_index = 2558, .adv_w = 144, .box_w = 9, .box_h = 9, .ofs_x = 0, .ofs_y = 0},
    {.bitmap_index = 2597, .adv_w = 144, .box_w = 9, .box_h = 13, .ofs_x = 0, .ofs_y = 0},
    {.bitmap_index = 2629, .adv_w = 144, .box_w = 9, .box_h = 12, .ofs_x = 0, .ofs_y = -2},
    {.bitmap_index = 2679, .adv_w = 144, .box_w = 8, .box_h = 13, .ofs_x = 0, .ofs_y = 0},
    {.bitmap_index = 2706, .adv_w = 144, .box_w = 3, .box_h = 13, .ofs_x = 3, .ofs_y = 0},
    {.bitmap_index = 2717, .adv_w = 144, .box_w = 6, .box_h = 15, .ofs_x = 1, .ofs_y = -2},
    {.bitmap_index = 2737, .adv_w = 144, .box_w = 8, .box_h = 13, .ofs_x = 1, .ofs_y = 0},
    {.bitmap_index = 2771, .adv_w = 144, .box_w = 3, .box_h = 13, .ofs_x = 3, .ofs_y = 0},
    {.bitmap_index = 2776, .adv_w = 144, .box_w = 9, .box_h = 9, .ofs_x = 0, .ofs_y = 0},
    {.bitmap_index = 2796, .adv_w = 144, .box_w = 8, .box_h = 9, .ofs_x = 0, .ofs_y = 0},
    {.bitmap_index = 2820, .adv_w = 144, .box_w = 9, .box_h = 9, .ofs_x = 0, .ofs_y = 0},
    {.bitmap_index = 2860, .adv_w = 144, .box_w = 8, .box_h = 11, .ofs_x = 0, .ofs_y = -2},
    {.bitmap_index = 2902, .adv_w = 144, .box_w = 8, .box_h = 11, .ofs_x = 0, .ofs_y = -2},
    {.bitmap_index = 2944, .adv_w = 144, .box_w = 7, .box_h = 9, .ofs_x = 1, .ofs_y = 0},
    {.bitmap_index = 2964, .adv_w = 144, .box_w = 7, .box_h = 9, .ofs_x = 1, .ofs_y = 0},
    {.bitmap_index = 2997, .adv_w = 144, .box_w = 8, .box_h = 12, .ofs_x = 0, .ofs_y = 0},
    {.bitmap_index = 3029, .adv_w = 144, .box_w = 8, .box_h = 9, .ofs_x = 0, .ofs_y = 0},
    {.bitmap_index = 3052, .adv_w = 144, .box_w = 9, .box_h = 9, .ofs_x = 0, .ofs_y = 0},
    {.bitmap_index = 3090, .adv_w = 144, .box_w = 9, .box_h = 9, .ofs_x = 0, .ofs_y = 0},
    {.bitmap_index = 3132, .adv_w = 144, .box_w = 9, .box_h = 9, .ofs_x = 0, .ofs_y = 0},
    {.bitmap_index = 3170, .adv_w = 144, .box_w = 9, .box_h = 11, .ofs_x = 0, .ofs_y = -2},
    {.bitmap_index = 3215, .adv_w = 144, .box_w = 8, .box_h = 9, .ofs_x = 0, .ofs_y = 0},
    {.bitmap_index = 3247, .adv_w = 144, .box_w = 4, .box_h = 17, .ofs_x = 4, .ofs_y = -2},
    {.bitmap_index = 3273, .adv_w = 144, .box_w = 3, .box_h = 19, .ofs_x = 3, .ofs_y = -2},
    {.bitmap_index = 3278, .adv_w = 144, .box_w = 4, .box_h = 17, .ofs_x = 1, .ofs_y = -2},
    {.bitmap_index = 3305, .adv_w = 144, .box_w = 9, .box_h = 4, .ofs_x = 0, .ofs_y = 13},
    {.bitmap_index = 3324, .adv_w = 288, .box_w = 3, .box_h = 6, .ofs_x = 1, .ofs_y = 10},
    {.bitmap_index = 3333, .adv_w = 288, .box_w = 5, .box_h = 6, .ofs_x = 2, .ofs_y = -1},
    {.bitmap_index = 3349, .adv_w = 288, .box_w = 5, .box_h = 6, .ofs_x = 2, .ofs_y = -1},
    {.bitmap_index = 3364, .adv_w = 288, .box_w = 18, .box_h = 3, .ofs_x = 0, .ofs_y = 5},
    {.bitmap_index = 3380, .adv_w = 288, .box_w = 18, .box_h = 16, .ofs_x = 0, .ofs_y = -1},
    {.bitmap_index = 3430, .adv_w = 288, .box_w = 16, .box_h = 17, .ofs_x = 1, .ofs_y = -2},
    {.bitmap_index = 3508, .adv_w = 288, .box_w = 16, .box_h = 17, .ofs_x = 1, .ofs_y = -2},
    {.bitmap_index = 3592, .adv_w = 288, .box_w = 17, .box_h = 17, .ofs_x = 1, .ofs_y = -2},
    {.bitmap_index = 3683, .adv_w = 288, .box_w = 17, .box_h = 17, .ofs_x = 1, .ofs_y = -2},
    {.bitmap_index = 3796, .adv_w = 288, .box_w = 14, .box_h = 17, .ofs_x = 2, .ofs_y = -2},
    {.bitmap_index = 3860, .adv_w = 288, .box_w = 17, .box_h = 17, .ofs_x = 1, .ofs_y = -2},
    {.bitmap_index = 3965, .adv_w = 288, .box_w = 16, .box_h = 17, .ofs_x = 1, .ofs_y = -2},
    {.bitmap_index = 4074, .adv_w = 288, .box_w = 17, .box_h = 12, .ofs_x = 0, .ofs_y = 0},
    {.bitmap_index = 4105, .adv_w = 288, .box_w = 16, .box_h = 16, .ofs_x = 1, .ofs_y = -2},
    {.bitmap_index = 4191, .adv_w = 288, .box_w = 17, .box_h = 18, .ofs_x = 1, .ofs_y = -2},
    {.bitmap_index = 4308, .adv_w = 288, .box_w = 18, .box_h = 17, .ofs_x = 0, .ofs_y = -2},
    {.bitmap_index = 4400, .adv_w = 288, .box_w = 18, .box_h = 17, .ofs_x = 0, .ofs_y = -2},
    {.bitmap_index = 4516, .adv_w = 288, .box_w = 18, .box_h = 17, .ofs_x = 0, .ofs_y = -2},
    {.bitmap_index = 4624, .adv_w = 288, .box_w = 18, .box_h = 19, .ofs_x = 0, .ofs_y = -3},
    {.bitmap_index = 4742, .adv_w = 288, .box_w = 17, .box_h = 17, .ofs_x = 1, .ofs_y = -2},
    {.bitmap_index = 4854, .adv_w = 288, .box_w = 17, .box_h = 18, .ofs_x = 0, .ofs_y = -3},
    {.bitmap_index = 4950, .adv_w = 288, .box_w = 18, .box_h = 18, .ofs_x = 0, .ofs_y = -3},
    {.bitmap_index = 5079, .adv_w = 288, .box_w = 18, .box_h = 17, .ofs_x = 0, .ofs_y = -3},
    {.bitmap_index = 5199, .adv_w = 288, .box_w = 18, .box_h = 17, .ofs_x = 0, .ofs_y = -2},
    {.bitmap_index = 5314, .adv_w = 288, .box_w = 18, .box_h = 17, .ofs_x = 0, .ofs_y = -2},
    {.bitmap_index = 5425, .adv_w = 288, .box_w = 18, .box_h = 17, .ofs_x = 0, .ofs_y = -2},
    {.bitmap_index = 5511, .adv_w = 288, .box_w = 17, .box_h = 17, .ofs_x = 0, .ofs_y = -2},
    {.bitmap_index = 5604, .adv_w = 288, .box_w = 18, .box_h = 17, .ofs_x = 0, .ofs_y = -2},
    {.bitmap_index = 5721, .adv_w = 288, .box_w = 18, .box_h = 18, .ofs_x = 0, .ofs_y = -3},
    {.bitmap_index = 5851, .adv_w = 288, .box_w = 17, .box_h = 18, .ofs_x = 0, .ofs_y = -3},
    {.bitmap_index = 5972, .adv_w = 288, .box_w = 18, .box_h = 17, .ofs_x = 0, .ofs_y = -2},
    {.bitmap_index = 6090, .adv_w = 288, .box_w = 18, .box_h = 17, .ofs_x = 0, .ofs_y = -2},
    {.bitmap_index = 6196, .adv_w = 288, .box_w = 18, .box_h = 18, .ofs_x = 0, .ofs_y = -3},
    {.bitmap_index = 6306, .adv_w = 288, .box_w = 18, .box_h = 19, .ofs_x = 0, .ofs_y = -3},
    {.bitmap_index = 6449, .adv_w = 288, .box_w = 18, .box_h = 18, .ofs_x = 0, .ofs_y = -3},
    {.bitmap_index = 6569, .adv_w = 288, .box_w = 16, .box_h = 18, .ofs_x = 1, .ofs_y = -3},
    {.bitmap_index = 6670, .adv_w = 288, .box_w = 18, .box_h = 17, .ofs_x = 0, .ofs_y = -2},
    {.bitmap_index = 6771, .adv_w = 288, .box_w = 18, .box_h = 18, .ofs_x = 0, .ofs_y = -3},
    {.bitmap_index = 6875, .adv_w = 288, .box_w = 18, .box_h = 17, .ofs_x = 0, .ofs_y = -2},
    {.bitmap_index = 6999, .adv_w = 288, .box_w = 16, .box_h = 17, .ofs_x = 1, .ofs_y = -2},
    {.bitmap_index = 7098, .adv_w = 288, .box_w = 16, .box_h = 18, .ofs_x = 1, .ofs_y = -3},
    {.bitmap_index = 7186, .adv_w = 288, .box_w = 18, .box_h = 16, .ofs_x = 0, .ofs_y = -2},
    {.bitmap_index = 7286, .adv_w = 288, .box_w = 18, .box_h = 18, .ofs_x = 0, .ofs_y = -3},
    {.bitmap_index = 7399, .adv_w = 288, .box_w = 16, .box_h = 16, .ofs_x = 1, .ofs_y = -2},
    {.bitmap_index = 7483, .adv_w = 288, .box_w = 18, .box_h = 17, .ofs_x = 0, .ofs_y = -2},
    {.bitmap_index = 7613, .adv_w = 288, .box_w = 17, .box_h = 18, .ofs_x = 0, .ofs_y = -3},
    {.bitmap_index = 7730, .adv_w = 288, .box_w = 15, .box_h = 17, .ofs_x = 1, .ofs_y = -2},
    {.bitmap_index = 7799, .adv_w = 288, .box_w = 18, .box_h = 17, .ofs_x = 0, .ofs_y = -2},
    {.bitmap_index = 7882, .adv_w = 288, .box_w = 17, .box_h = 18, .ofs_x = 1, .ofs_y = -3},
    {.bitmap_index = 8002, .adv_w = 288, .box_w = 17, .box_h = 17, .ofs_x = 0, .ofs_y = -2},
    {.bitmap_index = 8120, .adv_w = 288, .box_w = 17, .box_h = 17, .ofs_x = 0, .ofs_y = -2},
    {.bitmap_index = 8225, .adv_w = 288, .box_w = 17, .box_h = 17, .ofs_x = 0, .ofs_y = -2},
    {.bitmap_index = 8329, .adv_w = 288, .box_w = 17, .box_h = 17, .ofs_x = 0, .ofs_y = -2},
    {.bitmap_index = 8450, .adv_w = 288, .box_w = 17, .box_h = 17, .ofs_x = 0, .ofs_y = -2},
    {.bitmap_index = 8552, .adv_w = 288, .box_w = 17, .box_h = 17, .ofs_x = 0, .ofs_y = -2},
    {.bitmap_index = 8664, .adv_w = 288, .box_w = 17, .box_h = 18, .ofs_x = 0, .ofs_y = -3},
    {.bitmap_index = 8783, .adv_w = 288, .box_w = 18, .box_h = 17, .ofs_x = 0, .ofs_y = -2},
    {.bitmap_index = 8892, .adv_w = 288, .box_w = 18, .box_h = 17, .ofs_x = 0, .ofs_y = -2},
    {.bitmap_index = 8997, .adv_w = 288, .box_w = 16, .box_h = 17, .ofs_x = 1, .ofs_y = -2},
    {.bitmap_index = 9092, .adv_w = 288, .box_w = 17, .box_h = 17, .ofs_x = 0, .ofs_y = -2},
    {.bitmap_index = 9201, .adv_w = 288, .box_w = 17, .box_h = 18, .ofs_x = 0, .ofs_y = -3},
    {.bitmap_index = 9318, .adv_w = 288, .box_w = 18, .box_h = 17, .ofs_x = 0, .ofs_y = -2},
    {.bitmap_index = 9444, .adv_w = 288, .box_w = 18, .box_h = 18, .ofs_x = 0, .ofs_y = -3},
    {.bitmap_index = 9580, .adv_w = 288, .box_w = 18, .box_h = 18, .ofs_x = 0, .ofs_y = -3},
    {.bitmap_index = 9695, .adv_w = 288, .box_w = 18, .box_h = 17, .ofs_x = 0, .ofs_y = -2},
    {.bitmap_index = 9799, .adv_w = 288, .box_w = 16, .box_h = 16, .ofs_x = 1, .ofs_y = -2},
    {.bitmap_index = 9877, .adv_w = 288, .box_w = 16, .box_h = 17, .ofs_x = 1, .ofs_y = -3},
    {.bitmap_index = 9973, .adv_w = 288, .box_w = 16, .box_h = 17, .ofs_x = 1, .ofs_y = -2},
    {.bitmap_index = 10072, .adv_w = 288, .box_w = 15, .box_h = 17, .ofs_x = 2, .ofs_y = -2},
    {.bitmap_index = 10138, .adv_w = 288, .box_w = 16, .box_h = 16, .ofs_x = 1, .ofs_y = -2},
    {.bitmap_index = 10228, .adv_w = 288, .box_w = 16, .box_h = 16, .ofs_x = 0, .ofs_y = -2},
    {.bitmap_index = 10333, .adv_w = 288, .box_w = 18, .box_h = 17, .ofs_x = 0, .ofs_y = -2},
    {.bitmap_index = 10462, .adv_w = 288, .box_w = 17, .box_h = 17, .ofs_x = 0, .ofs_y = -2},
    {.bitmap_index = 10586, .adv_w = 288, .box_w = 17, .box_h = 16, .ofs_x = 1, .ofs_y = -2},
    {.bitmap_index = 10703, .adv_w = 288, .box_w = 14, .box_h = 15, .ofs_x = 2, .ofs_y = -2},
    {.bitmap_index = 10744, .adv_w = 288, .box_w = 16, .box_h = 17, .ofs_x = 1, .ofs_y = -3},
    {.bitmap_index = 10820, .adv_w = 288, .box_w = 15, .box_h = 17, .ofs_x = 1, .ofs_y = -2},
    {.bitmap_index = 10885, .adv_w = 288, .box_w = 17, .box_h = 16, .ofs_x = 0, .ofs_y = -2},
    {.bitmap_index = 10960, .adv_w = 288, .box_w = 18, .box_h = 18, .ofs_x = 0, .ofs_y = -3},
    {.bitmap_index = 11068, .adv_w = 288, .box_w = 16, .box_h = 17, .ofs_x = 1, .ofs_y = -3},
    {.bitmap_index = 11145, .adv_w = 288, .box_w = 16, .box_h = 18, .ofs_x = 0, .ofs_y = -3},
    {.bitmap_index = 11241, .adv_w = 288, .box_w = 17, .box_h = 18, .ofs_x = 0, .ofs_y = -3},
    {.bitmap_index = 11347, .adv_w = 288, .box_w = 15, .box_h = 17, .ofs_x = 2, .ofs_y = -2},
    {.bitmap_index = 11419, .adv_w = 288, .box_w = 18, .box_h = 18, .ofs_x = 0, .ofs_y = -3},
    {.bitmap_index = 11528, .adv_w = 288, .box_w = 18, .box_h = 17, .ofs_x = 0, .ofs_y = -2},
    {.bitmap_index = 11630, .adv_w = 288, .box_w = 17, .box_h = 18, .ofs_x = 1, .ofs_y = -3},
    {.bitmap_index = 11731, .adv_w = 288, .box_w = 16, .box_h = 17, .ofs_x = 0, .ofs_y = -2},
    {.bitmap_index = 11819, .adv_w = 288, .box_w = 18, .box_h = 17, .ofs_x = 0, .ofs_y = -2},
    {.bitmap_index = 11933, .adv_w = 288, .box_w = 18, .box_h = 17, .ofs_x = 0, .ofs_y = -2},
    {.bitmap_index = 12035, .adv_w = 288, .box_w = 17, .box_h = 17, .ofs_x = 0, .ofs_y = -2},
    {.bitmap_index = 12139, .adv_w = 288, .box_w = 16, .box_h = 17, .ofs_x = 1, .ofs_y = -2},
    {.bitmap_index = 12229, .adv_w = 288, .box_w = 17, .box_h = 18, .ofs_x = 1, .ofs_y = -3},
    {.bitmap_index = 12351, .adv_w = 288, .box_w = 15, .box_h = 15, .ofs_x = 1, .ofs_y = -1},
    {.bitmap_index = 12415, .adv_w = 288, .box_w = 16, .box_h = 18, .ofs_x = 1, .ofs_y = -3},
    {.bitmap_index = 12502, .adv_w = 288, .box_w = 18, .box_h = 17, .ofs_x = 0, .ofs_y = -2},
    {.bitmap_index = 12603, .adv_w = 288, .box_w = 18, .box_h = 17, .ofs_x = 0, .ofs_y = -2},
    {.bitmap_index = 12714, .adv_w = 288, .box_w = 18, .box_h = 16, .ofs_x = 0, .ofs_y = -1},
    {.bitmap_index = 12801, .adv_w = 288, .box_w = 17, .box_h = 17, .ofs_x = 1, .ofs_y = -2},
    {.bitmap_index = 12910, .adv_w = 288, .box_w = 18, .box_h = 17, .ofs_x = 0, .ofs_y = -2},
    {.bitmap_index = 13029, .adv_w = 288, .box_w = 17, .box_h = 17, .ofs_x = 0, .ofs_y = -2},
    {.bitmap_index = 13129, .adv_w = 288, .box_w = 18, .box_h = 18, .ofs_x = 0, .ofs_y = -3},
    {.bitmap_index = 13258, .adv_w = 288, .box_w = 18, .box_h = 18, .ofs_x = 0, .ofs_y = -2},
    {.bitmap_index = 13377, .adv_w = 288, .box_w = 17, .box_h = 18, .ofs_x = 0, .ofs_y = -3},
    {.bitmap_index = 13491, .adv_w = 288, .box_w = 18, .box_h = 16, .ofs_x = 0, .ofs_y = -2},
    {.bitmap_index = 13600, .adv_w = 288, .box_w = 17, .box_h = 17, .ofs_x = 0, .ofs_y = -2},
    {.bitmap_index = 13707, .adv_w = 288, .box_w = 17, .box_h = 17, .ofs_x = 1, .ofs_y = -2},
    {.bitmap_index = 13821, .adv_w = 288, .box_w = 18, .box_h = 18, .ofs_x = 0, .ofs_y = -3},
    {.bitmap_index = 13959, .adv_w = 288, .box_w = 18, .box_h = 17, .ofs_x = 0, .ofs_y = -2},
    {.bitmap_index = 14100, .adv_w = 288, .box_w = 17, .box_h = 17, .ofs_x = 1, .ofs_y = -2},
    {.bitmap_index = 14186, .adv_w = 288, .box_w = 18, .box_h = 17, .ofs_x = 0, .ofs_y = -2},
    {.bitmap_index = 14286, .adv_w = 288, .box_w = 16, .box_h = 17, .ofs_x = 1, .ofs_y = -2},
    {.bitmap_index = 14395, .adv_w = 288, .box_w = 18, .box_h = 19, .ofs_x = 0, .ofs_y = -3},
    {.bitmap_index = 14508, .adv_w = 288, .box_w = 18, .box_h = 18, .ofs_x = 0, .ofs_y = -3},
    {.bitmap_index = 14618, .adv_w = 288, .box_w = 16, .box_h = 17, .ofs_x = 1, .ofs_y = -2},
    {.bitmap_index = 14729, .adv_w = 288, .box_w = 18, .box_h = 17, .ofs_x = 0, .ofs_y = -2},
    {.bitmap_index = 14844, .adv_w = 288, .box_w = 18, .box_h = 17, .ofs_x = 0, .ofs_y = -2},
    {.bitmap_index = 14955, .adv_w = 288, .box_w = 18, .box_h = 18, .ofs_x = 0, .ofs_y = -3},
    {.bitmap_index = 15085, .adv_w = 288, .box_w = 16, .box_h = 17, .ofs_x = 1, .ofs_y = -2},
    {.bitmap_index = 15166, .adv_w = 288, .box_w = 16, .box_h = 18, .ofs_x = 1, .ofs_y = -3},
    {.bitmap_index = 15267, .adv_w = 288, .box_w = 18, .box_h = 17, .ofs_x = 0, .ofs_y = -2},
    {.bitmap_index = 15399, .adv_w = 288, .box_w = 17, .box_h = 17, .ofs_x = 0, .ofs_y = -2},
    {.bitmap_index = 15507, .adv_w = 288, .box_w = 17, .box_h = 18, .ofs_x = 0, .ofs_y = -3},
    {.bitmap_index = 15628, .adv_w = 288, .box_w = 16, .box_h = 16, .ofs_x = 1, .ofs_y = -2},
    {.bitmap_index = 15697, .adv_w = 288, .box_w = 17, .box_h = 17, .ofs_x = 0, .ofs_y = -2},
    {.bitmap_index = 15799, .adv_w = 288, .box_w = 16, .box_h = 17, .ofs_x = 1, .ofs_y = -2},
    {.bitmap_index = 15908, .adv_w = 288, .box_w = 18, .box_h = 17, .ofs_x = 0, .ofs_y = -2},
    {.bitmap_index = 16034, .adv_w = 288, .box_w = 18, .box_h = 18, .ofs_x = 0, .ofs_y = -3},
    {.bitmap_index = 16143, .adv_w = 288, .box_w = 17, .box_h = 17, .ofs_x = 0, .ofs_y = -2},
    {.bitmap_index = 16254, .adv_w = 288, .box_w = 18, .box_h = 18, .ofs_x = 0, .ofs_y = -3},
    {.bitmap_index = 16400, .adv_w = 288, .box_w = 17, .box_h = 17, .ofs_x = 0, .ofs_y = -2},
    {.bitmap_index = 16488, .adv_w = 288, .box_w = 17, .box_h = 18, .ofs_x = 0, .ofs_y = -3},
    {.bitmap_index = 16589, .adv_w = 288, .box_w = 18, .box_h = 18, .ofs_x = 0, .ofs_y = -3},
    {.bitmap_index = 16705, .adv_w = 288, .box_w = 18, .box_h = 17, .ofs_x = 0, .ofs_y = -2},
    {.bitmap_index = 16818, .adv_w = 288, .box_w = 15, .box_h = 17, .ofs_x = 2, .ofs_y = -2},
    {.bitmap_index = 16905, .adv_w = 288, .box_w = 18, .box_h = 16, .ofs_x = 0, .ofs_y = -2},
    {.bitmap_index = 17022, .adv_w = 288, .box_w = 18, .box_h = 17, .ofs_x = 0, .ofs_y = -2},
    {.bitmap_index = 17147, .adv_w = 288, .box_w = 18, .box_h = 17, .ofs_x = 0, .ofs_y = -2},
    {.bitmap_index = 17270, .adv_w = 288, .box_w = 18, .box_h = 18, .ofs_x = 0, .ofs_y = -3},
    {.bitmap_index = 17414, .adv_w = 288, .box_w = 18, .box_h = 17, .ofs_x = 0, .ofs_y = -2},
    {.bitmap_index = 17493, .adv_w = 288, .box_w = 17, .box_h = 17, .ofs_x = 0, .ofs_y = -2},
    {.bitmap_index = 17622, .adv_w = 288, .box_w = 18, .box_h = 18, .ofs_x = 0, .ofs_y = -3},
    {.bitmap_index = 17759, .adv_w = 288, .box_w = 18, .box_h = 17, .ofs_x = 0, .ofs_y = -2},
    {.bitmap_index = 17863, .adv_w = 288, .box_w = 18, .box_h = 17, .ofs_x = 0, .ofs_y = -2},
    {.bitmap_index = 17979, .adv_w = 288, .box_w = 18, .box_h = 18, .ofs_x = 0, .ofs_y = -3},
    {.bitmap_index = 18111, .adv_w = 288, .box_w = 18, .box_h = 17, .ofs_x = 0, .ofs_y = -2},
    {.bitmap_index = 18244, .adv_w = 288, .box_w = 17, .box_h = 17, .ofs_x = 1, .ofs_y = -2},
    {.bitmap_index = 18365, .adv_w = 288, .box_w = 17, .box_h = 17, .ofs_x = 0, .ofs_y = -2},
    {.bitmap_index = 18449, .adv_w = 288, .box_w = 17, .box_h = 18, .ofs_x = 0, .ofs_y = -2},
    {.bitmap_index = 18562, .adv_w = 288, .box_w = 18, .box_h = 17, .ofs_x = 0, .ofs_y = -2},
    {.bitmap_index = 18652, .adv_w = 288, .box_w = 18, .box_h = 18, .ofs_x = 0, .ofs_y = -3},
    {.bitmap_index = 18776, .adv_w = 288, .box_w = 17, .box_h = 18, .ofs_x = 0, .ofs_y = -3},
    {.bitmap_index = 18877, .adv_w = 288, .box_w = 18, .box_h = 17, .ofs_x = 0, .ofs_y = -2},
    {.bitmap_index = 19016, .adv_w = 288, .box_w = 18, .box_h = 18, .ofs_x = 0, .ofs_y = -3},
    {.bitmap_index = 19145, .adv_w = 288, .box_w = 18, .box_h = 17, .ofs_x = 0, .ofs_y = -2},
    {.bitmap_index = 19245, .adv_w = 288, .box_w = 18, .box_h = 17, .ofs_x = 0, .ofs_y = -2},
    {.bitmap_index = 19374, .adv_w = 288, .box_w = 18, .box_h = 17, .ofs_x = 0, .ofs_y = -2},
    {.bitmap_index = 19495, .adv_w = 288, .box_w = 18, .box_h = 17, .ofs_x = 0, .ofs_y = -2},
    {.bitmap_index = 19615, .adv_w = 288, .box_w = 18, .box_h = 17, .ofs_x = 0, .ofs_y = -2},
    {.bitmap_index = 19738, .adv_w = 288, .box_w = 18, .box_h = 17, .ofs_x = 0, .ofs_y = -2},
    {.bitmap_index = 19867, .adv_w = 288, .box_w = 18, .box_h = 17, .ofs_x = 0, .ofs_y = -2},
    {.bitmap_index = 19994, .adv_w = 288, .box_w = 18, .box_h = 18, .ofs_x = 0, .ofs_y = -3},
    {.bitmap_index = 20128, .adv_w = 288, .box_w = 18, .box_h = 17, .ofs_x = 0, .ofs_y = -2},
    {.bitmap_index = 20262, .adv_w = 288, .box_w = 18, .box_h = 17, .ofs_x = 0, .ofs_y = -2},
    {.bitmap_index = 20381, .adv_w = 288, .box_w = 18, .box_h = 18, .ofs_x = 0, .ofs_y = -3},
    {.bitmap_index = 20511, .adv_w = 288, .box_w = 18, .box_h = 17, .ofs_x = 0, .ofs_y = -2},
    {.bitmap_index = 20644, .adv_w = 288, .box_w = 18, .box_h = 17, .ofs_x = 0, .ofs_y = -2},
    {.bitmap_index = 20779, .adv_w = 288, .box_w = 18, .box_h = 18, .ofs_x = 0, .ofs_y = -3},
    {.bitmap_index = 20900, .adv_w = 288, .box_w = 18, .box_h = 18, .ofs_x = 0, .ofs_y = -3},
    {.bitmap_index = 21041, .adv_w = 288, .box_w = 18, .box_h = 18, .ofs_x = 0, .ofs_y = -3},
    {.bitmap_index = 21184, .adv_w = 288, .box_w = 17, .box_h = 17, .ofs_x = 0, .ofs_y = -2},
    {.bitmap_index = 21321, .adv_w = 288, .box_w = 18, .box_h = 17, .ofs_x = 0, .ofs_y = -2},
    {.bitmap_index = 21428, .adv_w = 288, .box_w = 16, .box_h = 18, .ofs_x = 1, .ofs_y = -3},
    {.bitmap_index = 21548, .adv_w = 288, .box_w = 18, .box_h = 18, .ofs_x = 0, .ofs_y = -3},
    {.bitmap_index = 21685, .adv_w = 288, .box_w = 16, .box_h = 17, .ofs_x = 1, .ofs_y = -2},
    {.bitmap_index = 21778, .adv_w = 288, .box_w = 16, .box_h = 16, .ofs_x = 1, .ofs_y = -2},
    {.bitmap_index = 21866, .adv_w = 288, .box_w = 15, .box_h = 17, .ofs_x = 2, .ofs_y = -3},
    {.bitmap_index = 21927, .adv_w = 288, .box_w = 17, .box_h = 17, .ofs_x = 1, .ofs_y = -2},
    {.bitmap_index = 22030, .adv_w = 288, .box_w = 17, .box_h = 18, .ofs_x = 1, .ofs_y = -3},
    {.bitmap_index = 22139, .adv_w = 288, .box_w = 17, .box_h = 16, .ofs_x = 0, .ofs_y = -2},
    {.bitmap_index = 22235, .adv_w = 288, .box_w = 16, .box_h = 17, .ofs_x = 1, .ofs_y = -2},
    {.bitmap_index = 22341, .adv_w = 288, .box_w = 17, .box_h = 17, .ofs_x = 1, .ofs_y = -3},
    {.bitmap_index = 22452, .adv_w = 288, .box_w = 16, .box_h = 17, .ofs_x = 1, .ofs_y = -3},
    {.bitmap_index = 22558, .adv_w = 288, .box_w = 17, .box_h = 18, .ofs_x = 0, .ofs_y = -3},
    {.bitmap_index = 22658, .adv_w = 288, .box_w = 17, .box_h = 17, .ofs_x = 0, .ofs_y = -3},
    {.bitmap_index = 22783, .adv_w = 288, .box_w = 17, .box_h = 17, .ofs_x = 0, .ofs_y = -2},
    {.bitmap_index = 22905, .adv_w = 288, .box_w = 18, .box_h = 17, .ofs_x = 0, .ofs_y = -2},
    {.bitmap_index = 23014, .adv_w = 288, .box_w = 17, .box_h = 17, .ofs_x = 0, .ofs_y = -2},
    {.bitmap_index = 23116, .adv_w = 288, .box_w = 18, .box_h = 18, .ofs_x = 0, .ofs_y = -3},
    {.bitmap_index = 23234, .adv_w = 288, .box_w = 18, .box_h = 17, .ofs_x = 0, .ofs_y = -2},
    {.bitmap_index = 23345, .adv_w = 288, .box_w = 18, .box_h = 17, .ofs_x = 0, .ofs_y = -2},
    {.bitmap_index = 23465, .adv_w = 288, .box_w = 18, .box_h = 18, .ofs_x = 0, .ofs_y = -3},
    {.bitmap_index = 23607, .adv_w = 288, .box_w = 17, .box_h = 18, .ofs_x = 0, .ofs_y = -3},
    {.bitmap_index = 23731, .adv_w = 288, .box_w = 18, .box_h = 18, .ofs_x = 0, .ofs_y = -3},
    {.bitmap_index = 23853, .adv_w = 288, .box_w = 17, .box_h = 17, .ofs_x = 0, .ofs_y = -2},
    {.bitmap_index = 23962, .adv_w = 288, .box_w = 17, .box_h = 17, .ofs_x = 1, .ofs_y = -2},
    {.bitmap_index = 24067, .adv_w = 288, .box_w = 18, .box_h = 17, .ofs_x = 0, .ofs_y = -2},
    {.bitmap_index = 24186, .adv_w = 288, .box_w = 18, .box_h = 18, .ofs_x = 0, .ofs_y = -3},
    {.bitmap_index = 24312, .adv_w = 288, .box_w = 18, .box_h = 17, .ofs_x = 0, .ofs_y = -2},
    {.bitmap_index = 24430, .adv_w = 288, .box_w = 18, .box_h = 17, .ofs_x = 0, .ofs_y = -2},
    {.bitmap_index = 24560, .adv_w = 288, .box_w = 18, .box_h = 18, .ofs_x = 0, .ofs_y = -3},
    {.bitmap_index = 24690, .adv_w = 288, .box_w = 17, .box_h = 16, .ofs_x = 0, .ofs_y = -1},
    {.bitmap_index = 24750, .adv_w = 288, .box_w = 16, .box_h = 15, .ofs_x = 1, .ofs_y = -1},
    {.bitmap_index = 24809, .adv_w = 288, .box_w = 17, .box_h = 17, .ofs_x = 1, .ofs_y = -2},
    {.bitmap_index = 24918, .adv_w = 288, .box_w = 18, .box_h = 18, .ofs_x = 0, .ofs_y = -3},
    {.bitmap_index = 25056, .adv_w = 288, .box_w = 18, .box_h = 17, .ofs_x = 0, .ofs_y = -2},
    {.bitmap_index = 25183, .adv_w = 288, .box_w = 17, .box_h = 17, .ofs_x = 1, .ofs_y = -2},
    {.bitmap_index = 25309, .adv_w = 288, .box_w = 18, .box_h = 17, .ofs_x = 0, .ofs_y = -2},
    {.bitmap_index = 25439, .adv_w = 288, .box_w = 17, .box_h = 18, .ofs_x = 1, .ofs_y = -3},
    {.bitmap_index = 25549, .adv_w = 288, .box_w = 17, .box_h = 18, .ofs_x = 1, .ofs_y = -3},
    {.bitmap_index = 25668, .adv_w = 288, .box_w = 17, .box_h = 18, .ofs_x = 1, .ofs_y = -3},
    {.bitmap_index = 25800, .adv_w = 288, .box_w = 17, .box_h = 17, .ofs_x = 0, .ofs_y = -2},
    {.bitmap_index = 25917, .adv_w = 288, .box_w = 18, .box_h = 18, .ofs_x = 0, .ofs_y = -3},
    {.bitmap_index = 26046, .adv_w = 288, .box_w = 18, .box_h = 17, .ofs_x = 0, .ofs_y = -2},
    {.bitmap_index = 26190, .adv_w = 288, .box_w = 17, .box_h = 18, .ofs_x = 1, .ofs_y = -3},
    {.bitmap_index = 26317, .adv_w = 288, .box_w = 18, .box_h = 17, .ofs_x = 0, .ofs_y = -2},
    {.bitmap_index = 26452, .adv_w = 288, .box_w = 18, .box_h = 18, .ofs_x = 0, .ofs_y = -3},
    {.bitmap_index = 26601, .adv_w = 288, .box_w = 18, .box_h = 17, .ofs_x = 0, .ofs_y = -2},
    {.bitmap_index = 26701, .adv_w = 288, .box_w = 18, .box_h = 18, .ofs_x = 0, .ofs_y = -3},
    {.bitmap_index = 26845, .adv_w = 288, .box_w = 17, .box_h = 17, .ofs_x = 0, .ofs_y = -2},
    {.bitmap_index = 26926, .adv_w = 288, .box_w = 18, .box_h = 18, .ofs_x = 0, .ofs_y = -3},
    {.bitmap_index = 27060, .adv_w = 288, .box_w = 18, .box_h = 17, .ofs_x = 0, .ofs_y = -2},
    {.bitmap_index = 27197, .adv_w = 288, .box_w = 18, .box_h = 17, .ofs_x = 0, .ofs_y = -2},
    {.bitmap_index = 27319, .adv_w = 288, .box_w = 18, .box_h = 17, .ofs_x = 0, .ofs_y = -3},
    {.bitmap_index = 27438, .adv_w = 288, .box_w = 17, .box_h = 16, .ofs_x = 0, .ofs_y = -1},
    {.bitmap_index = 27523, .adv_w = 288, .box_w = 16, .box_h = 16, .ofs_x = 0, .ofs_y = -2},
    {.bitmap_index = 27612, .adv_w = 288, .box_w = 15, .box_h = 18, .ofs_x = 1, .ofs_y = -3},
    {.bitmap_index = 27686, .adv_w = 288, .box_w = 14, .box_h = 17, .ofs_x = 2, .ofs_y = -2},
    {.bitmap_index = 27768, .adv_w = 288, .box_w = 17, .box_h = 17, .ofs_x = 1, .ofs_y = -2},
    {.bitmap_index = 27864, .adv_w = 288, .box_w = 16, .box_h = 16, .ofs_x = 1, .ofs_y = -2},
    {.bitmap_index = 27946, .adv_w = 288, .box_w = 16, .box_h = 17, .ofs_x = 1, .ofs_y = -2},
    {.bitmap_index = 28060, .adv_w = 288, .box_w = 18, .box_h = 18, .ofs_x = 0, .ofs_y = -3},
    {.bitmap_index = 28175, .adv_w = 288, .box_w = 17, .box_h = 18, .ofs_x = 0, .ofs_y = -3},
    {.bitmap_index = 28282, .adv_w = 288, .box_w = 18, .box_h = 17, .ofs_x = 0, .ofs_y = -2},
    {.bitmap_index = 28397, .adv_w = 288, .box_w = 17, .box_h = 17, .ofs_x = 0, .ofs_y = -2},
    {.bitmap_index = 28506, .adv_w = 288, .box_w = 17, .box_h = 16, .ofs_x = 0, .ofs_y = -2},
    {.bitmap_index = 28624, .adv_w = 288, .box_w = 17, .box_h = 17, .ofs_x = 0, .ofs_y = -2},
    {.bitmap_index = 28752, .adv_w = 288, .box_w = 16, .box_h = 17, .ofs_x = 1, .ofs_y = -3},
    {.bitmap_index = 28840, .adv_w = 288, .box_w = 18, .box_h = 17, .ofs_x = 0, .ofs_y = -2},
    {.bitmap_index = 28977, .adv_w = 288, .box_w = 16, .box_h = 18, .ofs_x = 1, .ofs_y = -3},
    {.bitmap_index = 29099, .adv_w = 288, .box_w = 18, .box_h = 17, .ofs_x = 0, .ofs_y = -2},
    {.bitmap_index = 29225, .adv_w = 288, .box_w = 18, .box_h = 18, .ofs_x = 0, .ofs_y = -3},
    {.bitmap_index = 29360, .adv_w = 288, .box_w = 17, .box_h = 18, .ofs_x = 1, .ofs_y = -3},
    {.bitmap_index = 29462, .adv_w = 288, .box_w = 17, .box_h = 16, .ofs_x = 1, .ofs_y = -1},
    {.bitmap_index = 29561, .adv_w = 288, .box_w = 18, .box_h = 18, .ofs_x = 0, .ofs_y = -3},
    {.bitmap_index = 29693, .adv_w = 288, .box_w = 18, .box_h = 17, .ofs_x = 0, .ofs_y = -2},
    {.bitmap_index = 29812, .adv_w = 288, .box_w = 18, .box_h = 17, .ofs_x = 0, .ofs_y = -2},
    {.bitmap_index = 29947, .adv_w = 288, .box_w = 18, .box_h = 17, .ofs_x = 0, .ofs_y = -2},
    {.bitmap_index = 30061, .adv_w = 288, .box_w = 17, .box_h = 18, .ofs_x = 1, .ofs_y = -3},
    {.bitmap_index = 30195, .adv_w = 288, .box_w = 17, .box_h = 17, .ofs_x = 1, .ofs_y = -2},
    {.bitmap_index = 30325, .adv_w = 288, .box_w = 18, .box_h = 18, .ofs_x = 0, .ofs_y = -3},
    {.bitmap_index = 30477, .adv_w = 288, .box_w = 17, .box_h = 17, .ofs_x = 1, .ofs_y = -2},
    {.bitmap_index = 30600, .adv_w = 288, .box_w = 17, .box_h = 18, .ofs_x = 1, .ofs_y = -3},
    {.bitmap_index = 30742, .adv_w = 288, .box_w = 18, .box_h = 18, .ofs_x = 0, .ofs_y = -3},
    {.bitmap_index = 30878, .adv_w = 288, .box_w = 18, .box_h = 18, .ofs_x = 0, .ofs_y = -3},
    {.bitmap_index = 31016, .adv_w = 288, .box_w = 18, .box_h = 17, .ofs_x = 0, .ofs_y = -2},
    {.bitmap_index = 31146, .adv_w = 288, .box_w = 18, .box_h = 18, .ofs_x = 0, .ofs_y = -3},
    {.bitmap_index = 31290, .adv_w = 288, .box_w = 18, .box_h = 16, .ofs_x = 0, .ofs_y = -2},
    {.bitmap_index = 31425, .adv_w = 288, .box_w = 18, .box_h = 17, .ofs_x = 0, .ofs_y = -2},
    {.bitmap_index = 31560, .adv_w = 288, .box_w = 18, .box_h = 17, .ofs_x = 0, .ofs_y = -2},
    {.bitmap_index = 31702, .adv_w = 288, .box_w = 18, .box_h = 17, .ofs_x = 0, .ofs_y = -2},
    {.bitmap_index = 31840, .adv_w = 288, .box_w = 18, .box_h = 18, .ofs_x = 0, .ofs_y = -3},
    {.bitmap_index = 31978, .adv_w = 288, .box_w = 16, .box_h = 16, .ofs_x = 1, .ofs_y = -2},
    {.bitmap_index = 32082, .adv_w = 288, .box_w = 16, .box_h = 16, .ofs_x = 1, .ofs_y = -2},
    {.bitmap_index = 32178, .adv_w = 288, .box_w = 18, .box_h = 17, .ofs_x = 0, .ofs_y = -2},
    {.bitmap_index = 32303, .adv_w = 288, .box_w = 18, .box_h = 17, .ofs_x = 0, .ofs_y = -2},
    {.bitmap_index = 32439, .adv_w = 288, .box_w = 16, .box_h = 18, .ofs_x = 1, .ofs_y = -3},
    {.bitmap_index = 32569, .adv_w = 288, .box_w = 14, .box_h = 17, .ofs_x = 2, .ofs_y = -2},
    {.bitmap_index = 32637, .adv_w = 288, .box_w = 17, .box_h = 17, .ofs_x = 0, .ofs_y = -2},
    {.bitmap_index = 32733, .adv_w = 288, .box_w = 17, .box_h = 17, .ofs_x = 1, .ofs_y = -2},
    {.bitmap_index = 32846, .adv_w = 288, .box_w = 18, .box_h = 17, .ofs_x = 0, .ofs_y = -2},
    {.bitmap_index = 32969, .adv_w = 288, .box_w = 17, .box_h = 17, .ofs_x = 0, .ofs_y = -2},
    {.bitmap_index = 33105, .adv_w = 288, .box_w = 18, .box_h = 17, .ofs_x = 0, .ofs_y = -2},
    {.bitmap_index = 33190, .adv_w = 288, .box_w = 18, .box_h = 17, .ofs_x = 0, .ofs_y = -2},
    {.bitmap_index = 33309, .adv_w = 288, .box_w = 18, .box_h = 17, .ofs_x = 0, .ofs_y = -2},
    {.bitmap_index = 33441, .adv_w = 288, .box_w = 18, .box_h = 17, .ofs_x = 0, .ofs_y = -2},
    {.bitmap_index = 33566, .adv_w = 288, .box_w = 18, .box_h = 18, .ofs_x = 0, .ofs_y = -3},
    {.bitmap_index = 33692, .adv_w = 288, .box_w = 15, .box_h = 19, .ofs_x = 1, .ofs_y = -3},
    {.bitmap_index = 33806, .adv_w = 288, .box_w = 18, .box_h = 17, .ofs_x = 0, .ofs_y = -2},
    {.bitmap_index = 33945, .adv_w = 288, .box_w = 18, .box_h = 17, .ofs_x = 0, .ofs_y = -2},
    {.bitmap_index = 34029, .adv_w = 288, .box_w = 17, .box_h = 17, .ofs_x = 1, .ofs_y = -2},
    {.bitmap_index = 34138, .adv_w = 288, .box_w = 18, .box_h = 17, .ofs_x = 0, .ofs_y = -2},
    {.bitmap_index = 34236, .adv_w = 288, .box_w = 18, .box_h = 18, .ofs_x = 0, .ofs_y = -3},
    {.bitmap_index = 34361, .adv_w = 288, .box_w = 18, .box_h = 17, .ofs_x = 0, .ofs_y = -2},
    {.bitmap_index = 34485, .adv_w = 288, .box_w = 18, .box_h = 17, .ofs_x = 0, .ofs_y = -2},
    {.bitmap_index = 34591, .adv_w = 288, .box_w = 18, .box_h = 18, .ofs_x = 0, .ofs_y = -2},
    {.bitmap_index = 34699, .adv_w = 288, .box_w = 18, .box_h = 18, .ofs_x = 0, .ofs_y = -3},
    {.bitmap_index = 34825, .adv_w = 288, .box_w = 18, .box_h = 17, .ofs_x = 0, .ofs_y = -2},
    {.bitmap_index = 34938, .adv_w = 288, .box_w = 18, .box_h = 17, .ofs_x = 0, .ofs_y = -2},
    {.bitmap_index = 35058, .adv_w = 288, .box_w = 18, .box_h = 18, .ofs_x = 0, .ofs_y = -3},
    {.bitmap_index = 35188, .adv_w = 288, .box_w = 18, .box_h = 18, .ofs_x = 0, .ofs_y = -3},
    {.bitmap_index = 35314, .adv_w = 288, .box_w = 18, .box_h = 18, .ofs_x = 0, .ofs_y = -3},
    {.bitmap_index = 35439, .adv_w = 288, .box_w = 18, .box_h = 17, .ofs_x = 0, .ofs_y = -2},
    {.bitmap_index = 35569, .adv_w = 288, .box_w = 18, .box_h = 17, .ofs_x = 0, .ofs_y = -2},
    {.bitmap_index = 35694, .adv_w = 288, .box_w = 17, .box_h = 17, .ofs_x = 1, .ofs_y = -2},
    {.bitmap_index = 35817, .adv_w = 288, .box_w = 18, .box_h = 18, .ofs_x = 0, .ofs_y = -3},
    {.bitmap_index = 35945, .adv_w = 288, .box_w = 18, .box_h = 17, .ofs_x = 0, .ofs_y = -2},
    {.bitmap_index = 36079, .adv_w = 288, .box_w = 17, .box_h = 17, .ofs_x = 1, .ofs_y = -2},
    {.bitmap_index = 36171, .adv_w = 288, .box_w = 18, .box_h = 18, .ofs_x = 0, .ofs_y = -3},
    {.bitmap_index = 36302, .adv_w = 288, .box_w = 18, .box_h = 17, .ofs_x = 0, .ofs_y = -2},
    {.bitmap_index = 36404, .adv_w = 288, .box_w = 18, .box_h = 17, .ofs_x = 0, .ofs_y = -2},
    {.bitmap_index = 36548, .adv_w = 288, .box_w = 18, .box_h = 17, .ofs_x = 0, .ofs_y = -2},
    {.bitmap_index = 36678, .adv_w = 288, .box_w = 18, .box_h = 18, .ofs_x = 0, .ofs_y = -3},
    {.bitmap_index = 36821, .adv_w = 288, .box_w = 18, .box_h = 18, .ofs_x = 0, .ofs_y = -3},
    {.bitmap_index = 36947, .adv_w = 288, .box_w = 18, .box_h = 18, .ofs_x = 0, .ofs_y = -3},
    {.bitmap_index = 37066, .adv_w = 288, .box_w = 17, .box_h = 18, .ofs_x = 0, .ofs_y = -3},
    {.bitmap_index = 37183, .adv_w = 288, .box_w = 18, .box_h = 18, .ofs_x = 0, .ofs_y = -3},
    {.bitmap_index = 37307, .adv_w = 288, .box_w = 18, .box_h = 18, .ofs_x = 0, .ofs_y = -3},
    {.bitmap_index = 37443, .adv_w = 288, .box_w = 18, .box_h = 18, .ofs_x = 0, .ofs_y = -3},
    {.bitmap_index = 37578, .adv_w = 288, .box_w = 18, .box_h = 18, .ofs_x = 0, .ofs_y = -3},
    {.bitmap_index = 37702, .adv_w = 288, .box_w = 18, .box_h = 17, .ofs_x = 0, .ofs_y = -2},
    {.bitmap_index = 37822, .adv_w = 288, .box_w = 17, .box_h = 18, .ofs_x = 0, .ofs_y = -3},
    {.bitmap_index = 37958, .adv_w = 288, .box_w = 18, .box_h = 18, .ofs_x = 0, .ofs_y = -3},
    {.bitmap_index = 38094, .adv_w = 288, .box_w = 18, .box_h = 18, .ofs_x = 0, .ofs_y = -3},
    {.bitmap_index = 38230, .adv_w = 288, .box_w = 18, .box_h = 18, .ofs_x = 0, .ofs_y = -3},
    {.bitmap_index = 38361, .adv_w = 288, .box_w = 18, .box_h = 17, .ofs_x = 0, .ofs_y = -2},
    {.bitmap_index = 38482, .adv_w = 288, .box_w = 18, .box_h = 18, .ofs_x = 0, .ofs_y = -3},
    {.bitmap_index = 38608, .adv_w = 288, .box_w = 18, .box_h = 17, .ofs_x = 0, .ofs_y = -2},
    {.bitmap_index = 38742, .adv_w = 288, .box_w = 17, .box_h = 17, .ofs_x = 0, .ofs_y = -2},
    {.bitmap_index = 38854, .adv_w = 288, .box_w = 17, .box_h = 16, .ofs_x = 0, .ofs_y = -2},
    {.bitmap_index = 38952, .adv_w = 288, .box_w = 17, .box_h = 18, .ofs_x = 0, .ofs_y = -3},
    {.bitmap_index = 39070, .adv_w = 288, .box_w = 18, .box_h = 17, .ofs_x = 0, .ofs_y = -2},
    {.bitmap_index = 39210, .adv_w = 288, .box_w = 16, .box_h = 17, .ofs_x = 1, .ofs_y = -2},
    {.bitmap_index = 39308, .adv_w = 288, .box_w = 16, .box_h = 18, .ofs_x = 1, .ofs_y = -3},
    {.bitmap_index = 39367, .adv_w = 288, .box_w = 16, .box_h = 18, .ofs_x = 1, .ofs_y = -3},
    {.bitmap_index = 39471, .adv_w = 288, .box_w = 16, .box_h = 19, .ofs_x = 1, .ofs_y = -3},
    {.bitmap_index = 39561, .adv_w = 288, .box_w = 16, .box_h = 18, .ofs_x = 1, .ofs_y = -3},
    {.bitmap_index = 39671, .adv_w = 288, .box_w = 17, .box_h = 17, .ofs_x = 1, .ofs_y = -2},
    {.bitmap_index = 39780, .adv_w = 288, .box_w = 17, .box_h = 19, .ofs_x = 1, .ofs_y = -3},
    {.bitmap_index = 39907, .adv_w = 288, .box_w = 17, .box_h = 19, .ofs_x = 1, .ofs_y = -3},
    {.bitmap_index = 40039, .adv_w = 288, .box_w = 16, .box_h = 18, .ofs_x = 1, .ofs_y = -3},
    {.bitmap_index = 40160, .adv_w = 288, .box_w = 18, .box_h = 18, .ofs_x = 0, .ofs_y = -3},
    {.bitmap_index = 40307, .adv_w = 288, .box_w = 16, .box_h = 16, .ofs_x = 1, .ofs_y = -2},
    {.bitmap_index = 40396, .adv_w = 288, .box_w = 16, .box_h = 19, .ofs_x = 1, .ofs_y = -3},
    {.bitmap_index = 40501, .adv_w = 288, .box_w = 17, .box_h = 16, .ofs_x = 0, .ofs_y = -2},
    {.bitmap_index = 40605, .adv_w = 288, .box_w = 17, .box_h = 17, .ofs_x = 0, .ofs_y = -3},
    {.bitmap_index = 40730, .adv_w = 288, .box_w = 18, .box_h = 17, .ofs_x = 0, .ofs_y = -2},
    {.bitmap_index = 40865, .adv_w = 288, .box_w = 18, .box_h = 16, .ofs_x = 0, .ofs_y = -2},
    {.bitmap_index = 40974, .adv_w = 288, .box_w = 18, .box_h = 16, .ofs_x = 0, .ofs_y = -2},
    {.bitmap_index = 41098, .adv_w = 288, .box_w = 18, .box_h = 17, .ofs_x = 0, .ofs_y = -2},
    {.bitmap_index = 41233, .adv_w = 288, .box_w = 18, .box_h = 18, .ofs_x = 0, .ofs_y = -3},
    {.bitmap_index = 41360, .adv_w = 288, .box_w = 18, .box_h = 17, .ofs_x = 0, .ofs_y = -2},
    {.bitmap_index = 41499, .adv_w = 288, .box_w = 3, .box_h = 6, .ofs_x = 2, .ofs_y = -3},
    {.bitmap_index = 41508, .adv_w = 288, .box_w = 3, .box_h = 7, .ofs_x = 3, .ofs_y = 0},
    {.bitmap_index = 41519, .adv_w = 288, .box_w = 3, .box_h = 10, .ofs_x = 3, .ofs_y = -3}
};

/*---------------------
 *  CHARACTER MAPPING
 *--------------------*/

static const uint16_t unicode_list_1[] = {
    0x0, 0xfe8, 0xfe9, 0x2de7, 0x2df1, 0x2df4, 0x2df5, 0x2e01,
    0x2e09, 0x2e14, 0x2e1b, 0x2e21, 0x2e73, 0x2e78, 0x2e8b, 0x2ea1,
    0x2eb4, 0x2eb5, 0x2ecb, 0x2ecc, 0x2edd, 0x2ee4, 0x2f00, 0x2f01,
    0x2f1b, 0x2f2d, 0x2f36, 0x2f3a, 0x2f66, 0x2f82, 0x2fc4, 0x2fc8,
    0x3043, 0x30b6, 0x312f, 0x3132, 0x314c, 0x314f, 0x3153, 0x315a,
    0x316c, 0x3173, 0x3174, 0x3180, 0x31ad, 0x31d4, 0x31e1, 0x31e2,
    0x31ed, 0x31ee, 0x31fe, 0x3202, 0x3204, 0x3207, 0x3217, 0x321d,
    0x321e, 0x3234, 0x3282, 0x3286, 0x3287, 0x3288, 0x328f, 0x32ec,
    0x32fd, 0x3320, 0x3321, 0x333c, 0x3347, 0x335a, 0x336d, 0x33a9,
    0x33b8, 0x33bd, 0x33ca, 0x33d1, 0x33d2, 0x33d6, 0x33d9, 0x33f3,
    0x33f4, 0x33f5, 0x33f8, 0x3402, 0x3412, 0x3413, 0x3416, 0x3463,
    0x3464, 0x3473, 0x34b4, 0x364f, 0x36c5, 0x36e1, 0x370f, 0x3717,
    0x3727, 0x3772, 0x3852, 0x38d7, 0x38eb, 0x38ee, 0x38f4, 0x38fd,
    0x3918, 0x391b, 0x39b2, 0x3a79, 0x3b3e, 0x3b3f, 0x3b70, 0x3b73,
    0x3b81, 0x3b85, 0x3bad, 0x3be0, 0x3bed, 0x3bf6, 0x3c01, 0x3c18,
    0x3c29, 0x3c36, 0x3dd9, 0x3dea, 0x3e1f, 0x3e3c, 0x3e5d, 0x3e7b,
    0x3ee1, 0x3ee7, 0x3ee9, 0x3eea, 0x3ef6, 0x3f3a, 0x3f3c, 0x3f49,
    0x3f6c, 0x3f95, 0x3fc0, 0x3fe8, 0x4049, 0x4056, 0x40ac, 0x41f7,
    0x41f8, 0x41fd, 0x421e, 0x4226, 0x423a, 0x424e, 0x4252, 0x4253,
    0x428c, 0x42b9, 0x42d0, 0x42e8, 0x42e9, 0x42ee, 0x42f0, 0x4349,
    0x4355, 0x438c, 0x438e, 0x43b7, 0x442b, 0x4494, 0x451d, 0x4525,
    0x452f, 0x4557, 0x456e, 0x4594, 0x4597, 0x45a0, 0x45c7, 0x45ce,
    0x45dd, 0x4616, 0x4625, 0x4669, 0x46db, 0x46e7, 0x46f0, 0x46f4,
    0x4706, 0x4711, 0x4713, 0x4721, 0x4746, 0x474c, 0x4766, 0x476b,
    0x4777, 0x4783, 0x47cc, 0x47ee, 0x4823, 0x482d, 0x48a7, 0x4b08,
    0x4b49, 0x4b4a, 0x4b4c, 0x4b9c, 0x4c29, 0x4c88, 0x4cbc, 0x4ccf,
    0x4d22, 0x4d28, 0x4d32, 0x4d6f, 0x4de2, 0x4dec, 0x4e77, 0x4ec8,
    0x50a0, 0x50d4, 0x522e, 0x5233, 0x5250, 0x529d, 0x53ed, 0x5506,
    0x550f, 0x5518, 0x551a, 0x551c, 0x5522, 0x566b, 0x56b8, 0x56df,
    0x56f2, 0x57cc, 0x57e8, 0x5855, 0x5921, 0x5968, 0x59a2, 0x59f2,
    0x59f4, 0x5a61, 0x5ab2, 0x5ad6, 0x5b30, 0x5b65, 0x5b88, 0x5c62,
    0x5ce2, 0x5ea6, 0x5eb6, 0x5eb8, 0x5eba, 0x5ec3, 0x5ec4, 0x5ec6,
    0x5ece, 0x5ed1, 0x5ed4, 0x5edb, 0x5efd, 0x5f38, 0x5f55, 0x602d,
    0x603b, 0x60e4, 0x61d1, 0x6259, 0x6296, 0x62a4, 0x639e, 0x6833,
    0x684f, 0x6892, 0x6968, 0x69ad, 0x69b9, 0x69ca, 0x6b89, 0x6b8b,
    0x6b97, 0x6b99, 0x6ba5, 0x6ba8, 0x6bad, 0x6bbc, 0x6bc4, 0x6bcd,
    0x6bd4, 0x6bdb, 0x6bde, 0x6c48, 0x6d0c, 0x6d2b, 0x6d5e, 0x6d6c,
    0x6d9a, 0x6dd6, 0x6e92, 0x6f64, 0x6f78, 0x6f7a, 0x6fa5, 0x6fae,
    0x6fb7, 0x6fb8, 0x6fbb, 0x6fc2, 0x6fc3, 0x6fc5, 0x6fe8, 0x6ff0,
    0x7001, 0x7022, 0x703a, 0x7134, 0x71b1, 0x71b4, 0x71b6, 0x748c,
    0x74e5, 0x7566, 0x75cf, 0x75d4, 0x75db, 0x75ec, 0x7606, 0x761d,
    0x764b, 0x76e7, 0x7740, 0x7749, 0x77da, 0x7860, 0x786b, 0x7878,
    0x78b5, 0x7a58, 0x7a73, 0x7e8d, 0x7ebf, 0xdef3, 0xdf01, 0xdf02
};

/*Collect the unicode lists and glyph_id offsets*/
static const lv_font_fmt_txt_cmap_t cmaps[] =
{
    {
        .range_start = 32, .range_length = 95, .glyph_id_start = 1,
        .unicode_list = NULL, .glyph_id_ofs_list = NULL, .list_length = 0, .type = LV_FONT_FMT_TXT_CMAP_FORMAT0_TINY
    },
    {
        .range_start = 8217, .range_length = 57091, .glyph_id_start = 96,
        .unicode_list = unicode_list_1, .glyph_id_ofs_list = NULL, .list_length = 344, .type = LV_FONT_FMT_TXT_CMAP_SPARSE_TINY
    }
};



/*--------------------
 *  ALL CUSTOM DATA
 *--------------------*/

#if LVGL_VERSION_MAJOR == 8
/*Store all the custom data of the font*/
static  lv_font_fmt_txt_glyph_cache_t cache;
#endif

#if LVGL_VERSION_MAJOR >= 8
static const lv_font_fmt_txt_dsc_t font_dsc = {
#else
static lv_font_fmt_txt_dsc_t font_dsc = {
#endif
    .glyph_bitmap = glyph_bitmap,
    .glyph_dsc = glyph_dsc,
    .cmaps = cmaps,
    .kern_dsc = NULL,
    .kern_scale = 0,
    .cmap_num = 2,
    .bpp = 4,
    .kern_classes = 0,
    .bitmap_format = 1,
#if LVGL_VERSION_MAJOR == 8
    .cache = &cache
#endif
};



/*-----------------
 *  PUBLIC FONT
 *----------------*/

/*Initialize a public general font descriptor*/
#if LVGL_VERSION_MAJOR >= 8
const lv_font_t lv_font_tirtc_s3_18 = {
#else
lv_font_t lv_font_tirtc_s3_18 = {
#endif
    .get_glyph_dsc = lv_font_get_glyph_dsc_fmt_txt,    /*Function pointer to get glyph's data*/
    .get_glyph_bitmap = lv_font_get_bitmap_fmt_txt,    /*Function pointer to get glyph's bitmap*/
    .line_height = 20,          /*The maximum line height required by the font*/
    .base_line = 3,             /*Baseline measured from the bottom of the line*/
#if !(LVGL_VERSION_MAJOR == 6 && LVGL_VERSION_MINOR == 0)
    .subpx = LV_FONT_SUBPX_NONE,
#endif
#if LV_VERSION_CHECK(7, 4, 0) || LVGL_VERSION_MAJOR >= 8
    .underline_position = -2,
    .underline_thickness = 1,
#endif
    .dsc = &font_dsc,          /*The custom font data. Will be accessed by `get_glyph_bitmap/dsc` */
#if LV_VERSION_CHECK(8, 2, 0) || LVGL_VERSION_MAJOR >= 9
    .fallback = NULL,
#endif
    .user_data = NULL,
};



#endif /*#if LV_FONT_TIRTC_S3_18*/
